{
"type": "FeatureCollection",
"name": "india_eez",
"crs": { "type": "name", "properties": { "name": "urn:ogc:def:crs:OGC:1.3:CRS84" } },
"features": [
{ "type": "Feature", "properties": { "id": "eez.232", "mrgid": 8480, "geoname": "Indian Exclusive Economic Zone", "mrgid_ter1": 2128, "pol_type": "200NM", "mrgid_sov1": 2128, "territory1": "India", "iso_ter1": "IND", "sovereign1": "India", "mrgid_ter2": null, "mrgid_sov2": null, "territory2": null, "iso_ter2": null, "sovereign2": null, "mrgid_ter3": null, "mrgid_sov3": null, "territory3": null, "iso_ter3": null, "sovereign3": null, "x_1": 76.08526, "y_1": 14.59807, "mrgid_eez": 8480, "area_km2": 1659500, "iso_sov1": "IND", "iso_sov2": null, "iso_sov3": null, "un_sov1": 356, "un_sov2": null, "un_sov3": null, "un_ter1": 356, "un_ter2": null, "un_ter3": null }, "geometry": { "type": "Polygon", "coordinates": [ [ [ 68.49754465, 23.49817085 ], [ 68.50045717, 23.49853992 ], [ 68.502090417399401, 23.5 ], [ 68.503661223377648, 23.5 ], [ 68.50401521, 23.49957502 ], [ 68.50067997, 23.49759841 ], [ 68.4991796, 23.49402106 ], [ 68.50787902, 23.49383211 ], [ 68.51516235, 23.49234402 ], [ 68.51483202, 23.49127316 ], [ 68.51319945, 23.49124098 ], [ 68.51404536, 23.48835278 ], [ 68.51248395, 23.48864722 ], [ 68.51324773, 23.48755336 ], [ 68.51691961, 23.4892174 ], [ 68.51752305, 23.48934293 ], [ 68.51899791, 23.48900616 ], [ 68.51909292, 23.48871565 ], [ 68.51720047, 23.48589885 ], [ 68.51339805, 23.48476708 ], [ 68.50998998, 23.48869705 ], [ 68.50492156, 23.48959017 ], [ 68.50245464, 23.49149382 ], [ 68.50007653, 23.4849143 ], [ 68.50113034, 23.48130345 ], [ 68.5006994, 23.47580194 ], [ 68.50475466, 23.4716742 ], [ 68.50673151, 23.47179747 ], [ 68.50838423, 23.47421277 ], [ 68.51118791, 23.47363365 ], [ 68.50994563, 23.47242618 ], [ 68.51059651, 23.47073162 ], [ 68.50922084, 23.46964216 ], [ 68.51210463, 23.46676028 ], [ 68.51151955, 23.46366978 ], [ 68.50822616, 23.46267104 ], [ 68.50481212, 23.46745002 ], [ 68.50235581, 23.4660356 ], [ 68.5025506, 23.46557558 ], [ 68.50604117, 23.46354234 ], [ 68.50859952, 23.45889056 ], [ 68.51078987, 23.45828521 ], [ 68.51065087, 23.45523655 ], [ 68.51327336, 23.45714843 ], [ 68.51168585, 23.45445454 ], [ 68.51321483, 23.45281374 ], [ 68.51543462, 23.45773184 ], [ 68.51923883, 23.45307863 ], [ 68.51854455, 23.45190084 ], [ 68.51981962, 23.45196831 ], [ 68.52092683, 23.45050406 ], [ 68.51880634, 23.4501456 ], [ 68.52126086, 23.44948125 ], [ 68.52157617, 23.44914901 ], [ 68.52095091, 23.44776297 ], [ 68.52240396, 23.44632304 ], [ 68.52330017, 23.4467113 ], [ 68.52472913, 23.44827044 ], [ 68.52483678, 23.44867885 ], [ 68.52486265, 23.4551692 ], [ 68.52132046, 23.45931435 ], [ 68.52122331, 23.45439923 ], [ 68.51862705, 23.45547736 ], [ 68.51617408, 23.46189106 ], [ 68.51709664, 23.46372294 ], [ 68.51955056, 23.45931995 ], [ 68.5176481, 23.46358848 ], [ 68.51751566, 23.46771622 ], [ 68.51658034, 23.46821833 ], [ 68.51618481, 23.46806705 ], [ 68.51534104, 23.46684134 ], [ 68.51468837, 23.46684527 ], [ 68.51293647, 23.46734154 ], [ 68.51265871, 23.4678117 ], [ 68.51223123, 23.47039056 ], [ 68.51259923, 23.47185588 ], [ 68.51463354, 23.46868098 ], [ 68.51519525, 23.46850467 ], [ 68.51543415, 23.46892464 ], [ 68.51632226, 23.47224295 ], [ 68.51632142, 23.47252941 ], [ 68.51575875, 23.47363198 ], [ 68.51427102, 23.47374988 ], [ 68.51428843, 23.47409344 ], [ 68.51518595, 23.47506475 ], [ 68.51625836, 23.47482193 ], [ 68.51928687, 23.47089493 ], [ 68.51978493, 23.46780145 ], [ 68.52183771, 23.46717572 ], [ 68.52129531, 23.46135581 ], [ 68.52579141, 23.45517826 ], [ 68.52666736, 23.45224595 ], [ 68.53105354, 23.44776475 ], [ 68.53011966, 23.44609058 ], [ 68.53502631, 23.43482375 ], [ 68.53518414, 23.43439031 ], [ 68.53470004, 23.43318605 ], [ 68.53546476, 23.43149364 ], [ 68.54085183, 23.42543197 ], [ 68.54038215, 23.42438853 ], [ 68.53757894, 23.42461896 ], [ 68.53720415, 23.42720282 ], [ 68.53412521, 23.43086112 ], [ 68.53489435, 23.42533088 ], [ 68.53400195, 23.42449725 ], [ 68.53635895, 23.42281151 ], [ 68.53598332, 23.42117834 ], [ 68.54324603, 23.42323613 ], [ 68.54639733, 23.42177105 ], [ 68.54671335, 23.42182004 ], [ 68.54752648, 23.4234153 ], [ 68.54847884, 23.42341316 ], [ 68.54917371, 23.42316175 ], [ 68.55042696, 23.42234123 ], [ 68.54819346, 23.4199841 ], [ 68.54781187, 23.41975081 ], [ 68.5439347, 23.42041266 ], [ 68.546314, 23.41754007 ], [ 68.54750907, 23.41640675 ], [ 68.55240452, 23.41496193 ], [ 68.5546875, 23.41629457 ], [ 68.5546875, 23.41657364 ], [ 68.55517638, 23.41695273 ], [ 68.55582714, 23.41818964 ], [ 68.55533886, 23.41974747 ], [ 68.55562961, 23.41988945 ], [ 68.55697834, 23.42025077 ], [ 68.55913103, 23.41998434 ], [ 68.56053245, 23.41869664 ], [ 68.56072295, 23.41822875 ], [ 68.56292367, 23.40415752 ], [ 68.56462514, 23.40049315 ], [ 68.56380892, 23.39378715 ], [ 68.56140065, 23.39465165 ], [ 68.56284046, 23.39121425 ], [ 68.56261265, 23.39095044 ], [ 68.56183064, 23.39124215 ], [ 68.55977607, 23.39524627 ], [ 68.55880535, 23.39566374 ], [ 68.55821824, 23.39524496 ], [ 68.55712605, 23.38967073 ], [ 68.55881548, 23.38701642 ], [ 68.55923223, 23.38662887 ], [ 68.56160545, 23.38599575 ], [ 68.56317246, 23.38248706 ], [ 68.56827247, 23.38109124 ], [ 68.56694043, 23.37984061 ], [ 68.56743836, 23.37890625 ], [ 68.56746817, 23.37843001 ], [ 68.57078385, 23.37522626 ], [ 68.57127798, 23.37518573 ], [ 68.57946324, 23.3759129 ], [ 68.58022773, 23.37613857 ], [ 68.58040071, 23.37624907 ], [ 68.58018935, 23.37890625 ], [ 68.57960367, 23.37890625 ], [ 68.57896352, 23.38134384 ], [ 68.57363713, 23.38637805 ], [ 68.5715996, 23.38647246 ], [ 68.57284927, 23.38280094 ], [ 68.56845784, 23.38794935 ], [ 68.5726577, 23.39171755 ], [ 68.57432282, 23.38987505 ], [ 68.57438195, 23.38796413 ], [ 68.57848752, 23.38591886 ], [ 68.57871234, 23.38793695 ], [ 68.58093357, 23.38967967 ], [ 68.58242667, 23.38737953 ], [ 68.58477998, 23.38652766 ], [ 68.5836277, 23.38599014 ], [ 68.58380926, 23.38322771 ], [ 68.58610594, 23.38250816 ], [ 68.5887475, 23.37961066 ], [ 68.58869004, 23.37890625 ], [ 68.59017432, 23.37557364 ], [ 68.59073818, 23.37497175 ], [ 68.59346604, 23.37430537 ], [ 68.59576941, 23.37065577 ], [ 68.59859705, 23.36892343 ], [ 68.60082185, 23.36334932 ], [ 68.59992814, 23.36156952 ], [ 68.60009956, 23.36118114 ], [ 68.60264146, 23.35911977 ], [ 68.60296917, 23.35910416 ], [ 68.60351205, 23.35976565 ], [ 68.60273325, 23.36155868 ], [ 68.60561454, 23.36314571 ], [ 68.60281885, 23.36703002 ], [ 68.60306942, 23.36985075 ], [ 68.59960484, 23.37349057 ], [ 68.60018766, 23.37705016 ], [ 68.59651422, 23.37842941 ], [ 68.5965836, 23.37890625 ], [ 68.59631574, 23.37890625 ], [ 68.59611523, 23.38185477 ], [ 68.59947813, 23.38457334 ], [ 68.60599923, 23.38066125 ], [ 68.60478055, 23.37890625 ], [ 68.60326421, 23.37730396 ], [ 68.6063776, 23.37647235 ], [ 68.60551071, 23.37527084 ], [ 68.60861862, 23.37362742 ], [ 68.60867977, 23.37061596 ], [ 68.61080074, 23.37006426 ], [ 68.61220205, 23.36748576 ], [ 68.61975014, 23.36501706 ], [ 68.61869347, 23.36416411 ], [ 68.61566973, 23.36542034 ], [ 68.61333036, 23.36476946 ], [ 68.61297965, 23.36162245 ], [ 68.61502016, 23.36175644 ], [ 68.61479414, 23.35891783 ], [ 68.61669743, 23.3574779 ], [ 68.61714721, 23.35733128 ], [ 68.62170768, 23.35766888 ], [ 68.62272358, 23.35052884 ], [ 68.6231209, 23.35025537 ], [ 68.62390673, 23.3500272 ], [ 68.62387216, 23.35233414 ], [ 68.62573135, 23.35375917 ], [ 68.62824893, 23.3511157 ], [ 68.63259673, 23.35200214 ], [ 68.63411474, 23.34779704 ], [ 68.63714206, 23.34642315 ], [ 68.63706613, 23.34361458 ], [ 68.63442337, 23.34093297 ], [ 68.63418746, 23.33922172 ], [ 68.63137364, 23.34231305 ], [ 68.62886763, 23.34302056 ], [ 68.62952042, 23.34388995 ], [ 68.62773061, 23.34471834 ], [ 68.62773335, 23.34644794 ], [ 68.62607813, 23.34621942 ], [ 68.62687814, 23.34428167 ], [ 68.62484813, 23.33939552 ], [ 68.62548637, 23.33696175 ], [ 68.62648976, 23.33586597 ], [ 68.6341809, 23.33406043 ], [ 68.63477516, 23.33160913 ], [ 68.63276362, 23.33132076 ], [ 68.6338135, 23.32934856 ], [ 68.63691163, 23.33153641 ], [ 68.63769901, 23.33111513 ], [ 68.63287711, 23.32388115 ], [ 68.63301492, 23.31905675 ], [ 68.63641334, 23.31653547 ], [ 68.64414907, 23.32273054 ], [ 68.64704216, 23.31496191 ], [ 68.64797461, 23.30838084 ], [ 68.64990473, 23.30467606 ], [ 68.65160704, 23.30493021 ], [ 68.65180135, 23.30480635 ], [ 68.65281034, 23.30275285 ], [ 68.65362632, 23.30254161 ], [ 68.6565057, 23.30287266 ], [ 68.65687287, 23.30334926 ], [ 68.65909195, 23.30989301 ], [ 68.65932357, 23.31386638 ], [ 68.65774405, 23.31963384 ], [ 68.65781915, 23.32008386 ], [ 68.65932298, 23.32161224 ], [ 68.65883791, 23.32278633 ], [ 68.66105032, 23.32377672 ], [ 68.66160882, 23.32392204 ], [ 68.66310656, 23.32285845 ], [ 68.66362083, 23.32288003 ], [ 68.66587007, 23.32341397 ], [ 68.6681391, 23.32543755 ], [ 68.66940141, 23.32422757 ], [ 68.66806734, 23.32285404 ], [ 68.66095865, 23.31968045 ], [ 68.66060984, 23.31048095 ], [ 68.65883541, 23.30348206 ], [ 68.66196251, 23.30548692 ], [ 68.66441393, 23.30274165 ], [ 68.66716886, 23.30410027 ], [ 68.6678822, 23.30279624 ], [ 68.6689254, 23.30558467 ], [ 68.67053461, 23.30629385 ], [ 68.67381787, 23.30356741 ], [ 68.67537451, 23.30797768 ], [ 68.67565763, 23.30569732 ], [ 68.6771183, 23.30501783 ], [ 68.67886055, 23.3064841 ], [ 68.67686045, 23.3081845 ], [ 68.67991567, 23.30803525 ], [ 68.68219697, 23.30669224 ], [ 68.68986845, 23.30880022 ], [ 68.69239295, 23.30828261 ], [ 68.69662726, 23.31042242 ], [ 68.69893467, 23.31347585 ], [ 68.70799673, 23.31466484 ], [ 68.70753658, 23.31295943 ], [ 68.71019435, 23.31246543 ], [ 68.71364367, 23.30531895 ], [ 68.71873081, 23.30427277 ], [ 68.71361423, 23.30423105 ], [ 68.71418798, 23.29975963 ], [ 68.72097695, 23.2968837 ], [ 68.72394443, 23.29690611 ], [ 68.72950184, 23.30039501 ], [ 68.7317152, 23.30680347 ], [ 68.73426366, 23.30864811 ], [ 68.73885012, 23.30907035 ], [ 68.74660623, 23.30548727 ], [ 68.74804497, 23.3068608 ], [ 68.75270367, 23.32096875 ], [ 68.75835812, 23.33022678 ], [ 68.75270033, 23.31738722 ], [ 68.75168824, 23.31012833 ], [ 68.74818397, 23.30373561 ], [ 68.745489, 23.30382132 ], [ 68.74033546, 23.30753481 ], [ 68.73579586, 23.30840111 ], [ 68.73310161, 23.30653751 ], [ 68.73176837, 23.3009479 ], [ 68.72954476, 23.297912 ], [ 68.72557235, 23.29570067 ], [ 68.7250421, 23.29553437 ], [ 68.72260118, 23.29517245 ], [ 68.71268594, 23.29709077 ], [ 68.70812583, 23.29920566 ], [ 68.70917416, 23.29983175 ], [ 68.70810151, 23.30233777 ], [ 68.70458138, 23.30505455 ], [ 68.69598973, 23.30710995 ], [ 68.68433034, 23.3005079 ], [ 68.68366683, 23.30030012 ], [ 68.67985666, 23.30075765 ], [ 68.67887974, 23.29941785 ], [ 68.67413271, 23.29987204 ], [ 68.66800392, 23.29876065 ], [ 68.65683377, 23.29472995 ], [ 68.65159881, 23.29443824 ], [ 68.64946878, 23.29602337 ], [ 68.64894354, 23.29628515 ], [ 68.64078104, 23.29631114 ], [ 68.63865602, 23.29526091 ], [ 68.63316405, 23.29590213 ], [ 68.62967157, 23.29488754 ], [ 68.62957644, 23.29061735 ], [ 68.63627362, 23.2724303 ], [ 68.63776791, 23.26910687 ], [ 68.64130962, 23.26640916 ], [ 68.64955163, 23.26918948 ], [ 68.65246165, 23.27134812 ], [ 68.65685856, 23.27197444 ], [ 68.66716003, 23.27123487 ], [ 68.67051446, 23.27255845 ], [ 68.67177474, 23.26999104 ], [ 68.66176224, 23.2678287 ], [ 68.6603384, 23.26660144 ], [ 68.66037464, 23.26274383 ], [ 68.65918732, 23.26142991 ], [ 68.64799523, 23.25748193 ], [ 68.64705205, 23.25537968 ], [ 68.64838135, 23.25381064 ], [ 68.64615965, 23.25322926 ], [ 68.64679468, 23.2526592 ], [ 68.64554465, 23.25074184 ], [ 68.64418125, 23.25162876 ], [ 68.64248848, 23.24973595 ], [ 68.63933003, 23.24952042 ], [ 68.64028776, 23.24778223 ], [ 68.64307904, 23.24713194 ], [ 68.64063334, 23.24468076 ], [ 68.6369065, 23.24634016 ], [ 68.63185334, 23.24540043 ], [ 68.62879026, 23.24675345 ], [ 68.62822485, 23.24553871 ], [ 68.63048565, 23.24469233 ], [ 68.63048124, 23.24293637 ], [ 68.62850738, 23.24434805 ], [ 68.62501681, 23.24298978 ], [ 68.61482084, 23.24225652 ], [ 68.60651505, 23.24350858 ], [ 68.60389388, 23.24254441 ], [ 68.60410845, 23.24220133 ], [ 68.60496831, 23.24180114 ], [ 68.60573697, 23.24053586 ], [ 68.60471106, 23.23926306 ], [ 68.60562944, 23.23758018 ], [ 68.60981977, 23.23388648 ], [ 68.61913824, 23.22001958 ], [ 68.61883402, 23.22507918 ], [ 68.62083554, 23.22457111 ], [ 68.62117422, 23.22277164 ], [ 68.62298036, 23.22542226 ], [ 68.62475026, 23.22594941 ], [ 68.62341654, 23.22299135 ], [ 68.62445331, 23.22078085 ], [ 68.62947083, 23.2243638 ], [ 68.63622606, 23.22388875 ], [ 68.62231815, 23.22781456 ], [ 68.62254083, 23.23130584 ], [ 68.62836444, 23.23144841 ], [ 68.62822103, 23.22860765 ], [ 68.62909865, 23.22830927 ], [ 68.62925744, 23.23127115 ], [ 68.64946747, 23.23785925 ], [ 68.65014994, 23.23983657 ], [ 68.65222704, 23.23910797 ], [ 68.65235972, 23.24066555 ], [ 68.64884746, 23.24108767 ], [ 68.64881635, 23.24248564 ], [ 68.65478504, 23.24411106 ], [ 68.65876067, 23.24413073 ], [ 68.65738344, 23.24163604 ], [ 68.65894628, 23.23793674 ], [ 68.65403712, 23.23894358 ], [ 68.65210342, 23.23758554 ], [ 68.65270305, 23.23621142 ], [ 68.64977396, 23.23623884 ], [ 68.65106738, 23.23465073 ], [ 68.64637125, 23.23393214 ], [ 68.64485562, 23.23012304 ], [ 68.63657415, 23.22354722 ], [ 68.63949776, 23.22215426 ], [ 68.63651121, 23.22044504 ], [ 68.63456452, 23.22168362 ], [ 68.63516891, 23.21967113 ], [ 68.62878692, 23.21754801 ], [ 68.63169384, 23.21551836 ], [ 68.63043463, 23.21309566 ], [ 68.62660706, 23.21605062 ], [ 68.61900938, 23.21657157 ], [ 68.61825836, 23.21919334 ], [ 68.61389685, 23.21714103 ], [ 68.6129961, 23.21868825 ], [ 68.60976076, 23.21776545 ], [ 68.60947764, 23.22061884 ], [ 68.60833061, 23.22101271 ], [ 68.60615635, 23.22061265 ], [ 68.60512161, 23.21912324 ], [ 68.60353196, 23.21981216 ], [ 68.60165274, 23.21883345 ], [ 68.59958744, 23.22358096 ], [ 68.60138357, 23.22745955 ], [ 68.59900236, 23.22946405 ], [ 68.60178363, 23.2314409 ], [ 68.59913814, 23.23479581 ], [ 68.59901226, 23.2400949 ], [ 68.59780216, 23.24022412 ], [ 68.59583247, 23.24020493 ], [ 68.59055603, 23.23833931 ], [ 68.59000707, 23.23807693 ], [ 68.5860759, 23.23482955 ], [ 68.58510542, 23.23317921 ], [ 68.58480203, 23.23199224 ], [ 68.58550894, 23.22942698 ], [ 68.58450377, 23.22812653 ], [ 68.58429456, 23.22473896 ], [ 68.58449471, 23.22399843 ], [ 68.58630288, 23.22055554 ], [ 68.59183395, 23.21413183 ], [ 68.59429872, 23.21209025 ], [ 68.60781646, 23.203125 ], [ 68.60802805, 23.203125 ], [ 68.61218977, 23.19840837 ], [ 68.61800361, 23.1948297 ], [ 68.62664688, 23.18571925 ], [ 68.63478506, 23.18436265 ], [ 68.63921761, 23.18172455 ], [ 68.64173806, 23.17815042 ], [ 68.64336896, 23.17308485 ], [ 68.64888823, 23.17036188 ], [ 68.65082753, 23.16703951 ], [ 68.65062535, 23.16522265 ], [ 68.65654504, 23.15505016 ], [ 68.66671503, 23.15281212 ], [ 68.67147875, 23.14687896 ], [ 68.67483747, 23.14646697 ], [ 68.67788494, 23.14351273 ], [ 68.68187022, 23.14167905 ], [ 68.67935777, 23.14155245 ], [ 68.67328274, 23.14368415 ], [ 68.66370773, 23.15082896 ], [ 68.66001523, 23.15137363 ], [ 68.65602243, 23.15357542 ], [ 68.64739525, 23.16498208 ], [ 68.64421213, 23.16644835 ], [ 68.64607048, 23.16709244 ], [ 68.63650918, 23.17216384 ], [ 68.63464916, 23.17196095 ], [ 68.63524461, 23.17601383 ], [ 68.63495624, 23.17651141 ], [ 68.63326693, 23.17738783 ], [ 68.63279235, 23.17739236 ], [ 68.63119483, 23.17680764 ], [ 68.63095725, 23.17652631 ], [ 68.63042641, 23.17445445 ], [ 68.6307584, 23.17368865 ], [ 68.63391805, 23.17080915 ], [ 68.64206493, 23.16492176 ], [ 68.64517844, 23.16365004 ], [ 68.65266848, 23.15522134 ], [ 68.65388596, 23.15410006 ], [ 68.65935051, 23.14988387 ], [ 68.66942155, 23.14426184 ], [ 68.68130374, 23.1388905 ], [ 68.71294308, 23.11870313 ], [ 68.72146761, 23.11144555 ], [ 68.72913182, 23.10704231 ], [ 68.74339116, 23.09615397 ], [ 68.74634242, 23.09218574 ], [ 68.75867271, 23.08105242 ], [ 68.76031077, 23.08001733 ], [ 68.76247752, 23.07888842 ], [ 68.78487122, 23.07307315 ], [ 68.80854344, 23.06057525 ], [ 68.81214643, 23.06054676 ], [ 68.81508326, 23.06333065 ], [ 68.81466067, 23.06707788 ], [ 68.81623745, 23.06291842 ], [ 68.81451404, 23.0592643 ], [ 68.81949115, 23.05757773 ], [ 68.82324612, 23.0545156 ], [ 68.82165217, 23.05450201 ], [ 68.81876326, 23.05671036 ], [ 68.81709325, 23.05629206 ], [ 68.83764768, 23.04246986 ], [ 68.84400046, 23.03984141 ], [ 68.86186266, 23.02990007 ], [ 68.86563838, 23.02734375 ], [ 68.86567342, 23.02734375 ], [ 68.87612045, 23.02039766 ], [ 68.90003967, 23.00664222 ], [ 68.90392756, 23.0053699 ], [ 68.90040445, 23.00847697 ], [ 68.90024126, 23.01090944 ], [ 68.90068448, 23.0108304 ], [ 68.90155804, 23.00880086 ], [ 68.90210021, 23.00829923 ], [ 68.90590072, 23.00623417 ], [ 68.90625, 23.00558031 ], [ 68.91217935, 22.99922335 ], [ 68.92749107, 22.99215245 ], [ 68.94088793, 22.98092568 ], [ 68.94603145, 22.97959495 ], [ 68.96023035, 22.97103024 ], [ 68.96457553, 22.97062254 ], [ 68.96494853, 22.96860421 ], [ 68.96873164, 22.96648371 ], [ 68.97064662, 22.96377313 ], [ 68.97968042, 22.96087921 ], [ 68.98754072, 22.95614982 ], [ 69.02026093, 22.94134796 ], [ 69.03349006, 22.93354166 ], [ 69.04453194, 22.92938006 ], [ 69.06044197, 22.91872513 ], [ 69.06667662, 22.91635454 ], [ 69.09943736, 22.89657867 ], [ 69.11385095, 22.88663328 ], [ 69.12918723, 22.87401652 ], [ 69.15108144, 22.86508954 ], [ 69.16090131, 22.86010802 ], [ 69.1679002, 22.85625672 ], [ 69.17363131, 22.8515625 ], [ 69.17377603, 22.8515625 ], [ 69.17621374, 22.85097182 ], [ 69.18045616, 22.84700108 ], [ 69.19029415, 22.84155703 ], [ 69.19530225, 22.84057641 ], [ 69.19769466, 22.83846498 ], [ 69.20171964, 22.84001815 ], [ 69.20732295, 22.84002805 ], [ 69.20838821, 22.83677447 ], [ 69.21860087, 22.83702385 ], [ 69.22248065, 22.83599734 ], [ 69.22727585, 22.83892024 ], [ 69.22834742, 22.84216797 ], [ 69.23030615, 22.84017265 ], [ 69.23096311, 22.83470595 ], [ 69.24738336, 22.82982862 ], [ 69.2578125, 22.82784593 ], [ 69.25879955, 22.82783794 ], [ 69.26701164, 22.82401454 ], [ 69.26734376, 22.8240118 ], [ 69.27352917, 22.82572484 ], [ 69.28555775, 22.82679665 ], [ 69.29934585, 22.83094347 ], [ 69.30111384, 22.83232021 ], [ 69.31869936, 22.83230484 ], [ 69.33505166, 22.82708323 ], [ 69.34311867, 22.82213151 ], [ 69.34817982, 22.82036054 ], [ 69.35083854, 22.82090616 ], [ 69.35280347, 22.82638395 ], [ 69.35565496, 22.82855797 ], [ 69.35399723, 22.8224864 ], [ 69.35149026, 22.81936061 ], [ 69.35231066, 22.81760335 ], [ 69.35586965, 22.82152104 ], [ 69.35992801, 22.82259595 ], [ 69.38509774, 22.81425381 ], [ 69.39058936, 22.81355035 ], [ 69.41946042, 22.79897034 ], [ 69.43024576, 22.79050875 ], [ 69.44292462, 22.7843703 ], [ 69.44639254, 22.78071213 ], [ 69.46013546, 22.77909768 ], [ 69.46928692, 22.77414143 ], [ 69.46980524, 22.7739408 ], [ 69.47285306, 22.77348506 ], [ 69.47348392, 22.77344906 ], [ 69.47739196, 22.77458215 ], [ 69.47924066, 22.77525794 ], [ 69.49193466, 22.78139782 ], [ 69.49244154, 22.78159034 ], [ 69.49385667, 22.78127325 ], [ 69.49332941, 22.78301287 ], [ 69.48918807, 22.78418565 ], [ 69.48715234, 22.78605974 ], [ 69.48318315, 22.78578818 ], [ 69.48520875, 22.7878772 ], [ 69.49073422, 22.78674102 ], [ 69.49350452, 22.78788805 ], [ 69.50906932, 22.78769815 ], [ 69.51581347, 22.79069173 ], [ 69.54435003, 22.78579128 ], [ 69.54975772, 22.78640914 ], [ 69.55205965, 22.79062414 ], [ 69.55511534, 22.79208326 ], [ 69.55622792, 22.79036355 ], [ 69.55566394, 22.78919911 ], [ 69.55240107, 22.78818643 ], [ 69.55289555, 22.78595305 ], [ 69.55308366, 22.78557837 ], [ 69.56144524, 22.77551687 ], [ 69.56380868, 22.77353323 ], [ 69.56847477, 22.77039015 ], [ 69.57212985, 22.76853275 ], [ 69.57803035, 22.76691735 ], [ 69.57894826, 22.76509881 ], [ 69.57927966, 22.76497495 ], [ 69.58141387, 22.76513183 ], [ 69.59806752, 22.75955725 ], [ 69.60100305, 22.75906157 ], [ 69.60190737, 22.76013935 ], [ 69.60867512, 22.76181924 ], [ 69.609375, 22.76255584 ], [ 69.609375, 22.76283467 ], [ 69.61021566, 22.76401532 ], [ 69.609375, 22.765625 ], [ 69.60922384, 22.76674104 ], [ 69.609375, 22.76674104 ], [ 69.609375, 22.76702011 ], [ 69.61334193, 22.76598513 ], [ 69.61724806, 22.76738656 ], [ 69.62119091, 22.76729107 ], [ 69.62160265, 22.7651062 ], [ 69.62654674, 22.76487994 ], [ 69.63003588, 22.76346302 ], [ 69.64119804, 22.76645827 ], [ 69.64127767, 22.76649666 ], [ 69.63513374, 22.77667844 ], [ 69.6349858, 22.77714896 ], [ 69.63454115, 22.78027534 ], [ 69.63688326, 22.78473771 ], [ 69.63685155, 22.7880764 ], [ 69.63363731, 22.7952044 ], [ 69.63727915, 22.78898144 ], [ 69.63718545, 22.78027344 ], [ 69.63872886, 22.77385604 ], [ 69.64291644, 22.76620686 ], [ 69.64300644, 22.76615512 ], [ 69.64529204, 22.76593936 ], [ 69.64567125, 22.76585793 ], [ 69.64720297, 22.76357281 ], [ 69.65082705, 22.76224732 ], [ 69.65872073, 22.75660217 ], [ 69.6592164, 22.75657523 ], [ 69.65937126, 22.75691235 ], [ 69.66386402, 22.76627624 ], [ 69.66448236, 22.77545381 ], [ 69.66669476, 22.77723014 ], [ 69.6670655, 22.7770406 ], [ 69.66587114, 22.76662755 ], [ 69.66258454, 22.75925756 ], [ 69.66263592, 22.75672662 ], [ 69.66305554, 22.75640285 ], [ 69.66420603, 22.75592232 ], [ 69.66664314, 22.75596094 ], [ 69.67294943, 22.75690472 ], [ 69.67339766, 22.75672293 ], [ 69.67681777, 22.75504208 ], [ 69.67916703, 22.75185585 ], [ 69.67972922, 22.75142741 ], [ 69.68216205, 22.75073922 ], [ 69.68302941, 22.75017166 ], [ 69.68693244, 22.74641621 ], [ 69.69356835, 22.74268484 ], [ 69.70611036, 22.74005175 ], [ 69.70665455, 22.73964274 ], [ 69.70574713, 22.73021746 ], [ 69.70321584, 22.7286725 ], [ 69.70324326, 22.72821081 ], [ 69.70499384, 22.72799003 ], [ 69.70990145, 22.72954285 ], [ 69.71034503, 22.72990143 ], [ 69.71007991, 22.73043215 ], [ 69.70703018, 22.73074877 ], [ 69.70768356, 22.73679543 ], [ 69.70853627, 22.73838294 ], [ 69.71385956, 22.73914695 ], [ 69.71383214, 22.74094415 ], [ 69.7163645, 22.74119997 ], [ 69.71526945, 22.74537432 ], [ 69.71569836, 22.74912274 ], [ 69.71430624, 22.75111115 ], [ 69.71964598, 22.75879383 ], [ 69.72034121, 22.76229036 ], [ 69.72410011, 22.76382887 ], [ 69.73115993, 22.77258205 ], [ 69.734694, 22.78105652 ], [ 69.73791182, 22.78131211 ], [ 69.74165845, 22.78551614 ], [ 69.74459267, 22.79227364 ], [ 69.74699295, 22.79370654 ], [ 69.74489546, 22.80003905 ], [ 69.74501097, 22.80394506 ], [ 69.75246787, 22.81936741 ], [ 69.75919044, 22.82391024 ], [ 69.76522565, 22.82554758 ], [ 69.77456105, 22.83065915 ], [ 69.77627516, 22.83221817 ], [ 69.77309525, 22.83132935 ], [ 69.77362502, 22.83359051 ], [ 69.79124057, 22.84414005 ], [ 69.7984122, 22.85053086 ], [ 69.80575585, 22.85170555 ], [ 69.81161344, 22.8526057 ], [ 69.81730175, 22.85223818 ], [ 69.84156406, 22.86396885 ], [ 69.85437107, 22.86796784 ], [ 69.85619926, 22.86730731 ], [ 69.86025596, 22.85953987 ], [ 69.86192822, 22.85829365 ], [ 69.85741937, 22.86883426 ], [ 69.86708426, 22.87272334 ], [ 69.86949313, 22.87142575 ], [ 69.87702417, 22.87213767 ], [ 69.88442767, 22.87046826 ], [ 69.88980401, 22.86665344 ], [ 69.8935256, 22.8655436 ], [ 69.90073574, 22.8650614 ], [ 69.90537286, 22.86613286 ], [ 69.90574884, 22.86624146 ], [ 69.9112457, 22.86942351 ], [ 69.91192114, 22.87263954 ], [ 69.91803944, 22.87279797 ], [ 69.93275452, 22.88412786 ], [ 69.93543065, 22.88707626 ], [ 69.93716204, 22.89289927 ], [ 69.95110631, 22.89287984 ], [ 69.95508075, 22.89428794 ], [ 69.95619535, 22.89592004 ], [ 69.95947111, 22.89430058 ], [ 69.95996904, 22.89428663 ], [ 69.9609375, 22.89481032 ], [ 69.98138535, 22.89818788 ], [ 69.98924065, 22.8998996 ], [ 69.9898442, 22.90004456 ], [ 69.99621475, 22.9028722 ], [ 70.00008571, 22.90310657 ], [ 70.00116253, 22.90008855 ], [ 70.00770927, 22.89933836 ], [ 70.0110085, 22.9020555 ], [ 70.01120818, 22.90029645 ], [ 70.01256955, 22.89963412 ], [ 70.01257074, 22.90092278 ], [ 70.01460588, 22.90093875 ], [ 70.01498008, 22.90198743 ], [ 70.01604235, 22.90048897 ], [ 70.01807821, 22.90140045 ], [ 70.01803565, 22.89933312 ], [ 70.01977944, 22.89926362 ], [ 70.02125371, 22.90148485 ], [ 70.02418673, 22.90137422 ], [ 70.02928007, 22.89857626 ], [ 70.03246832, 22.89541233 ], [ 70.03313243, 22.89673424 ], [ 70.03594017, 22.89757133 ], [ 70.04829228, 22.89930344 ], [ 70.05055225, 22.90204442 ], [ 70.05510235, 22.90422487 ], [ 70.06518316, 22.90353966 ], [ 70.07853985, 22.90672624 ], [ 70.08207405, 22.90638411 ], [ 70.08177495, 22.90860641 ], [ 70.08304608, 22.90895867 ], [ 70.08898175, 22.9076755 ], [ 70.09780526, 22.90767455 ], [ 70.10568225, 22.90910697 ], [ 70.11945856, 22.91685271 ], [ 70.12224674, 22.92018294 ], [ 70.13159478, 22.92413688 ], [ 70.1384325, 22.93150008 ], [ 70.13872528, 22.93242764 ], [ 70.13879645, 22.94109011 ], [ 70.13457465, 22.94335222 ], [ 70.11958885, 22.94498622 ], [ 70.11229682, 22.94944811 ], [ 70.10467994, 22.94031501 ], [ 70.1002351, 22.93815565 ], [ 70.09481144, 22.94539666 ], [ 70.09397197, 22.95051086 ], [ 70.09117377, 22.95237994 ], [ 70.09507573, 22.95095944 ], [ 70.09760237, 22.94293761 ], [ 70.10112357, 22.94186378 ], [ 70.10432267, 22.94235134 ], [ 70.10752964, 22.95021856 ], [ 70.10984063, 22.95227325 ], [ 70.11308408, 22.95237625 ], [ 70.12152088, 22.94734776 ], [ 70.12643147, 22.94666707 ], [ 70.12573922, 22.94944692 ], [ 70.11186147, 22.95912445 ], [ 70.11060786, 22.96310568 ], [ 70.11238468, 22.97239435 ], [ 70.11806846, 22.97703171 ], [ 70.12117791, 22.98132968 ], [ 70.12321591, 22.98202002 ], [ 70.12559116, 22.99314368 ], [ 70.12984145, 23.00013781 ], [ 70.13218987, 23.00329077 ], [ 70.14008307, 23.00874054 ], [ 70.14346564, 23.01744425 ], [ 70.14653802, 23.02124703 ], [ 70.15167797, 23.02470768 ], [ 70.15231335, 23.02734375 ], [ 70.15247846, 23.02734375 ], [ 70.15341926, 23.02943635 ], [ 70.15369058, 23.02734375 ], [ 70.15382755, 23.02734375 ], [ 70.15266764, 23.02402961 ], [ 70.14599204, 23.01684833 ], [ 70.14349985, 23.00907981 ], [ 70.13306844, 22.99989212 ], [ 70.12936926, 22.99237013 ], [ 70.12877035, 22.98938525 ], [ 70.12904561, 22.98867965 ], [ 70.13011432, 22.98718536 ], [ 70.13410687, 22.98489332 ], [ 70.12970304, 22.97687042 ], [ 70.12245226, 22.97229183 ], [ 70.12225425, 22.97195601 ], [ 70.11999154, 22.96540391 ], [ 70.11999154, 22.96482384 ], [ 70.12144434, 22.96197355 ], [ 70.12339497, 22.96065843 ], [ 70.12996292, 22.96145451 ], [ 70.13258243, 22.96061277 ], [ 70.14217007, 22.95203841 ], [ 70.14886332, 22.95055485 ], [ 70.15397704, 22.94669294 ], [ 70.15856564, 22.94600487 ], [ 70.16143584, 22.94284141 ], [ 70.16223097, 22.94262135 ], [ 70.16526544, 22.94352615 ], [ 70.16778457, 22.94703281 ], [ 70.17331886, 22.95040405 ], [ 70.17497194, 22.94999647 ], [ 70.17653215, 22.95110893 ], [ 70.1948806, 22.95004845 ], [ 70.19641745, 22.95108962 ], [ 70.19744825, 22.95009732 ], [ 70.2022171, 22.95070064 ], [ 70.20695531, 22.95148075 ], [ 70.21188951, 22.95275211 ], [ 70.21229732, 22.95288885 ], [ 70.2137866, 22.954916 ], [ 70.21560335, 22.95466387 ], [ 70.21606874, 22.95486808 ], [ 70.21929765, 22.95634472 ], [ 70.22489882, 22.95992076 ], [ 70.22517514, 22.96020031 ], [ 70.22508991, 22.96092784 ], [ 70.22446525, 22.96274531 ], [ 70.22058094, 22.96785581 ], [ 70.21099031, 22.97469056 ], [ 70.20631015, 22.97611165 ], [ 70.20257986, 22.97921312 ], [ 70.20079505, 22.98144507 ], [ 70.19962442, 22.98378098 ], [ 70.19811571, 22.98967004 ], [ 70.19800913, 22.99377835 ], [ 70.19587946, 22.99512267 ], [ 70.18857622, 22.99453163 ], [ 70.18693197, 22.99104798 ], [ 70.18630803, 22.99303293 ], [ 70.18774223, 22.99595416 ], [ 70.18959212, 22.99745965 ], [ 70.19789112, 22.99835086 ], [ 70.20099223, 22.99310875 ], [ 70.20323706, 22.98403847 ], [ 70.20654035, 22.97982144 ], [ 70.21576083, 22.97517395 ], [ 70.22656405, 22.96667612 ], [ 70.22800076, 22.96615756 ], [ 70.22937322, 22.96664453 ], [ 70.23005354, 22.97154856 ], [ 70.22937715, 22.97677302 ], [ 70.22915375, 22.97791743 ], [ 70.22521472, 22.98621714 ], [ 70.22504473, 22.98689127 ], [ 70.22581804, 22.99999034 ], [ 70.22569203, 23.00080252 ], [ 70.22051203, 23.02253735 ], [ 70.22123373, 23.02428472 ], [ 70.22253287, 23.02413487 ], [ 70.22317088, 23.02734375 ], [ 70.22370005, 23.02734375 ], [ 70.22358358, 23.03644085 ], [ 70.2214514, 23.03717375 ], [ 70.22046411, 23.03892624 ], [ 70.22232413, 23.04034197 ], [ 70.22235215, 23.04169095 ], [ 70.21991611, 23.04112804 ], [ 70.22057581, 23.04354656 ], [ 70.21940494, 23.04394615 ], [ 70.21892238, 23.04782224 ], [ 70.21734285, 23.05012834 ], [ 70.21937835, 23.06051815 ], [ 70.2175827, 23.06463707 ], [ 70.2119379, 23.07136214 ], [ 70.21154535, 23.08015776 ], [ 70.20777905, 23.08857834 ], [ 70.21511674, 23.09894311 ], [ 70.22487044, 23.10257804 ], [ 70.22531235, 23.10297775 ], [ 70.22854924, 23.10923553 ], [ 70.23047936, 23.11149824 ], [ 70.23711145, 23.1146934 ], [ 70.24009788, 23.12104845 ], [ 70.25084376, 23.13199842 ], [ 70.25385571, 23.13671875 ], [ 70.25670731, 23.13683283 ], [ 70.25327015, 23.13207757 ], [ 70.24500334, 23.12463415 ], [ 70.23917842, 23.11363995 ], [ 70.23540056, 23.11128104 ], [ 70.23457313, 23.10868943 ], [ 70.22736943, 23.10286212 ], [ 70.22652447, 23.09847796 ], [ 70.22240794, 23.09493363 ], [ 70.22126496, 23.09171402 ], [ 70.22897315, 23.09255958 ], [ 70.23842001, 23.09758365 ], [ 70.25021017, 23.09908116 ], [ 70.25444031, 23.10318732 ], [ 70.26289892, 23.10698557 ], [ 70.26543426, 23.11113572 ], [ 70.26558697, 23.11399806 ], [ 70.26814902, 23.11738443 ], [ 70.27980185, 23.11861587 ], [ 70.28570247, 23.12084425 ], [ 70.2906239, 23.12780654 ], [ 70.3016206, 23.13332546 ], [ 70.30318952, 23.13372028 ], [ 70.30401063, 23.13361704 ], [ 70.30445611, 23.13272023 ], [ 70.30441093, 23.13227105 ], [ 70.30404091, 23.13187146 ], [ 70.29577041, 23.12586236 ], [ 70.29178655, 23.12432468 ], [ 70.29141438, 23.12405884 ], [ 70.28598225, 23.11805403 ], [ 70.28156924, 23.11584175 ], [ 70.28113735, 23.11532891 ], [ 70.27677023, 23.10865295 ], [ 70.27626145, 23.10299826 ], [ 70.27919495, 23.1023736 ], [ 70.28505206, 23.10711324 ], [ 70.28988338, 23.1085726 ], [ 70.29382861, 23.11152518 ], [ 70.30652094, 23.11151135 ], [ 70.3125, 23.11607134 ], [ 70.33351433, 23.11792195 ], [ 70.33354545, 23.11695278 ], [ 70.33397615, 23.11674047 ], [ 70.33724916, 23.11586881 ], [ 70.3375535, 23.11597133 ], [ 70.34027195, 23.11829376 ], [ 70.34630573, 23.11998618 ], [ 70.34770071, 23.12097991 ], [ 70.34806705, 23.12182784 ], [ 70.34573913, 23.12246203 ], [ 70.3484894, 23.12279344 ], [ 70.35083854, 23.12444186 ], [ 70.35671091, 23.13032496 ], [ 70.35909092, 23.13773084 ], [ 70.36698222, 23.15387082 ], [ 70.37059343, 23.15696871 ], [ 70.37206507, 23.1576153 ], [ 70.38473594, 23.1573956 ], [ 70.38976777, 23.15919554 ], [ 70.38995647, 23.16206431 ], [ 70.39286363, 23.16040575 ], [ 70.40071452, 23.16207993 ], [ 70.42185164, 23.16148865 ], [ 70.42852044, 23.16654813 ], [ 70.43814015, 23.17211807 ], [ 70.43993807, 23.17256355 ], [ 70.44291437, 23.17198873 ], [ 70.44355285, 23.1732316 ], [ 70.44719446, 23.17280293 ], [ 70.44941843, 23.17139196 ], [ 70.45220494, 23.17154491 ], [ 70.45265782, 23.1713984 ], [ 70.45574915, 23.16952658 ], [ 70.45795608, 23.16766965 ], [ 70.4651103, 23.15916753 ], [ 70.46735764, 23.15953755 ], [ 70.47616804, 23.15629745 ], [ 70.48997664, 23.15325427 ], [ 70.49352658, 23.15469956 ], [ 70.49740553, 23.16615236 ], [ 70.50261807, 23.17035985 ], [ 70.50634491, 23.17156637 ], [ 70.51295054, 23.17156637 ], [ 70.52347577, 23.16943634 ], [ 70.52761483, 23.17045033 ], [ 70.54185343, 23.17039061 ], [ 70.55417025, 23.16887534 ], [ 70.56423533, 23.17291951 ], [ 70.57432127, 23.17547274 ], [ 70.60022962, 23.17636907 ], [ 70.61274445, 23.17608595 ], [ 70.61226571, 23.17066276 ], [ 70.61679351, 23.16915905 ], [ 70.62717533, 23.17078841 ], [ 70.62997985, 23.17319691 ], [ 70.63137806, 23.17160344 ], [ 70.63449132, 23.17164505 ], [ 70.63549232, 23.16988635 ], [ 70.61577415, 23.16720307 ], [ 70.59276438, 23.16793907 ], [ 70.57737255, 23.16604555 ], [ 70.5645262, 23.16598606 ], [ 70.56120276, 23.16487002 ], [ 70.55950296, 23.16336501 ], [ 70.55456424, 23.15779543 ], [ 70.55078781, 23.14804816 ], [ 70.55543375, 23.1462357 ], [ 70.55852318, 23.14625394 ], [ 70.55754483, 23.14460313 ], [ 70.55331278, 23.14461207 ], [ 70.54974282, 23.14270592 ], [ 70.54390204, 23.13709581 ], [ 70.53528786, 23.13150167 ], [ 70.52844048, 23.12419212 ], [ 70.51388061, 23.11668563 ], [ 70.50650716, 23.11025643 ], [ 70.49669445, 23.09159565 ], [ 70.49108148, 23.06230962 ], [ 70.49093604, 23.06183553 ], [ 70.47722864, 23.02734375 ], [ 70.47083771, 23.01069725 ], [ 70.46253824, 22.99940133 ], [ 70.45594716, 22.98695135 ], [ 70.45388961, 22.98456502 ], [ 70.44231784, 22.97639954 ], [ 70.44182491, 22.97613657 ], [ 70.43753433, 22.97496414 ], [ 70.43807638, 22.97465456 ], [ 70.44407403, 22.97565162 ], [ 70.44452596, 22.97600865 ], [ 70.45644796, 22.98263347 ], [ 70.46326685, 22.98414564 ], [ 70.46673346, 22.98619318 ], [ 70.46720183, 22.98650825 ], [ 70.47984445, 23.00107741 ], [ 70.49499476, 23.01279604 ], [ 70.50738764, 23.01777947 ], [ 70.51187801, 23.02199221 ], [ 70.51673245, 23.02448845 ], [ 70.51706445, 23.02462018 ], [ 70.52393246, 23.02687836 ], [ 70.52459455, 23.02699316 ], [ 70.53088915, 23.02705026 ], [ 70.53082597, 23.02734375 ], [ 70.53071106, 23.02734375 ], [ 70.52638841, 23.03157306 ], [ 70.52589583, 23.03251553 ], [ 70.52589631, 23.03527725 ], [ 70.52692592, 23.03721261 ], [ 70.53290892, 23.03791678 ], [ 70.54478311, 23.03495288 ], [ 70.55340946, 23.03737164 ], [ 70.55459166, 23.03688765 ], [ 70.55458045, 23.03616142 ], [ 70.55422652, 23.03560054 ], [ 70.54790628, 23.03272152 ], [ 70.52955854, 23.03611386 ], [ 70.52953374, 23.03273904 ], [ 70.53248572, 23.02940416 ], [ 70.53280246, 23.0288769 ], [ 70.53283274, 23.02734375 ], [ 70.53169811, 23.02395534 ], [ 70.53124213, 23.02376056 ], [ 70.52393484, 23.02449095 ], [ 70.51654232, 23.02275574 ], [ 70.51604104, 23.02254915 ], [ 70.50455534, 23.01368475 ], [ 70.49744976, 23.01052725 ], [ 70.4902631, 23.00275457 ], [ 70.47835088, 22.99273098 ], [ 70.47100246, 22.98239255 ], [ 70.45234585, 22.97371185 ], [ 70.45214605, 22.97324574 ], [ 70.4521476, 22.97238314 ], [ 70.45266592, 22.97127354 ], [ 70.45333087, 22.97105932 ], [ 70.45890212, 22.97056603 ], [ 70.46284521, 22.97073245 ], [ 70.48003173, 22.97949028 ], [ 70.48061824, 22.97925055 ], [ 70.48143208, 22.97756493 ], [ 70.47931111, 22.97479665 ], [ 70.46765125, 22.96739614 ], [ 70.46738565, 22.96727741 ], [ 70.46161115, 22.96515214 ], [ 70.45133841, 22.96512282 ], [ 70.44637156, 22.96408653 ], [ 70.45893466, 22.95911002 ], [ 70.45881784, 22.95745838 ], [ 70.4446789, 22.9617269 ], [ 70.44351363, 22.96075296 ], [ 70.44347596, 22.95987415 ], [ 70.44494295, 22.95853984 ], [ 70.45136821, 22.95599091 ], [ 70.45813751, 22.95064485 ], [ 70.46414804, 22.94945347 ], [ 70.47365928, 22.94409847 ], [ 70.47591901, 22.94059873 ], [ 70.48249221, 22.93696785 ], [ 70.49027395, 22.93505216 ], [ 70.49776995, 22.93467593 ], [ 70.49748862, 22.93359602 ], [ 70.49074626, 22.93334424 ], [ 70.4834758, 22.93489766 ], [ 70.48154092, 22.92463493 ], [ 70.48385966, 22.91336441 ], [ 70.47724485, 22.90500045 ], [ 70.47688973, 22.90088785 ], [ 70.47365332, 22.89429677 ], [ 70.47365653, 22.89374161 ], [ 70.47453535, 22.88800883 ], [ 70.47265446, 22.87741041 ], [ 70.47118783, 22.87341225 ], [ 70.46921325, 22.87182474 ], [ 70.46756935, 22.87203062 ], [ 70.46699953, 22.86909175 ], [ 70.46516716, 22.86977816 ], [ 70.46606255, 22.86656773 ], [ 70.46341693, 22.86282921 ], [ 70.46460295, 22.86133075 ], [ 70.46313655, 22.86069155 ], [ 70.46079862, 22.85344875 ], [ 70.46183085, 22.8515625 ], [ 70.45529604, 22.84489596 ], [ 70.45048285, 22.84455466 ], [ 70.45010078, 22.84581125 ], [ 70.45305645, 22.84658551 ], [ 70.45850575, 22.8515625 ], [ 70.45883465, 22.85228002 ], [ 70.46112275, 22.85836303 ], [ 70.46138334, 22.86426115 ], [ 70.46149552, 22.86465156 ], [ 70.46301031, 22.86732185 ], [ 70.46458185, 22.86668003 ], [ 70.46457481, 22.87040496 ], [ 70.46716332, 22.87729275 ], [ 70.46992552, 22.89063513 ], [ 70.46979821, 22.89068866 ], [ 70.46828425, 22.89113736 ], [ 70.46199048, 22.88912821 ], [ 70.4589529, 22.88579452 ], [ 70.4564296, 22.88485146 ], [ 70.45377111, 22.88507426 ], [ 70.44724297, 22.88797724 ], [ 70.44485021, 22.88939858 ], [ 70.44442952, 22.89057517 ], [ 70.44490111, 22.89569712 ], [ 70.45006156, 22.90360975 ], [ 70.45414615, 22.91616392 ], [ 70.4490993, 22.92089844 ], [ 70.44752133, 22.92600298 ], [ 70.44611347, 22.92716086 ], [ 70.44123745, 22.92718506 ], [ 70.43708014, 22.92415392 ], [ 70.43275344, 22.92415977 ], [ 70.43007457, 22.92497754 ], [ 70.42531216, 22.93126202 ], [ 70.42327523, 22.93211472 ], [ 70.42257321, 22.93198848 ], [ 70.42135262, 22.93130624 ], [ 70.41773832, 22.92684352 ], [ 70.41777897, 22.92609787 ], [ 70.42235196, 22.91675878 ], [ 70.42384565, 22.91285455 ], [ 70.42441785, 22.90908277 ], [ 70.42929351, 22.90793312 ], [ 70.43080747, 22.90581775 ], [ 70.43089104, 22.90141118 ], [ 70.42516375, 22.89415598 ], [ 70.42255115, 22.8865447 ], [ 70.42073584, 22.88710701 ], [ 70.42658317, 22.90442347 ], [ 70.42338443, 22.90830636 ], [ 70.42159224, 22.91560304 ], [ 70.42139375, 22.91591907 ], [ 70.41785884, 22.92055392 ], [ 70.41757774, 22.92074156 ], [ 70.41402924, 22.92237341 ], [ 70.41291857, 22.92267692 ], [ 70.41263211, 22.92231512 ], [ 70.4132663, 22.91798687 ], [ 70.40990984, 22.92042053 ], [ 70.40955687, 22.91901135 ], [ 70.40738416, 22.91775727 ], [ 70.38802934, 22.90950656 ], [ 70.38478661, 22.9093219 ], [ 70.38473225, 22.90925205 ], [ 70.35697305, 22.87208962 ], [ 70.35383844, 22.87051487 ], [ 70.35303402, 22.86523867 ], [ 70.34459782, 22.8515625 ], [ 70.34454262, 22.8515625 ], [ 70.34426045, 22.85095787 ], [ 70.34124935, 22.8483994 ], [ 70.33826828, 22.84076226 ], [ 70.33762193, 22.83881557 ], [ 70.33740711, 22.83485925 ], [ 70.33904552, 22.83114922 ], [ 70.33873963, 22.82771957 ], [ 70.33533216, 22.82397556 ], [ 70.33557045, 22.82255948 ], [ 70.33295107, 22.82188332 ], [ 70.33078826, 22.81745243 ], [ 70.33115125, 22.81547666 ], [ 70.32742202, 22.81379235 ], [ 70.32567644, 22.81028664 ], [ 70.32417154, 22.80996537 ], [ 70.32545173, 22.80696774 ], [ 70.32346082, 22.80275261 ], [ 70.32115173, 22.80743182 ], [ 70.3184762, 22.80465746 ], [ 70.31708956, 22.80173624 ], [ 70.31647635, 22.79885721 ], [ 70.32083416, 22.79853404 ], [ 70.32022524, 22.79673982 ], [ 70.3125, 22.79575884 ], [ 70.31133294, 22.79625523 ], [ 70.30936766, 22.79532874 ], [ 70.30937695, 22.79503608 ], [ 70.31084967, 22.79368532 ], [ 70.30974793, 22.79195654 ], [ 70.31168711, 22.79095483 ], [ 70.31300545, 22.78561413 ], [ 70.31092036, 22.78662646 ], [ 70.30751896, 22.78394127 ], [ 70.30720723, 22.78240132 ], [ 70.30045855, 22.7780199 ], [ 70.30601656, 22.78003621 ], [ 70.30646634, 22.78004956 ], [ 70.30699384, 22.77837861 ], [ 70.30702496, 22.77750766 ], [ 70.30578935, 22.77473414 ], [ 70.30383253, 22.77235997 ], [ 70.30044055, 22.77025723 ], [ 70.30424511, 22.76855743 ], [ 70.30548143, 22.76653981 ], [ 70.30440545, 22.76507366 ], [ 70.30222857, 22.76647544 ], [ 70.30308425, 22.76568615 ], [ 70.30202126, 22.76188326 ], [ 70.30304766, 22.7581501 ], [ 70.30141067, 22.75771725 ], [ 70.30145025, 22.75995707 ], [ 70.29931057, 22.75665617 ], [ 70.29830492, 22.75704193 ], [ 70.29920352, 22.7538861 ], [ 70.29728365, 22.75332141 ], [ 70.29685998, 22.75172245 ], [ 70.29441082, 22.75245512 ], [ 70.2949028, 22.75041687 ], [ 70.29326475, 22.74856603 ], [ 70.28632605, 22.74709225 ], [ 70.28258133, 22.74843621 ], [ 70.28363991, 22.74685013 ], [ 70.28885436, 22.74641907 ], [ 70.28569436, 22.74253321 ], [ 70.28220892, 22.74001801 ], [ 70.28075063, 22.74032915 ], [ 70.27966356, 22.73780417 ], [ 70.27579856, 22.73427558 ], [ 70.27578747, 22.7310549 ], [ 70.27389622, 22.73316777 ], [ 70.27070737, 22.73301101 ], [ 70.26939797, 22.73401153 ], [ 70.26991367, 22.73507273 ], [ 70.26733947, 22.73699605 ], [ 70.26444316, 22.73617804 ], [ 70.26459146, 22.73800075 ], [ 70.26285315, 22.73681283 ], [ 70.26090264, 22.73195505 ], [ 70.26176751, 22.72940278 ], [ 70.26040804, 22.73091662 ], [ 70.25576174, 22.73017085 ], [ 70.25410163, 22.73339653 ], [ 70.25309742, 22.7331742 ], [ 70.25552845, 22.72882247 ], [ 70.25335288, 22.72993827 ], [ 70.25439978, 22.72752643 ], [ 70.25129485, 22.72565627 ], [ 70.25151992, 22.72447944 ], [ 70.25343275, 22.72399676 ], [ 70.25526392, 22.72613502 ], [ 70.25777411, 22.72682655 ], [ 70.25865805, 22.72503996 ], [ 70.25800455, 22.72372031 ], [ 70.25506806, 22.72396266 ], [ 70.25543058, 22.72222185 ], [ 70.25363207, 22.71973777 ], [ 70.25499976, 22.71549845 ], [ 70.25356495, 22.71360433 ], [ 70.25521565, 22.71220696 ], [ 70.25488293, 22.70626748 ], [ 70.25272536, 22.70491731 ], [ 70.25057304, 22.7056905 ], [ 70.24950457, 22.70493555 ], [ 70.24889958, 22.71204233 ], [ 70.24225116, 22.70838535 ], [ 70.24107003, 22.70416784 ], [ 70.24390495, 22.7064836 ], [ 70.24493134, 22.70569575 ], [ 70.2428472, 22.70343316 ], [ 70.23852503, 22.70135236 ], [ 70.23915136, 22.69588804 ], [ 70.24485338, 22.69658434 ], [ 70.25169504, 22.69556546 ], [ 70.25262153, 22.69437051 ], [ 70.25071454, 22.69467604 ], [ 70.25072956, 22.69395816 ], [ 70.25315106, 22.69266677 ], [ 70.25214493, 22.69087172 ], [ 70.25042915, 22.6912899 ], [ 70.24923682, 22.69062042 ], [ 70.25090504, 22.69004846 ], [ 70.24845231, 22.68948412 ], [ 70.24984646, 22.68867421 ], [ 70.24901104, 22.68432045 ], [ 70.24508822, 22.68201435 ], [ 70.24471903, 22.67853642 ], [ 70.24231935, 22.67970192 ], [ 70.24211848, 22.68150222 ], [ 70.23868883, 22.67765105 ], [ 70.24115956, 22.67578125 ], [ 70.24122095, 22.67578125 ], [ 70.24259305, 22.67485702 ], [ 70.24484527, 22.67578125 ], [ 70.24404633, 22.67448831 ], [ 70.24525344, 22.67428744 ], [ 70.24670064, 22.67170572 ], [ 70.24666154, 22.67130411 ], [ 70.24624705, 22.67092586 ], [ 70.24469864, 22.67209733 ], [ 70.24528515, 22.66967905 ], [ 70.24171126, 22.66931474 ], [ 70.24111927, 22.66864967 ], [ 70.24040484, 22.66603363 ], [ 70.24047816, 22.66559315 ], [ 70.24318886, 22.66280293 ], [ 70.23495913, 22.65977788 ], [ 70.23595905, 22.65624571 ], [ 70.23409045, 22.65503836 ], [ 70.22917473, 22.65711618 ], [ 70.22987235, 22.65410221 ], [ 70.23231328, 22.65145731 ], [ 70.23390627, 22.65250027 ], [ 70.23513806, 22.64997733 ], [ 70.23501825, 22.64966691 ], [ 70.23420012, 22.64909995 ], [ 70.23205853, 22.64932871 ], [ 70.23226011, 22.65014315 ], [ 70.23074496, 22.64948297 ], [ 70.23015583, 22.64570785 ], [ 70.22842455, 22.64587498 ], [ 70.22551155, 22.64242804 ], [ 70.22586381, 22.63977385 ], [ 70.21966946, 22.63729346 ], [ 70.21948516, 22.63896394 ], [ 70.21878052, 22.6381371 ], [ 70.21619773, 22.64075315 ], [ 70.21566343, 22.63944805 ], [ 70.21784496, 22.63663173 ], [ 70.21382844, 22.63411725 ], [ 70.21524251, 22.63341427 ], [ 70.21635008, 22.63460672 ], [ 70.21852636, 22.63356495 ], [ 70.21980596, 22.63442767 ], [ 70.22001195, 22.62955725 ], [ 70.21815717, 22.62997878 ], [ 70.21624446, 22.62758172 ], [ 70.21418214, 22.62769473 ], [ 70.21359718, 22.62969017 ], [ 70.21314263, 22.62992537 ], [ 70.21180797, 22.62971985 ], [ 70.21082163, 22.62906218 ], [ 70.21275461, 22.62623024 ], [ 70.21277535, 22.62568045 ], [ 70.21176565, 22.62338614 ], [ 70.21044421, 22.62319708 ], [ 70.20993853, 22.62483394 ], [ 70.20843101, 22.62510657 ], [ 70.20924437, 22.62244034 ], [ 70.20847726, 22.62170315 ], [ 70.20204902, 22.61960244 ], [ 70.20195258, 22.61840928 ], [ 70.19949555, 22.61712194 ], [ 70.19935656, 22.61523807 ], [ 70.19775331, 22.6167773 ], [ 70.19756067, 22.61655545 ], [ 70.19848275, 22.61290896 ], [ 70.19548738, 22.61274326 ], [ 70.19531298, 22.61258411 ], [ 70.19533491, 22.61064744 ], [ 70.19550705, 22.61050785 ], [ 70.19749236, 22.61125445 ], [ 70.19883597, 22.61067617 ], [ 70.19940341, 22.60998893 ], [ 70.198807, 22.60647106 ], [ 70.20228112, 22.60767555 ], [ 70.2030822, 22.60546052 ], [ 70.2016474, 22.60436893 ], [ 70.20063531, 22.60551143 ], [ 70.19994044, 22.60351825 ], [ 70.19861352, 22.60528004 ], [ 70.19641936, 22.60469937 ], [ 70.19579494, 22.60574305 ], [ 70.19444704, 22.60332072 ], [ 70.19589186, 22.60201585 ], [ 70.19425845, 22.60174024 ], [ 70.19476581, 22.59890103 ], [ 70.19325948, 22.59785616 ], [ 70.19402623, 22.59345961 ], [ 70.19292176, 22.5866189 ], [ 70.19405067, 22.58616543 ], [ 70.19510412, 22.58900571 ], [ 70.19587004, 22.58743668 ], [ 70.19437444, 22.58316445 ], [ 70.18821347, 22.58502614 ], [ 70.18851793, 22.58391881 ], [ 70.18610251, 22.58094513 ], [ 70.18375945, 22.58022082 ], [ 70.18251705, 22.5751276 ], [ 70.18083501, 22.57511187 ], [ 70.17972457, 22.57154048 ], [ 70.17581665, 22.56886792 ], [ 70.17488074, 22.56265593 ], [ 70.17237032, 22.56034231 ], [ 70.17160356, 22.55736303 ], [ 70.16703224, 22.55505824 ], [ 70.16429734, 22.55205631 ], [ 70.16214323, 22.55141413 ], [ 70.15499938, 22.5532341 ], [ 70.14786172, 22.55322075 ], [ 70.14416933, 22.55184567 ], [ 70.14339435, 22.54940295 ], [ 70.14046955, 22.55025268 ], [ 70.13745844, 22.54800665 ], [ 70.12435174, 22.54729736 ], [ 70.12180305, 22.5455271 ], [ 70.11702847, 22.54792666 ], [ 70.10584402, 22.54580474 ], [ 70.10104775, 22.54684424 ], [ 70.09106255, 22.54628563 ], [ 70.08618462, 22.54468632 ], [ 70.08159161, 22.54768252 ], [ 70.07214344, 22.54987156 ], [ 70.06800687, 22.54882812 ], [ 70.06472254, 22.54662454 ], [ 70.05986798, 22.55082774 ], [ 70.04845226, 22.55419755 ], [ 70.0439049, 22.55665755 ], [ 70.03992617, 22.56285274 ], [ 70.04027665, 22.55884135 ], [ 70.03696954, 22.55890894 ], [ 70.03471208, 22.55738175 ], [ 70.03349805, 22.55620861 ], [ 70.03105092, 22.55254877 ], [ 70.03043711, 22.55147946 ], [ 70.02946937, 22.54452157 ], [ 70.02313292, 22.53970504 ], [ 70.02260721, 22.5396409 ], [ 70.02237773, 22.54031193 ], [ 70.02354276, 22.54283941 ], [ 70.02828264, 22.54681313 ], [ 70.02842784, 22.54915166 ], [ 70.02645075, 22.55059385 ], [ 70.02598608, 22.55065525 ], [ 70.02444375, 22.55043042 ], [ 70.0197829, 22.54667044 ], [ 70.01515996, 22.54662538 ], [ 70.01060307, 22.54848385 ], [ 70.0046277, 22.54629827 ], [ 70.00374722, 22.54408824 ], [ 70.00227356, 22.54653955 ], [ 69.99945712, 22.54707563 ], [ 69.97580707, 22.54265106 ], [ 69.97546911, 22.54249656 ], [ 69.97526765, 22.54180968 ], [ 69.97675264, 22.54110718 ], [ 69.98384964, 22.54272592 ], [ 69.98568785, 22.54114854 ], [ 69.98565936, 22.53872311 ], [ 69.98277414, 22.53484905 ], [ 69.98166037, 22.53521156 ], [ 69.98460865, 22.53870595 ], [ 69.98472965, 22.53933096 ], [ 69.98409498, 22.54151726 ], [ 69.98343182, 22.5417273 ], [ 69.97965765, 22.54026175 ], [ 69.97228575, 22.54042804 ], [ 69.96439874, 22.53781354 ], [ 69.96327436, 22.53729534 ], [ 69.9609375, 22.53543532 ], [ 69.9609375, 22.53515625 ], [ 69.95388055, 22.5298779 ], [ 69.94630647, 22.52841103 ], [ 69.94732261, 22.5197705 ], [ 69.94597912, 22.51970017 ], [ 69.94452322, 22.51743627 ], [ 69.94440401, 22.51691937 ], [ 69.94494522, 22.51496494 ], [ 69.94976056, 22.51207125 ], [ 69.95171738, 22.50913966 ], [ 69.95588887, 22.50815785 ], [ 69.95632064, 22.50815284 ], [ 69.95840406, 22.50959825 ], [ 69.95876133, 22.50934792 ], [ 69.95902085, 22.50892043 ], [ 69.95900154, 22.50837255 ], [ 69.95573223, 22.50467527 ], [ 69.95731306, 22.5 ], [ 69.95762086, 22.5 ], [ 69.95725632, 22.49539983 ], [ 69.95700777, 22.49525464 ], [ 69.95641482, 22.5 ], [ 69.95610487, 22.5 ], [ 69.95515215, 22.50375664 ], [ 69.94813347, 22.50702703 ], [ 69.94299924, 22.51193738 ], [ 69.94048345, 22.51335168 ], [ 69.93956041, 22.51357162 ], [ 69.93501592, 22.51237285 ], [ 69.93402922, 22.51036894 ], [ 69.92994416, 22.50886714 ], [ 69.92665458, 22.50633192 ], [ 69.92291331, 22.50264335 ], [ 69.92197573, 22.5 ], [ 69.92174101, 22.5 ], [ 69.91831946, 22.49311733 ], [ 69.91319168, 22.48898363 ], [ 69.91306067, 22.48866725 ], [ 69.91200995, 22.47944093 ], [ 69.91000497, 22.47529066 ], [ 69.91126263, 22.46712554 ], [ 69.90972197, 22.46733451 ], [ 69.91410625, 22.45641327 ], [ 69.90816903, 22.46006608 ], [ 69.90759838, 22.46227086 ], [ 69.90487087, 22.46281207 ], [ 69.90394497, 22.46773624 ], [ 69.90111125, 22.46784294 ], [ 69.90041316, 22.46772885 ], [ 69.89448595, 22.4653722 ], [ 69.89264512, 22.46400654 ], [ 69.8891685, 22.45932376 ], [ 69.88380873, 22.45774972 ], [ 69.88201034, 22.45522785 ], [ 69.88218367, 22.45372295 ], [ 69.87868857, 22.45004725 ], [ 69.87513292, 22.44794905 ], [ 69.87392914, 22.44926143 ], [ 69.87372816, 22.44751036 ], [ 69.8715229, 22.44671285 ], [ 69.86092663, 22.44686675 ], [ 69.85046935, 22.45361674 ], [ 69.84158194, 22.45584595 ], [ 69.83651173, 22.45385051 ], [ 69.84132552, 22.48784041 ], [ 69.84318614, 22.49423754 ], [ 69.8390007, 22.49846685 ], [ 69.83671474, 22.5 ], [ 69.83454335, 22.50044835 ], [ 69.83430254, 22.5 ], [ 69.84057093, 22.49492741 ], [ 69.84144366, 22.49304652 ], [ 69.83670557, 22.46036267 ], [ 69.83597398, 22.45793474 ], [ 69.83632886, 22.47294044 ], [ 69.83626521, 22.47390926 ], [ 69.83530474, 22.47539842 ], [ 69.83489907, 22.47544515 ], [ 69.83421671, 22.47457504 ], [ 69.8351407, 22.47241616 ], [ 69.83376551, 22.45726788 ], [ 69.83452487, 22.45499587 ], [ 69.83441114, 22.45374787 ], [ 69.83310366, 22.45187926 ], [ 69.83213568, 22.45096362 ], [ 69.83019936, 22.44988525 ], [ 69.82988524, 22.45017791 ], [ 69.82896042, 22.45134711 ], [ 69.82753825, 22.45807946 ], [ 69.82427025, 22.45706081 ], [ 69.82088375, 22.45203936 ], [ 69.80423474, 22.45863295 ], [ 69.79737091, 22.45700455 ], [ 69.79802132, 22.45573294 ], [ 69.80547535, 22.45739996 ], [ 69.82544792, 22.44898105 ], [ 69.82895243, 22.44488335 ], [ 69.82873905, 22.44246411 ], [ 69.82545805, 22.43943727 ], [ 69.82305253, 22.43515122 ], [ 69.82396853, 22.43111145 ], [ 69.82185698, 22.42613387 ], [ 69.81984782, 22.42461026 ], [ 69.81933701, 22.42271161 ], [ 69.81741905, 22.4229362 ], [ 69.81871736, 22.4210093 ], [ 69.81752217, 22.41802001 ], [ 69.81241715, 22.41388786 ], [ 69.81069756, 22.4083122 ], [ 69.80675328, 22.40465498 ], [ 69.80076742, 22.40458667 ], [ 69.79730773, 22.39980304 ], [ 69.79584074, 22.40387452 ], [ 69.79419482, 22.40350795 ], [ 69.78844082, 22.40572166 ], [ 69.78896093, 22.40876341 ], [ 69.78626597, 22.40760946 ], [ 69.78395641, 22.41129923 ], [ 69.77950728, 22.41248894 ], [ 69.7734375, 22.42231345 ], [ 69.76218092, 22.43232608 ], [ 69.76095843, 22.43954754 ], [ 69.75876606, 22.44151771 ], [ 69.75577617, 22.43134344 ], [ 69.75609577, 22.42650735 ], [ 69.75404584, 22.42617798 ], [ 69.74861944, 22.42964876 ], [ 69.74598813, 22.42927516 ], [ 69.74500036, 22.43106353 ], [ 69.74608016, 22.43372846 ], [ 69.74190736, 22.43957937 ], [ 69.73998821, 22.44001257 ], [ 69.73880315, 22.44301605 ], [ 69.73482382, 22.44401264 ], [ 69.73764181, 22.44510424 ], [ 69.73840594, 22.44827521 ], [ 69.74007118, 22.44880414 ], [ 69.74079943, 22.45798492 ], [ 69.73535562, 22.46915007 ], [ 69.73083091, 22.47360074 ], [ 69.72881424, 22.47383285 ], [ 69.7228446, 22.46893346 ], [ 69.72283721, 22.46781635 ], [ 69.72542298, 22.46637416 ], [ 69.725335, 22.46521652 ], [ 69.71998012, 22.46170676 ], [ 69.71471751, 22.46014953 ], [ 69.70977831, 22.45661271 ], [ 69.70329273, 22.44699824 ], [ 69.70060372, 22.4469285 ], [ 69.69998455, 22.44796443 ], [ 69.70095575, 22.45061886 ], [ 69.70016932, 22.45418394 ], [ 69.70137465, 22.45600522 ], [ 69.70066011, 22.45733464 ], [ 69.69802797, 22.45397317 ], [ 69.69089234, 22.45077825 ], [ 69.68798578, 22.44698453 ], [ 69.68829787, 22.44430315 ], [ 69.67950892, 22.44388711 ], [ 69.67482698, 22.44215214 ], [ 69.67275774, 22.44515097 ], [ 69.67348206, 22.44959974 ], [ 69.67182148, 22.45029044 ], [ 69.67151821, 22.44693518 ], [ 69.67378295, 22.44158757 ], [ 69.67152846, 22.4408648 ], [ 69.67175984, 22.43926716 ], [ 69.67351615, 22.44015455 ], [ 69.67748058, 22.43948913 ], [ 69.68045735, 22.44312251 ], [ 69.69771636, 22.44279635 ], [ 69.69783497, 22.44053614 ], [ 69.70216894, 22.43377054 ], [ 69.69686913, 22.42794073 ], [ 69.69265735, 22.41991413 ], [ 69.69768596, 22.40887415 ], [ 69.69810176, 22.39901626 ], [ 69.70008945, 22.39819336 ], [ 69.69938731, 22.39618683 ], [ 69.69317961, 22.39484084 ], [ 69.68164182, 22.39536107 ], [ 69.67789996, 22.39404285 ], [ 69.67296648, 22.39425325 ], [ 69.67131734, 22.39539313 ], [ 69.66748905, 22.39271557 ], [ 69.66422308, 22.39360297 ], [ 69.66373098, 22.38935935 ], [ 69.66024995, 22.38767695 ], [ 69.65890324, 22.37913871 ], [ 69.65627182, 22.37661052 ], [ 69.65725994, 22.37347984 ], [ 69.65726995, 22.37235212 ], [ 69.65552425, 22.36892331 ], [ 69.65554011, 22.36787403 ], [ 69.65720105, 22.36380064 ], [ 69.65716672, 22.36332667 ], [ 69.65651155, 22.36025655 ], [ 69.65416706, 22.3588469 ], [ 69.6460011, 22.35770547 ], [ 69.64360857, 22.35575402 ], [ 69.64089692, 22.35865414 ], [ 69.63635373, 22.35825264 ], [ 69.63002884, 22.36267924 ], [ 69.62485886, 22.36401665 ], [ 69.62334275, 22.36692822 ], [ 69.61854911, 22.36833167 ], [ 69.61787593, 22.36791074 ], [ 69.61698353, 22.36541855 ], [ 69.61988485, 22.35702968 ], [ 69.61731696, 22.35507214 ], [ 69.61710501, 22.35450411 ], [ 69.6170665, 22.35229325 ], [ 69.61806262, 22.35016751 ], [ 69.61806071, 22.34966075 ], [ 69.61742115, 22.34640348 ], [ 69.61458707, 22.33865631 ], [ 69.61437094, 22.33813202 ], [ 69.61175525, 22.33648777 ], [ 69.60950542, 22.32914937 ], [ 69.60690415, 22.32575262 ], [ 69.60654175, 22.32565284 ], [ 69.60658514, 22.32676637 ], [ 69.6099019, 22.33161557 ], [ 69.61230111, 22.34070444 ], [ 69.60986066, 22.34698141 ], [ 69.609375, 22.34821415 ], [ 69.60900402, 22.34904933 ], [ 69.60795367, 22.34923661 ], [ 69.60694492, 22.34774435 ], [ 69.60752594, 22.33864713 ], [ 69.60709882, 22.33854866 ], [ 69.60592043, 22.341223 ], [ 69.60528076, 22.35068262 ], [ 69.60484946, 22.35106111 ], [ 69.60151875, 22.3510493 ], [ 69.60172427, 22.34700465 ], [ 69.59985745, 22.35046124 ], [ 69.59670365, 22.34798694 ], [ 69.59547353, 22.35197687 ], [ 69.59473836, 22.35231078 ], [ 69.59441674, 22.35221136 ], [ 69.58215976, 22.34626734 ], [ 69.58104873, 22.34484041 ], [ 69.58047736, 22.343454 ], [ 69.57974565, 22.33714747 ], [ 69.57603014, 22.33590686 ], [ 69.57303977, 22.33301675 ], [ 69.57647645, 22.32455277 ], [ 69.57651007, 22.32421875 ], [ 69.57653844, 22.32421875 ], [ 69.57668221, 22.32261574 ], [ 69.57562363, 22.31892145 ], [ 69.57563448, 22.32324207 ], [ 69.57533336, 22.32421875 ], [ 69.57500255, 22.32421875 ], [ 69.5720185, 22.33107305 ], [ 69.57206786, 22.33421683 ], [ 69.57476354, 22.33685422 ], [ 69.57888997, 22.33833051 ], [ 69.58001876, 22.34702325 ], [ 69.59015942, 22.35352373 ], [ 69.59103382, 22.35459185 ], [ 69.59226465, 22.35644805 ], [ 69.59248102, 22.356745 ], [ 69.59128535, 22.36055505 ], [ 69.58868444, 22.36230683 ], [ 69.58349204, 22.36131632 ], [ 69.58102274, 22.36634421 ], [ 69.58081925, 22.36660194 ], [ 69.57841647, 22.36811817 ], [ 69.57563877, 22.36811304 ], [ 69.57405817, 22.36760795 ], [ 69.56930625, 22.36329651 ], [ 69.56863844, 22.35963881 ], [ 69.56629932, 22.35738933 ], [ 69.56528223, 22.35670042 ], [ 69.56203735, 22.35565186 ], [ 69.56164265, 22.35652363 ], [ 69.56329632, 22.35815406 ], [ 69.55984223, 22.36342835 ], [ 69.55984676, 22.36657596 ], [ 69.55079496, 22.37207663 ], [ 69.55084407, 22.37520444 ], [ 69.55741405, 22.37509584 ], [ 69.5574584, 22.37592661 ], [ 69.55588412, 22.38798702 ], [ 69.54881585, 22.39436305 ], [ 69.55145562, 22.39393783 ], [ 69.55332565, 22.39890778 ], [ 69.55077207, 22.40475166 ], [ 69.5466243, 22.40544331 ], [ 69.53934145, 22.40998411 ], [ 69.53636217, 22.41030884 ], [ 69.53609776, 22.41392112 ], [ 69.53302753, 22.41874087 ], [ 69.52762902, 22.42286694 ], [ 69.52371764, 22.42432475 ], [ 69.52295733, 22.42647958 ], [ 69.50945234, 22.42551422 ], [ 69.50728655, 22.42363966 ], [ 69.50637996, 22.42472756 ], [ 69.50737858, 22.42540681 ], [ 69.50684106, 22.42683995 ], [ 69.50427151, 22.42628276 ], [ 69.50245285, 22.43298435 ], [ 69.49858904, 22.43545592 ], [ 69.49837256, 22.43428552 ], [ 69.50161195, 22.43087971 ], [ 69.50337625, 22.42448866 ], [ 69.50657702, 22.42203403 ], [ 69.50918782, 22.42176592 ], [ 69.51095092, 22.41768372 ], [ 69.51526427, 22.41642165 ], [ 69.51794267, 22.41044748 ], [ 69.51597857, 22.40471542 ], [ 69.51629972, 22.39459991 ], [ 69.52310777, 22.38916016 ], [ 69.52366722, 22.38605034 ], [ 69.52128255, 22.37945771 ], [ 69.51603365, 22.37449706 ], [ 69.50853026, 22.36936271 ], [ 69.49951887, 22.36593211 ], [ 69.49905276, 22.36561215 ], [ 69.49270976, 22.35852802 ], [ 69.49030995, 22.35527754 ], [ 69.48798037, 22.34783542 ], [ 69.48862982, 22.33857667 ], [ 69.48837745, 22.33811665 ], [ 69.4840852, 22.33552432 ], [ 69.48051107, 22.33413017 ], [ 69.47997224, 22.33405566 ], [ 69.47751367, 22.33505154 ], [ 69.47635245, 22.33362067 ], [ 69.47048855, 22.33281255 ], [ 69.46794701, 22.33048773 ], [ 69.46677077, 22.33014143 ], [ 69.46585727, 22.33014357 ], [ 69.46234715, 22.33111668 ], [ 69.46204364, 22.33128905 ], [ 69.46046531, 22.33339763 ], [ 69.45782506, 22.33236611 ], [ 69.45484924, 22.33568382 ], [ 69.45455253, 22.33559036 ], [ 69.44931614, 22.33188343 ], [ 69.44244504, 22.33051884 ], [ 69.43721175, 22.32421875 ], [ 69.43728387, 22.32369781 ], [ 69.43625784, 22.32238913 ], [ 69.4357084, 22.322106 ], [ 69.4311552, 22.32006824 ], [ 69.43004417, 22.32083774 ], [ 69.42395914, 22.31702256 ], [ 69.42365003, 22.31689048 ], [ 69.41909337, 22.31559873 ], [ 69.41762733, 22.31556904 ], [ 69.40282345, 22.31596446 ], [ 69.40102613, 22.31943643 ], [ 69.39680135, 22.32084036 ], [ 69.38938296, 22.32111001 ], [ 69.38682425, 22.31835914 ], [ 69.38538897, 22.32138431 ], [ 69.38326347, 22.32223368 ], [ 69.37642515, 22.3218801 ], [ 69.37548685, 22.31937265 ], [ 69.36524737, 22.31654453 ], [ 69.36443746, 22.31723046 ], [ 69.36715627, 22.31894124 ], [ 69.36728334, 22.31938744 ], [ 69.36708343, 22.32154441 ], [ 69.36641085, 22.32201874 ], [ 69.36280715, 22.32201612 ], [ 69.35722601, 22.32421875 ], [ 69.35640681, 22.32421875 ], [ 69.35487604, 22.32480264 ], [ 69.35386991, 22.32642221 ], [ 69.35348213, 22.32653427 ], [ 69.34431517, 22.32815444 ], [ 69.34004986, 22.33017325 ], [ 69.33560288, 22.33017445 ], [ 69.33460891, 22.33012736 ], [ 69.33048797, 22.32793295 ], [ 69.33179533, 22.32646835 ], [ 69.33077824, 22.32421875 ], [ 69.33101702, 22.32421875 ], [ 69.33267927, 22.32130575 ], [ 69.33539414, 22.32097471 ], [ 69.33728075, 22.31794345 ], [ 69.33797741, 22.31601763 ], [ 69.33761275, 22.31181932 ], [ 69.33589756, 22.30721605 ], [ 69.33496428, 22.30534112 ], [ 69.33460903, 22.30487263 ], [ 69.33322263, 22.30360711 ], [ 69.33101118, 22.30267525 ], [ 69.32864535, 22.30383551 ], [ 69.32774401, 22.30378175 ], [ 69.32643998, 22.30224001 ], [ 69.32560444, 22.30376542 ], [ 69.32404542, 22.30324793 ], [ 69.32418168, 22.30197716 ], [ 69.32657063, 22.30120444 ], [ 69.32456172, 22.29847586 ], [ 69.32469118, 22.29528725 ], [ 69.32125533, 22.29221606 ], [ 69.31713855, 22.29082513 ], [ 69.31211805, 22.29170847 ], [ 69.31367874, 22.28830588 ], [ 69.30885112, 22.28675735 ], [ 69.29838431, 22.28764701 ], [ 69.29605258, 22.28352165 ], [ 69.29461396, 22.28590906 ], [ 69.29211485, 22.28595305 ], [ 69.29494345, 22.28136802 ], [ 69.29455304, 22.27934003 ], [ 69.29026043, 22.27515614 ], [ 69.28568792, 22.27390206 ], [ 69.28357482, 22.27208102 ], [ 69.28325856, 22.27196145 ], [ 69.27784681, 22.27145314 ], [ 69.27522206, 22.26903462 ], [ 69.27283561, 22.27087486 ], [ 69.26359296, 22.27007031 ], [ 69.26287675, 22.26880634 ], [ 69.2578125, 22.26897323 ], [ 69.25737965, 22.26894355 ], [ 69.25134981, 22.26652324 ], [ 69.24932826, 22.26696706 ], [ 69.24986565, 22.26426888 ], [ 69.25173962, 22.26456893 ], [ 69.25047934, 22.26097524 ], [ 69.24642253, 22.26500201 ], [ 69.24239731, 22.26470125 ], [ 69.23877835, 22.25940311 ], [ 69.23255753, 22.25789964 ], [ 69.22362804, 22.25784111 ], [ 69.20645964, 22.26447356 ], [ 69.20280373, 22.26649702 ], [ 69.18623424, 22.27935493 ], [ 69.16945922, 22.29445851 ], [ 69.16044152, 22.30677783 ], [ 69.15993702, 22.30761731 ], [ 69.15812945, 22.31297684 ], [ 69.1581465, 22.315768 ], [ 69.16623151, 22.32421875 ], [ 69.16645443, 22.32421875 ], [ 69.16808653, 22.32648528 ], [ 69.16820502, 22.32690883 ], [ 69.17003334, 22.33716881 ], [ 69.17003167, 22.33747447 ], [ 69.16852474, 22.33802366 ], [ 69.16960847, 22.34232044 ], [ 69.16776383, 22.34510708 ], [ 69.17069328, 22.34848022 ], [ 69.17392516, 22.34661615 ], [ 69.17632484, 22.34773195 ], [ 69.17384231, 22.34834695 ], [ 69.17395663, 22.35137582 ], [ 69.17770386, 22.35595036 ], [ 69.17465198, 22.35592568 ], [ 69.173195, 22.35710776 ], [ 69.17385495, 22.36269772 ], [ 69.17632413, 22.36397636 ], [ 69.17783034, 22.36757565 ], [ 69.18042696, 22.36669302 ], [ 69.18313277, 22.37246001 ], [ 69.18325913, 22.37308955 ], [ 69.18284345, 22.37605655 ], [ 69.17991185, 22.37504876 ], [ 69.17903948, 22.37772381 ], [ 69.18172097, 22.37873745 ], [ 69.18400705, 22.38214552 ], [ 69.18852091, 22.38584495 ], [ 69.19860566, 22.38791394 ], [ 69.19825554, 22.39020026 ], [ 69.200459, 22.39139366 ], [ 69.19814503, 22.39430821 ], [ 69.19831646, 22.39771152 ], [ 69.19966614, 22.40048373 ], [ 69.20431447, 22.4021666 ], [ 69.20268404, 22.40432811 ], [ 69.20038056, 22.40451038 ], [ 69.19919872, 22.40331423 ], [ 69.19611061, 22.40469205 ], [ 69.19396174, 22.40832257 ], [ 69.19246233, 22.41443265 ], [ 69.19267034, 22.41691661 ], [ 69.19504595, 22.42044675 ], [ 69.1939913, 22.42354655 ], [ 69.19063592, 22.42183304 ], [ 69.18326676, 22.42078805 ], [ 69.17833996, 22.42176294 ], [ 69.17584252, 22.42396426 ], [ 69.17359364, 22.42180502 ], [ 69.17049324, 22.42122185 ], [ 69.16958737, 22.41977251 ], [ 69.17322612, 22.41753447 ], [ 69.16946185, 22.41441643 ], [ 69.16717911, 22.41406107 ], [ 69.16622961, 22.41279495 ], [ 69.16207814, 22.41498077 ], [ 69.1562922, 22.41213882 ], [ 69.15508235, 22.40871334 ], [ 69.14882767, 22.40297842 ], [ 69.13705695, 22.40373886 ], [ 69.13466454, 22.40213346 ], [ 69.13143015, 22.40288043 ], [ 69.12865758, 22.39786625 ], [ 69.12186182, 22.40168548 ], [ 69.11934185, 22.40454388 ], [ 69.11402571, 22.40501893 ], [ 69.11010337, 22.40989566 ], [ 69.10264695, 22.40991855 ], [ 69.09884047, 22.4080224 ], [ 69.09837806, 22.40386391 ], [ 69.09974575, 22.40178573 ], [ 69.09874976, 22.39901721 ], [ 69.09142923, 22.39466608 ], [ 69.08065426, 22.39237165 ], [ 69.06920266, 22.39585817 ], [ 69.06878543, 22.39610863 ], [ 69.06233001, 22.40213132 ], [ 69.06119478, 22.40723956 ], [ 69.05481946, 22.41111386 ], [ 69.04381704, 22.43296444 ], [ 69.0450803, 22.43628705 ], [ 69.05022633, 22.43662906 ], [ 69.05221045, 22.43982196 ], [ 69.0673784, 22.45172441 ], [ 69.07111931, 22.45120323 ], [ 69.07349753, 22.45216882 ], [ 69.07693744, 22.46426928 ], [ 69.08549821, 22.47223031 ], [ 69.08498812, 22.47399616 ], [ 69.08072233, 22.47576165 ], [ 69.07947516, 22.47891414 ], [ 69.07013726, 22.47769451 ], [ 69.06778514, 22.47990716 ], [ 69.06638086, 22.47753084 ], [ 69.06743956, 22.47698176 ], [ 69.06665421, 22.47558594 ], [ 69.05957961, 22.46726406 ], [ 69.03266096, 22.45461893 ], [ 69.02784491, 22.45062792 ], [ 69.01855814, 22.44679701 ], [ 69.01468253, 22.44321287 ], [ 69.00669491, 22.43846023 ], [ 69.0047276, 22.43373632 ], [ 69.00368094, 22.43371975 ], [ 69.00056267, 22.42923164 ], [ 68.99514961, 22.42468512 ], [ 68.99363732, 22.4203583 ], [ 68.98483443, 22.41430497 ], [ 68.96949697, 22.39105153 ], [ 68.96661651, 22.38125265 ], [ 68.95712078, 22.36645746 ], [ 68.95668566, 22.36383116 ], [ 68.95893884, 22.35227311 ], [ 68.95577633, 22.34560931 ], [ 68.95683968, 22.33978391 ], [ 68.95505786, 22.33452368 ], [ 68.94938183, 22.33166373 ], [ 68.94626927, 22.33164716 ], [ 68.94311881, 22.33304584 ], [ 68.94283891, 22.33279371 ], [ 68.94032085, 22.32421875 ], [ 68.94029164, 22.32421875 ], [ 68.93615127, 22.31143701 ], [ 68.93604207, 22.31034172 ], [ 68.93705022, 22.30452216 ], [ 68.93930674, 22.29677033 ], [ 68.94367886, 22.28536284 ], [ 68.95080483, 22.27298737 ], [ 68.9579674, 22.2573595 ], [ 68.95265484, 22.25092936 ], [ 68.95329082, 22.24613094 ], [ 68.95769823, 22.23743224 ], [ 68.96275103, 22.23723841 ], [ 68.96915615, 22.23139346 ], [ 68.97136176, 22.22611582 ], [ 68.97884548, 22.21673357 ], [ 68.98096085, 22.21191394 ], [ 69.00777233, 22.18150115 ], [ 69.02337825, 22.16729653 ], [ 69.03898895, 22.1484375 ], [ 69.05531955, 22.12844586 ], [ 69.05734146, 22.12633955 ], [ 69.06266785, 22.12269115 ], [ 69.08775008, 22.09974885 ], [ 69.10842204, 22.07341385 ], [ 69.15065813, 22.02859926 ], [ 69.15424263, 22.02652907 ], [ 69.16149402, 22.01688063 ], [ 69.16467965, 22.01470125 ], [ 69.16992176, 22.00767302 ], [ 69.18746138, 21.98893285 ], [ 69.19357097, 21.98355043 ], [ 69.20137608, 21.98430824 ], [ 69.20103264, 21.98274624 ], [ 69.19763076, 21.98072696 ], [ 69.20453632, 21.97265625 ], [ 69.20462728, 21.97265625 ], [ 69.21111453, 21.96438527 ], [ 69.22561276, 21.95044935 ], [ 69.23049927, 21.94433713 ], [ 69.24624395, 21.93108261 ], [ 69.24994564, 21.92761648 ], [ 69.25155675, 21.92476141 ], [ 69.2578125, 21.91880584 ], [ 69.27006352, 21.90709853 ], [ 69.27508998, 21.90373886 ], [ 69.28313613, 21.89495075 ], [ 69.29016471, 21.89026964 ], [ 69.32526195, 21.85974515 ], [ 69.35157573, 21.83932996 ], [ 69.36825836, 21.83237815 ], [ 69.37576485, 21.82636154 ], [ 69.40024042, 21.796875 ], [ 69.40041888, 21.796875 ], [ 69.40957582, 21.78989947 ], [ 69.43448484, 21.7656635 ], [ 69.44033647, 21.76078916 ], [ 69.44075322, 21.76053596 ], [ 69.44441605, 21.75990987 ], [ 69.44512916, 21.75804675 ], [ 69.4510709, 21.75252354 ], [ 69.45585406, 21.74920905 ], [ 69.47022104, 21.74107134 ], [ 69.47769976, 21.73460913 ], [ 69.48768401, 21.72505558 ], [ 69.50027025, 21.71098232 ], [ 69.53773165, 21.67616522 ], [ 69.55573571, 21.66122651 ], [ 69.56057358, 21.65549231 ], [ 69.56694531, 21.65223527 ], [ 69.57157433, 21.64702106 ], [ 69.57494497, 21.64612472 ], [ 69.58428335, 21.63788641 ], [ 69.59147274, 21.63476336 ], [ 69.59189677, 21.63338137 ], [ 69.5895015, 21.62902617 ], [ 69.58775878, 21.62109375 ], [ 69.58779573, 21.62109375 ], [ 69.58771944, 21.62096536 ], [ 69.59001434, 21.62029874 ], [ 69.5902214, 21.62035525 ], [ 69.59019327, 21.62109375 ], [ 69.59016061, 21.62109375 ], [ 69.59095275, 21.62341332 ], [ 69.58933473, 21.62535524 ], [ 69.59179616, 21.62530148 ], [ 69.59070313, 21.62760377 ], [ 69.59312236, 21.62939405 ], [ 69.59314072, 21.62960255 ], [ 69.59233451, 21.63206422 ], [ 69.59342217, 21.63369775 ], [ 69.59329486, 21.63422787 ], [ 69.59009445, 21.63699484 ], [ 69.5910933, 21.63824773 ], [ 69.59136295, 21.63842154 ], [ 69.60213971, 21.63708663 ], [ 69.60341406, 21.63465846 ], [ 69.60751963, 21.63238156 ], [ 69.609375, 21.62974334 ], [ 69.61029112, 21.62854874 ], [ 69.61376154, 21.62740326 ], [ 69.61928225, 21.62109375 ], [ 69.61988485, 21.62063801 ], [ 69.62598765, 21.61518347 ], [ 69.66839695, 21.56971455 ], [ 69.68856704, 21.55029225 ], [ 69.70585203, 21.53892016 ], [ 69.70615006, 21.53890204 ], [ 69.70763755, 21.54013956 ], [ 69.71055913, 21.53946912 ], [ 69.71555173, 21.54063141 ], [ 69.72007322, 21.54356444 ], [ 69.71979713, 21.54624164 ], [ 69.71547306, 21.55119967 ], [ 69.71550477, 21.55367362 ], [ 69.71939993, 21.56286633 ], [ 69.72366774, 21.56600356 ], [ 69.72491968, 21.57023561 ], [ 69.72463167, 21.57066202 ], [ 69.70687497, 21.58831286 ], [ 69.70453453, 21.58953452 ], [ 69.69913971, 21.58956897 ], [ 69.69788766, 21.59107304 ], [ 69.69365776, 21.59200835 ], [ 69.69215226, 21.59310198 ], [ 69.69195151, 21.59550357 ], [ 69.69000244, 21.59479857 ], [ 69.68636274, 21.59573245 ], [ 69.67781806, 21.60362625 ], [ 69.67624152, 21.60616708 ], [ 69.67616105, 21.60868955 ], [ 69.67730236, 21.60894787 ], [ 69.67613983, 21.61105645 ], [ 69.67428255, 21.61321545 ], [ 69.67301261, 21.6115731 ], [ 69.67180955, 21.61199296 ], [ 69.66807544, 21.61846864 ], [ 69.66687143, 21.61980617 ], [ 69.66512144, 21.62109375 ], [ 69.66461623, 21.62109375 ], [ 69.6636492, 21.62188005 ], [ 69.65008748, 21.62670386 ], [ 69.64370465, 21.63305426 ], [ 69.63534427, 21.63895094 ], [ 69.63300717, 21.64189744 ], [ 69.63286686, 21.64264345 ], [ 69.63310945, 21.643296 ], [ 69.63351655, 21.6435461 ], [ 69.63614225, 21.6426053 ], [ 69.64006865, 21.63849604 ], [ 69.64669085, 21.63405347 ], [ 69.65425837, 21.63110924 ], [ 69.65801644, 21.62660944 ], [ 69.66143942, 21.62522805 ], [ 69.66112387, 21.62454903 ], [ 69.66348064, 21.62476826 ], [ 69.66416585, 21.62583697 ], [ 69.66894603, 21.62580752 ], [ 69.67953885, 21.6217519 ], [ 69.68022776, 21.62109375 ], [ 69.68040681, 21.62109375 ], [ 69.68441641, 21.61767852 ], [ 69.69101083, 21.61463988 ], [ 69.69599175, 21.6072824 ], [ 69.70129812, 21.60283208 ], [ 69.69887412, 21.60052252 ], [ 69.69789255, 21.60266185 ], [ 69.69551635, 21.60361707 ], [ 69.69505084, 21.60372865 ], [ 69.69379783, 21.60312772 ], [ 69.69332945, 21.60225666 ], [ 69.69322264, 21.59630966 ], [ 69.69364858, 21.59449422 ], [ 69.69578755, 21.59296715 ], [ 69.69648016, 21.59296846 ], [ 69.69811356, 21.59355545 ], [ 69.69909561, 21.59891331 ], [ 69.70193875, 21.60154414 ], [ 69.70592666, 21.60179186 ], [ 69.71575511, 21.59907877 ], [ 69.717489, 21.60225987 ], [ 69.71736813, 21.60281885 ], [ 69.71343124, 21.60854745 ], [ 69.71241665, 21.60947752 ], [ 69.70750237, 21.61128426 ], [ 69.7048676, 21.61303556 ], [ 69.7038877, 21.61493397 ], [ 69.70008028, 21.61693203 ], [ 69.69719064, 21.62109375 ], [ 69.69704044, 21.62109375 ], [ 69.69199288, 21.62887478 ], [ 69.68450797, 21.63127315 ], [ 69.67590988, 21.63860548 ], [ 69.67823482, 21.63888717 ], [ 69.68180466, 21.63571715 ], [ 69.68608224, 21.63643956 ], [ 69.69072318, 21.64010227 ], [ 69.69273186, 21.63885307 ], [ 69.69658935, 21.63991332 ], [ 69.69560707, 21.64131844 ], [ 69.69747305, 21.64389348 ], [ 69.70417285, 21.64738154 ], [ 69.70831466, 21.64413035 ], [ 69.70700324, 21.64197075 ], [ 69.70958197, 21.64061844 ], [ 69.70933795, 21.63726985 ], [ 69.71197093, 21.63708818 ], [ 69.71383655, 21.63198376 ], [ 69.71717954, 21.63343275 ], [ 69.71476436, 21.63857806 ], [ 69.71676314, 21.64005554 ], [ 69.71807253, 21.63953447 ], [ 69.71837282, 21.63632822 ], [ 69.72484446, 21.63222527 ], [ 69.72534335, 21.63232684 ], [ 69.72852898, 21.63365352 ], [ 69.72894192, 21.63396895 ], [ 69.73061776, 21.63657665 ], [ 69.72735143, 21.63847601 ], [ 69.72701955, 21.64165711 ], [ 69.72993076, 21.64069915 ], [ 69.73115075, 21.64127874 ], [ 69.73502886, 21.64767945 ], [ 69.73411322, 21.65006292 ], [ 69.73429096, 21.65040946 ], [ 69.73591661, 21.65097392 ], [ 69.73761153, 21.65031135 ], [ 69.73782337, 21.64980042 ], [ 69.73704612, 21.64696658 ], [ 69.73727882, 21.64062202 ], [ 69.73774374, 21.63962567 ], [ 69.73819113, 21.63929105 ], [ 69.74123454, 21.63895535 ], [ 69.74534476, 21.63295186 ], [ 69.74545395, 21.6255728 ], [ 69.74664581, 21.62214267 ], [ 69.74717784, 21.62109375 ], [ 69.74724257, 21.62109375 ], [ 69.74980056, 21.61752284 ], [ 69.75154841, 21.61846662 ], [ 69.74959445, 21.61330676 ], [ 69.75107002, 21.61269677 ], [ 69.75216424, 21.60900521 ], [ 69.75553465, 21.60704052 ], [ 69.7558043, 21.59386885 ], [ 69.75772703, 21.59269238 ], [ 69.75858235, 21.59510326 ], [ 69.76372433, 21.59565723 ], [ 69.76361477, 21.58991241 ], [ 69.76486576, 21.58890426 ], [ 69.76422977, 21.57892191 ], [ 69.75911832, 21.57909334 ], [ 69.75840306, 21.57709753 ], [ 69.75798142, 21.57704055 ], [ 69.75372303, 21.5775429 ], [ 69.75325036, 21.57735837 ], [ 69.75171876, 21.57600617 ], [ 69.7518059, 21.57351851 ], [ 69.75124323, 21.57327378 ], [ 69.74980414, 21.57321823 ], [ 69.74819326, 21.57452762 ], [ 69.74745464, 21.57292891 ], [ 69.74737751, 21.57098734 ], [ 69.74749005, 21.57062495 ], [ 69.75152361, 21.56329823 ], [ 69.74919176, 21.56109142 ], [ 69.74530911, 21.56242621 ], [ 69.7416743, 21.56141174 ], [ 69.73700392, 21.56200385 ], [ 69.72965777, 21.55865967 ], [ 69.72677302, 21.55631495 ], [ 69.72574091, 21.55463135 ], [ 69.72930956, 21.54216123 ], [ 69.72360444, 21.54167676 ], [ 69.72046101, 21.53609347 ], [ 69.71165645, 21.53271878 ], [ 69.71114886, 21.53233051 ], [ 69.71104693, 21.53215981 ], [ 69.71251404, 21.52943015 ], [ 69.71496916, 21.52630734 ], [ 69.72920835, 21.51184666 ], [ 69.73758745, 21.50112104 ], [ 69.74060607, 21.49774778 ], [ 69.76994336, 21.46697891 ], [ 69.77525973, 21.45991194 ], [ 69.77558196, 21.45988691 ], [ 69.77491152, 21.46330714 ], [ 69.7780112, 21.46283054 ], [ 69.77837968, 21.4625504 ], [ 69.77771378, 21.46078956 ], [ 69.78558147, 21.45372582 ], [ 69.79523873, 21.45263505 ], [ 69.79966044, 21.45519423 ], [ 69.80231643, 21.46193492 ], [ 69.80516684, 21.46396124 ], [ 69.80118084, 21.45650005 ], [ 69.80492604, 21.45578575 ], [ 69.80488575, 21.45488954 ], [ 69.80177593, 21.45536017 ], [ 69.79945815, 21.45214283 ], [ 69.78787732, 21.45148027 ], [ 69.78455675, 21.45287538 ], [ 69.77847123, 21.45833397 ], [ 69.78015542, 21.4557687 ], [ 69.77980816, 21.45535243 ], [ 69.77928054, 21.45522475 ], [ 69.78860295, 21.4453125 ], [ 69.78874958, 21.4453125 ], [ 69.82258832, 21.40778446 ], [ 69.88300335, 21.33890772 ], [ 69.92297077, 21.29196215 ], [ 69.94149423, 21.27264035 ], [ 69.94386828, 21.26953125 ], [ 69.94419634, 21.26953125 ], [ 69.9609375, 21.24916291 ], [ 69.98276055, 21.22614396 ], [ 70.00038505, 21.20558655 ], [ 70.00527787, 21.20170593 ], [ 70.00896311, 21.19646442 ], [ 70.01602185, 21.19111621 ], [ 70.02602231, 21.18082535 ], [ 70.02874005, 21.17855895 ], [ 70.03217554, 21.17848301 ], [ 70.03261948, 21.17861438 ], [ 70.03832102, 21.18304944 ], [ 70.03181434, 21.17475855 ], [ 70.03192294, 21.17446756 ], [ 70.04640627, 21.15889168 ], [ 70.04712153, 21.15616608 ], [ 70.05569994, 21.14856792 ], [ 70.06067586, 21.14232421 ], [ 70.06855774, 21.13746774 ], [ 70.07067871, 21.13256657 ], [ 70.09376907, 21.11183214 ], [ 70.0984534, 21.10588717 ], [ 70.09989572, 21.10459542 ], [ 70.10516346, 21.10544026 ], [ 70.10590351, 21.10277784 ], [ 70.10885811, 21.10101116 ], [ 70.11549342, 21.09375 ], [ 70.11595952, 21.09375 ], [ 70.12629032, 21.08611143 ], [ 70.13282037, 21.07969892 ], [ 70.13312411, 21.07956743 ], [ 70.13596284, 21.08220518 ], [ 70.13582861, 21.08556664 ], [ 70.13659322, 21.08562565 ], [ 70.13866365, 21.08526957 ], [ 70.14630985, 21.08057594 ], [ 70.14755654, 21.078812 ], [ 70.14722502, 21.07836294 ], [ 70.1409651, 21.08198106 ], [ 70.14040923, 21.0819056 ], [ 70.14019275, 21.08158195 ], [ 70.14161432, 21.07977486 ], [ 70.13939846, 21.07973051 ], [ 70.13802171, 21.07771516 ], [ 70.14100933, 21.07411194 ], [ 70.14318025, 21.06817174 ], [ 70.14685345, 21.06683111 ], [ 70.15997505, 21.05369103 ], [ 70.16372132, 21.05204833 ], [ 70.16327882, 21.05038464 ], [ 70.16571617, 21.05023122 ], [ 70.17050445, 21.04647946 ], [ 70.1773355, 21.04033756 ], [ 70.17765546, 21.03997707 ], [ 70.17700505, 21.0389204 ], [ 70.18059766, 21.03582466 ], [ 70.18672395, 21.03190076 ], [ 70.18738735, 21.0303272 ], [ 70.19347048, 21.02726305 ], [ 70.19393754, 21.0258249 ], [ 70.19852054, 21.02311587 ], [ 70.21163106, 21.01043916 ], [ 70.21411765, 21.00992501 ], [ 70.21666968, 21.00686455 ], [ 70.22042191, 21.005656 ], [ 70.22124934, 21.00292182 ], [ 70.22530973, 21.00126088 ], [ 70.22663665, 20.99874735 ], [ 70.231462, 20.99852157 ], [ 70.23583305, 20.9962095 ], [ 70.24018896, 20.99967766 ], [ 70.23626137, 20.99528384 ], [ 70.23825657, 20.99389005 ], [ 70.24750745, 21.00024962 ], [ 70.23978364, 20.99255764 ], [ 70.24880028, 20.98372304 ], [ 70.25181055, 20.97882664 ], [ 70.25818503, 20.97265983 ], [ 70.27640152, 20.96166813 ], [ 70.28006816, 20.95736515 ], [ 70.28940761, 20.95164776 ], [ 70.29398847, 20.94757664 ], [ 70.30931807, 20.93882096 ], [ 70.31162608, 20.93517733 ], [ 70.3125, 20.93470967 ], [ 70.31462073, 20.93444943 ], [ 70.31757784, 20.93205905 ], [ 70.32029223, 20.92796731 ], [ 70.32106853, 20.92745745 ], [ 70.32921135, 20.92420065 ], [ 70.33968115, 20.91796875 ], [ 70.33995652, 20.91796875 ], [ 70.34548175, 20.9154911 ], [ 70.34652221, 20.91796875 ], [ 70.34734976, 20.92140281 ], [ 70.3476212, 20.91897917 ], [ 70.35131967, 20.92034185 ], [ 70.34861124, 20.91796875 ], [ 70.34720445, 20.91567934 ], [ 70.34741735, 20.91501606 ], [ 70.35103023, 20.91029417 ], [ 70.35229921, 20.90910935 ], [ 70.36515236, 20.90069914 ], [ 70.36904585, 20.89952397 ], [ 70.37399852, 20.89482987 ], [ 70.37441325, 20.89612806 ], [ 70.37089407, 20.89968753 ], [ 70.37141907, 20.90250432 ], [ 70.37961912, 20.90017033 ], [ 70.38572085, 20.8973006 ], [ 70.38755965, 20.89536881 ], [ 70.39342415, 20.89397657 ], [ 70.40722156, 20.88243365 ], [ 70.41290784, 20.88385415 ], [ 70.4169147, 20.88303244 ], [ 70.41641021, 20.88655853 ], [ 70.41721451, 20.88682091 ], [ 70.41786444, 20.88261616 ], [ 70.41959345, 20.88157344 ], [ 70.4159404, 20.88247824 ], [ 70.41451943, 20.88213277 ], [ 70.41221774, 20.88059926 ], [ 70.41114283, 20.87798297 ], [ 70.41314912, 20.87535596 ], [ 70.42511952, 20.86311293 ], [ 70.42946553, 20.86141706 ], [ 70.43248975, 20.85763025 ], [ 70.43937016, 20.85234237 ], [ 70.44251144, 20.85397792 ], [ 70.44709802, 20.84997845 ], [ 70.44764054, 20.84772515 ], [ 70.45236194, 20.84848845 ], [ 70.45415854, 20.84644413 ], [ 70.46092665, 20.84356976 ], [ 70.46240461, 20.84163463 ], [ 70.46903253, 20.83837771 ], [ 70.47060013, 20.83814001 ], [ 70.47415566, 20.84080756 ], [ 70.47634745, 20.84036398 ], [ 70.48103023, 20.83596694 ], [ 70.48699617, 20.83441973 ], [ 70.48923922, 20.82815397 ], [ 70.49296224, 20.82836366 ], [ 70.50066948, 20.82371056 ], [ 70.50931513, 20.82150674 ], [ 70.51331258, 20.81827164 ], [ 70.51623511, 20.81749535 ], [ 70.51915276, 20.81373 ], [ 70.52388287, 20.81057203 ], [ 70.52749455, 20.81051815 ], [ 70.53218412, 20.80886161 ], [ 70.53300381, 20.80837667 ], [ 70.53595185, 20.80441797 ], [ 70.53635585, 20.80412734 ], [ 70.54123688, 20.80190265 ], [ 70.54168177, 20.80175447 ], [ 70.54938388, 20.80439925 ], [ 70.55332363, 20.80326295 ], [ 70.55928874, 20.79786146 ], [ 70.55903292, 20.79602802 ], [ 70.56241691, 20.79248655 ], [ 70.57020187, 20.79294014 ], [ 70.57906365, 20.78822386 ], [ 70.58585012, 20.78153062 ], [ 70.58964241, 20.78202462 ], [ 70.59982717, 20.77764702 ], [ 70.60518944, 20.77667606 ], [ 70.60686445, 20.77739525 ], [ 70.60940146, 20.77630055 ], [ 70.61275113, 20.77438927 ], [ 70.61162245, 20.77143645 ], [ 70.61460435, 20.76996791 ], [ 70.61706483, 20.77168977 ], [ 70.62165415, 20.7712239 ], [ 70.62764525, 20.76794112 ], [ 70.63260877, 20.76796043 ], [ 70.63553667, 20.76937616 ], [ 70.64659297, 20.76290357 ], [ 70.65299606, 20.76416683 ], [ 70.65472353, 20.76339102 ], [ 70.65465224, 20.76438332 ], [ 70.65650535, 20.76439047 ], [ 70.65699434, 20.7598803 ], [ 70.66249764, 20.75800395 ], [ 70.6640625, 20.75585926 ], [ 70.66514444, 20.75306976 ], [ 70.66600692, 20.75257766 ], [ 70.66671026, 20.75313127 ], [ 70.66639721, 20.75560606 ], [ 70.6640625, 20.76004457 ], [ 70.6639415, 20.76001656 ], [ 70.66262174, 20.76129913 ], [ 70.66288757, 20.7618525 ], [ 70.6640625, 20.76171875 ], [ 70.67129242, 20.76085007 ], [ 70.67334235, 20.76448655 ], [ 70.67468953, 20.75726962 ], [ 70.68716836, 20.74856007 ], [ 70.69256473, 20.74670875 ], [ 70.69557667, 20.74485981 ], [ 70.69868147, 20.7421875 ], [ 70.69921875, 20.7421875 ], [ 70.70345855, 20.73795462 ], [ 70.70911384, 20.73741233 ], [ 70.72441447, 20.72958434 ], [ 70.72988856, 20.72822952 ], [ 70.73578513, 20.72387552 ], [ 70.74397624, 20.72000217 ], [ 70.74883497, 20.71957397 ], [ 70.75722241, 20.72232306 ], [ 70.76482368, 20.72125435 ], [ 70.77944112, 20.71491051 ], [ 70.79236925, 20.71211672 ], [ 70.79805458, 20.70508301 ], [ 70.80437148, 20.70071232 ], [ 70.80533195, 20.70213807 ], [ 70.80780232, 20.70172048 ], [ 70.81087935, 20.70382822 ], [ 70.8062793, 20.70600736 ], [ 70.80604267, 20.7103343 ], [ 70.81005704, 20.71086288 ], [ 70.81020915, 20.7138859 ], [ 70.81343663, 20.7153275 ], [ 70.81293213, 20.71780884 ], [ 70.81633401, 20.71902943 ], [ 70.81692982, 20.71760237 ], [ 70.81586754, 20.71497357 ], [ 70.82691872, 20.71192074 ], [ 70.82878184, 20.70901835 ], [ 70.82711995, 20.70130944 ], [ 70.82746434, 20.69768596 ], [ 70.81959367, 20.69814444 ], [ 70.82063735, 20.70009995 ], [ 70.81963873, 20.70149744 ], [ 70.80728221, 20.70046628 ], [ 70.81370938, 20.69857311 ], [ 70.81901026, 20.69384003 ], [ 70.82162225, 20.69347346 ], [ 70.82238686, 20.69102275 ], [ 70.82793415, 20.68997061 ], [ 70.83511245, 20.69107425 ], [ 70.83561897, 20.69107127 ], [ 70.83809781, 20.69015872 ], [ 70.83851504, 20.69188547 ], [ 70.83600771, 20.69333017 ], [ 70.83424914, 20.69876957 ], [ 70.83431828, 20.69917846 ], [ 70.83621561, 20.70221651 ], [ 70.83912861, 20.70476425 ], [ 70.84359002, 20.7066164 ], [ 70.84541965, 20.70717132 ], [ 70.85143244, 20.70811701 ], [ 70.85483944, 20.70813823 ], [ 70.86817718, 20.7036463 ], [ 70.87374377, 20.70462382 ], [ 70.87409186, 20.70492804 ], [ 70.87368953, 20.70541203 ], [ 70.86918342, 20.70641863 ], [ 70.86886132, 20.70698464 ], [ 70.8688997, 20.71133125 ], [ 70.86788476, 20.71278036 ], [ 70.87050545, 20.71552277 ], [ 70.87056243, 20.71916986 ], [ 70.87243998, 20.72382402 ], [ 70.87221301, 20.72438431 ], [ 70.87168562, 20.72527075 ], [ 70.86425138, 20.72957623 ], [ 70.85775006, 20.7421875 ], [ 70.85754478, 20.74367392 ], [ 70.8578521, 20.74554968 ], [ 70.85855091, 20.74664271 ], [ 70.86235487, 20.7495687 ], [ 70.86235487, 20.75183833 ], [ 70.86212611, 20.75214577 ], [ 70.86088347, 20.75270092 ], [ 70.85467076, 20.75190711 ], [ 70.85309565, 20.75386834 ], [ 70.85681474, 20.75320995 ], [ 70.85907245, 20.75453734 ], [ 70.86310065, 20.75470054 ], [ 70.86451817, 20.74859607 ], [ 70.86290598, 20.74348855 ], [ 70.86308265, 20.7421875 ], [ 70.86327851, 20.74202836 ], [ 70.86434042, 20.73819542 ], [ 70.86459243, 20.73763084 ], [ 70.86704695, 20.73572993 ], [ 70.87182045, 20.72864163 ], [ 70.87519717, 20.72657323 ], [ 70.87868762, 20.73052537 ], [ 70.87987041, 20.73107314 ], [ 70.88666904, 20.73327756 ], [ 70.89566863, 20.73339236 ], [ 70.90260196, 20.73506975 ], [ 70.9046458, 20.73657656 ], [ 70.91065645, 20.73708737 ], [ 70.91129577, 20.73733151 ], [ 70.91394091, 20.74133325 ], [ 70.91522098, 20.7421875 ], [ 70.91534913, 20.7421875 ], [ 70.91531277, 20.74236083 ], [ 70.9182955, 20.74360633 ], [ 70.91970086, 20.74329114 ], [ 70.91968691, 20.74281788 ], [ 70.91820037, 20.7421875 ], [ 70.91830015, 20.74210906 ], [ 70.91414547, 20.73836172 ], [ 70.91383874, 20.73791361 ], [ 70.91497266, 20.73666954 ], [ 70.91526425, 20.73644435 ], [ 70.91900313, 20.73635006 ], [ 70.92014074, 20.73784542 ], [ 70.92016435, 20.73644805 ], [ 70.91744638, 20.73524141 ], [ 70.91064894, 20.73543334 ], [ 70.90588546, 20.73456025 ], [ 70.90115762, 20.73230934 ], [ 70.89362061, 20.73155534 ], [ 70.88502896, 20.72962451 ], [ 70.88263476, 20.72847044 ], [ 70.87922955, 20.72297192 ], [ 70.87380612, 20.71852458 ], [ 70.87328672, 20.7121402 ], [ 70.87374091, 20.71018517 ], [ 70.87413776, 20.70921361 ], [ 70.87517011, 20.70906115 ], [ 70.87519145, 20.70905411 ], [ 70.88722146, 20.70921075 ], [ 70.89423811, 20.70728075 ], [ 70.89603674, 20.70577586 ], [ 70.89774394, 20.70379937 ], [ 70.89787114, 20.70323753 ], [ 70.89717352, 20.70043552 ], [ 70.89938986, 20.69896698 ], [ 70.90005112, 20.69874537 ], [ 70.91117167, 20.70167995 ], [ 70.91221774, 20.69924772 ], [ 70.91386366, 20.69890797 ], [ 70.91808057, 20.70186985 ], [ 70.91633451, 20.70270383 ], [ 70.91562796, 20.70506084 ], [ 70.91742992, 20.70915246 ], [ 70.92394602, 20.71142423 ], [ 70.92537975, 20.71171761 ], [ 70.92889535, 20.71174502 ], [ 70.9352771, 20.71059096 ], [ 70.93956184, 20.70732284 ], [ 70.95203924, 20.70371246 ], [ 70.95526946, 20.70369065 ], [ 70.96044862, 20.70664716 ], [ 70.96430314, 20.70538962 ], [ 70.97024286, 20.70714796 ], [ 70.97071898, 20.70438445 ], [ 70.97581351, 20.70391905 ], [ 70.97690892, 20.70154536 ], [ 70.97940195, 20.70572925 ], [ 70.98566735, 20.70906925 ], [ 70.98974645, 20.70873177 ], [ 70.99363422, 20.71048951 ], [ 70.99426222, 20.71077955 ], [ 70.99776125, 20.71417046 ], [ 70.99774885, 20.71554124 ], [ 70.99700415, 20.71623886 ], [ 70.99193478, 20.71700203 ], [ 70.99021447, 20.71868467 ], [ 70.98982024, 20.71880937 ], [ 70.97970247, 20.72058845 ], [ 70.97536373, 20.72519445 ], [ 70.96750188, 20.72820723 ], [ 70.96572101, 20.72823656 ], [ 70.96354592, 20.72616982 ], [ 70.96266913, 20.72363198 ], [ 70.96549594, 20.72200441 ], [ 70.96272385, 20.72145176 ], [ 70.96143341, 20.72307646 ], [ 70.96143246, 20.72551572 ], [ 70.96371901, 20.73243356 ], [ 70.96027195, 20.73582041 ], [ 70.95976293, 20.73596835 ], [ 70.95587623, 20.73442745 ], [ 70.95466495, 20.73489964 ], [ 70.95489144, 20.73536944 ], [ 70.96296334, 20.74143457 ], [ 70.96340775, 20.74154091 ], [ 70.96618581, 20.74130964 ], [ 70.96653485, 20.74017501 ], [ 70.9702903, 20.73841131 ], [ 70.97838306, 20.7421875 ], [ 70.97921515, 20.7421875 ], [ 70.97916877, 20.74258971 ], [ 70.98275232, 20.74440372 ], [ 70.98337793, 20.74462831 ], [ 70.98463047, 20.74393082 ], [ 70.99069464, 20.74577475 ], [ 70.99443567, 20.7421875 ], [ 70.99562955, 20.7421875 ], [ 70.99879301, 20.74266183 ], [ 70.99894071, 20.7421875 ], [ 70.99814224, 20.74030006 ], [ 70.99040341, 20.73045993 ], [ 70.98721457, 20.72977507 ], [ 70.98698902, 20.72960377 ], [ 70.98682332, 20.72832382 ], [ 70.98314333, 20.72569323 ], [ 70.98327243, 20.72495687 ], [ 70.98504865, 20.72476375 ], [ 70.98559523, 20.72431314 ], [ 70.98675656, 20.72190535 ], [ 70.98704267, 20.72185016 ], [ 70.98763835, 20.7220993 ], [ 70.989326, 20.72334325 ], [ 70.99123526, 20.7285192 ], [ 70.99435472, 20.73201156 ], [ 71.0072757, 20.73825121 ], [ 71.00958395, 20.73910165 ], [ 71.01390135, 20.73951232 ], [ 71.015625, 20.73967636 ], [ 71.02068961, 20.73806536 ], [ 71.03505802, 20.73890984 ], [ 71.04351974, 20.73482847 ], [ 71.04586375, 20.73072076 ], [ 71.05030942, 20.73075402 ], [ 71.06091547, 20.7361021 ], [ 71.06485355, 20.73339045 ], [ 71.06657624, 20.73494804 ], [ 71.07356501, 20.73524153 ], [ 71.07770216, 20.73654008 ], [ 71.08107865, 20.73810542 ], [ 71.08128798, 20.73836911 ], [ 71.07878697, 20.7421875 ], [ 71.07859576, 20.7421875 ], [ 71.07825506, 20.74332333 ], [ 71.07552171, 20.74545431 ], [ 71.07810521, 20.7501502 ], [ 71.08524716, 20.75547194 ], [ 71.08630562, 20.75600636 ], [ 71.09465754, 20.758062 ], [ 71.10355604, 20.75731361 ], [ 71.11181641, 20.76052105 ], [ 71.11550415, 20.76051974 ], [ 71.11691821, 20.75970924 ], [ 71.11610615, 20.75785828 ], [ 71.11902261, 20.75710905 ], [ 71.11908352, 20.75477684 ], [ 71.12365043, 20.75398064 ], [ 71.12863517, 20.75721443 ], [ 71.13313365, 20.75644553 ], [ 71.14568663, 20.75706685 ], [ 71.15518105, 20.75941217 ], [ 71.15649056, 20.76223624 ], [ 71.15167975, 20.76210463 ], [ 71.14915144, 20.76349294 ], [ 71.14821291, 20.76548553 ], [ 71.14989138, 20.76738477 ], [ 71.15058935, 20.77161026 ], [ 71.15254307, 20.77529395 ], [ 71.15273225, 20.77557814 ], [ 71.15591955, 20.77837574 ], [ 71.16083753, 20.7807368 ], [ 71.16471565, 20.78202927 ], [ 71.16644621, 20.78230476 ], [ 71.19298351, 20.78574455 ], [ 71.20266831, 20.78857207 ], [ 71.20392144, 20.78933454 ], [ 71.20334375, 20.79059696 ], [ 71.20761585, 20.79365885 ], [ 71.20493162, 20.79405034 ], [ 71.20497024, 20.79700804 ], [ 71.20928645, 20.80185807 ], [ 71.23239815, 20.80397522 ], [ 71.23922503, 20.81136727 ], [ 71.24674332, 20.81161106 ], [ 71.24784112, 20.81285894 ], [ 71.25842476, 20.81587756 ], [ 71.26540446, 20.82083094 ], [ 71.27233314, 20.82252598 ], [ 71.2800765, 20.82795656 ], [ 71.28222692, 20.82649386 ], [ 71.28896523, 20.82927716 ], [ 71.29177976, 20.8287425 ], [ 71.29385865, 20.83314645 ], [ 71.29630268, 20.83538842 ], [ 71.30082798, 20.83521783 ], [ 71.30374014, 20.83757377 ], [ 71.32256973, 20.84579372 ], [ 71.33192933, 20.84639335 ], [ 71.33481073, 20.84792328 ], [ 71.34038806, 20.84838223 ], [ 71.34202135, 20.85012782 ], [ 71.34530485, 20.85092938 ], [ 71.34858882, 20.84967065 ], [ 71.36636186, 20.85182726 ], [ 71.3671875, 20.85239947 ], [ 71.3671875, 20.85267854 ], [ 71.36906314, 20.85343015 ], [ 71.3721385, 20.85340703 ], [ 71.37629867, 20.85582626 ], [ 71.37682855, 20.85595775 ], [ 71.38384044, 20.85673892 ], [ 71.38492966, 20.85894167 ], [ 71.38813305, 20.86007631 ], [ 71.38206315, 20.85966206 ], [ 71.3818084, 20.85995233 ], [ 71.38153362, 20.86454666 ], [ 71.37753737, 20.86721051 ], [ 71.37591517, 20.87067604 ], [ 71.37814546, 20.87385428 ], [ 71.38497865, 20.87565815 ], [ 71.38662004, 20.87546015 ], [ 71.38759232, 20.87486458 ], [ 71.38964975, 20.87277591 ], [ 71.39018393, 20.87202275 ], [ 71.39098525, 20.86976004 ], [ 71.39098477, 20.86935008 ], [ 71.38872147, 20.86640048 ], [ 71.39457953, 20.86679316 ], [ 71.39640927, 20.86498797 ], [ 71.40017188, 20.86522615 ], [ 71.40485418, 20.86825716 ], [ 71.41015208, 20.86803877 ], [ 71.41260815, 20.86671126 ], [ 71.41919982, 20.86866891 ], [ 71.42021406, 20.86781025 ], [ 71.42161417, 20.86834228 ], [ 71.42055655, 20.86597204 ], [ 71.42382395, 20.86766005 ], [ 71.43027008, 20.86715496 ], [ 71.43946636, 20.86919785 ], [ 71.44020546, 20.86952805 ], [ 71.44464183, 20.87607265 ], [ 71.44816601, 20.87704635 ], [ 71.44880652, 20.88144326 ], [ 71.46215916, 20.88114262 ], [ 71.46516526, 20.8847475 ], [ 71.46793211, 20.88479877 ], [ 71.47260416, 20.88868904 ], [ 71.47755361, 20.89062262 ], [ 71.47820723, 20.89578676 ], [ 71.48235762, 20.90034103 ], [ 71.48156762, 20.90439093 ], [ 71.48277354, 20.90650284 ], [ 71.49514961, 20.90736473 ], [ 71.48516321, 20.91063774 ], [ 71.48851085, 20.91203535 ], [ 71.48815918, 20.91424024 ], [ 71.48845637, 20.91451025 ], [ 71.4932785, 20.91768956 ], [ 71.49836171, 20.91663527 ], [ 71.50029135, 20.91764367 ], [ 71.50669491, 20.9157871 ], [ 71.50744104, 20.91590154 ], [ 71.50984192, 20.91796875 ], [ 71.51026166, 20.91796875 ], [ 71.51482236, 20.92104602 ], [ 71.51648664, 20.9233371 ], [ 71.51522851, 20.92448127 ], [ 71.51118696, 20.92368805 ], [ 71.51020145, 20.92803073 ], [ 71.50682294, 20.93179083 ], [ 71.51052594, 20.93563592 ], [ 71.51095355, 20.93698156 ], [ 71.51109326, 20.93775105 ], [ 71.51098681, 20.93910754 ], [ 71.50864422, 20.94211638 ], [ 71.50879872, 20.94238615 ], [ 71.51327312, 20.94679666 ], [ 71.51729107, 20.94888616 ], [ 71.52003408, 20.94914865 ], [ 71.52277148, 20.94879985 ], [ 71.52383554, 20.94627476 ], [ 71.52413523, 20.94658315 ], [ 71.52616084, 20.94866657 ], [ 71.52893484, 20.94896877 ], [ 71.54208314, 20.95641613 ], [ 71.54259586, 20.95675051 ], [ 71.55850065, 20.97067356 ], [ 71.57055342, 20.97450483 ], [ 71.57957935, 20.98750377 ], [ 71.58890343, 20.9897058 ], [ 71.59673452, 20.99718022 ], [ 71.60151148, 21.00042307 ], [ 71.60210204, 21.00045812 ], [ 71.60188127, 20.99796855 ], [ 71.59673607, 20.99522865 ], [ 71.59107375, 20.98920321 ], [ 71.58060348, 20.98594737 ], [ 71.57355773, 20.9747889 ], [ 71.56955588, 20.97231138 ], [ 71.55886185, 20.96899951 ], [ 71.55687606, 20.96743464 ], [ 71.55039835, 20.95930004 ], [ 71.53396475, 20.94826603 ], [ 71.53028035, 20.94323635 ], [ 71.53025234, 20.94305408 ], [ 71.53400791, 20.94308031 ], [ 71.53613043, 20.94500387 ], [ 71.54082751, 20.94653034 ], [ 71.54596055, 20.95061505 ], [ 71.54804647, 20.94949782 ], [ 71.55595374, 20.95025003 ], [ 71.56467295, 20.94956088 ], [ 71.56669295, 20.95052803 ], [ 71.56892645, 20.95383084 ], [ 71.57222128, 20.95307064 ], [ 71.57492614, 20.95416784 ], [ 71.57947421, 20.95399022 ], [ 71.57896292, 20.95706308 ], [ 71.58108091, 20.95886004 ], [ 71.58484972, 20.95907354 ], [ 71.58717263, 20.96058035 ], [ 71.59192765, 20.96038771 ], [ 71.59778094, 20.96734214 ], [ 71.59878874, 20.96705174 ], [ 71.59912682, 20.96487582 ], [ 71.60278451, 20.96435416 ], [ 71.61165488, 20.96739626 ], [ 71.61039186, 20.97172332 ], [ 71.61286294, 20.97544634 ], [ 71.61797166, 20.97424757 ], [ 71.61860943, 20.97221816 ], [ 71.61768246, 20.96907115 ], [ 71.62018025, 20.9693588 ], [ 71.62176275, 20.96765184 ], [ 71.62806106, 20.96941543 ], [ 71.63807905, 20.97477925 ], [ 71.63837743, 20.97646272 ], [ 71.63631237, 20.97778118 ], [ 71.63609052, 20.98009765 ], [ 71.63842976, 20.98947024 ], [ 71.64647162, 20.99453473 ], [ 71.654989, 20.99770415 ], [ 71.66399217, 20.99944925 ], [ 71.66867006, 20.99944925 ], [ 71.67562664, 20.99672222 ], [ 71.67953396, 20.99739444 ], [ 71.67939627, 21.00100684 ], [ 71.68228126, 21.00415504 ], [ 71.68945897, 21.00803566 ], [ 71.69655216, 21.00900996 ], [ 71.70962405, 21.01763046 ], [ 71.71112215, 21.01847184 ], [ 71.71740591, 21.02092636 ], [ 71.71875, 21.02092636 ], [ 71.71875, 21.02120531 ], [ 71.72118592, 21.02168012 ], [ 71.72723365, 21.02099395 ], [ 71.72825158, 21.01907504 ], [ 71.72677386, 21.01485205 ], [ 71.72871995, 21.01524258 ], [ 71.72934461, 21.01356018 ], [ 71.73027873, 21.01692021 ], [ 71.73263764, 21.01745391 ], [ 71.73349524, 21.01943612 ], [ 71.73585248, 21.0205183 ], [ 71.73894584, 21.01733994 ], [ 71.74274874, 21.02016747 ], [ 71.74468064, 21.01901364 ], [ 71.74773586, 21.02055705 ], [ 71.75045693, 21.02015555 ], [ 71.75302875, 21.02264404 ], [ 71.75581777, 21.02079606 ], [ 71.76055825, 21.02016163 ], [ 71.76453245, 21.02178371 ], [ 71.76380527, 21.02471995 ], [ 71.76519692, 21.02622771 ], [ 71.76853704, 21.02617645 ], [ 71.77143514, 21.02724624 ], [ 71.77165496, 21.02872336 ], [ 71.78085434, 21.02976012 ], [ 71.78287494, 21.03156006 ], [ 71.78485656, 21.03135443 ], [ 71.78548896, 21.03279877 ], [ 71.78345144, 21.03249347 ], [ 71.78051877, 21.03618336 ], [ 71.77768636, 21.03769696 ], [ 71.77853966, 21.03986824 ], [ 71.779356, 21.03854763 ], [ 71.78315568, 21.03959084 ], [ 71.7845, 21.03886807 ], [ 71.78648222, 21.04051352 ], [ 71.78744447, 21.03984201 ], [ 71.78632236, 21.03769505 ], [ 71.78869665, 21.03991306 ], [ 71.79127514, 21.03949904 ], [ 71.79074764, 21.0368849 ], [ 71.79192197, 21.03606296 ], [ 71.79544044, 21.03856385 ], [ 71.79712832, 21.03783536 ], [ 71.79902494, 21.03922248 ], [ 71.80114031, 21.03768837 ], [ 71.80426621, 21.03871655 ], [ 71.80669832, 21.03800321 ], [ 71.80668771, 21.03986645 ], [ 71.8040235, 21.04340613 ], [ 71.80450845, 21.04551077 ], [ 71.80256355, 21.04547024 ], [ 71.80236006, 21.04801571 ], [ 71.80064213, 21.04819107 ], [ 71.79930246, 21.05123961 ], [ 71.79651058, 21.05329597 ], [ 71.79698861, 21.05771744 ], [ 71.80081534, 21.06166315 ], [ 71.80638492, 21.06360137 ], [ 71.82007706, 21.07183087 ], [ 71.82298994, 21.07035506 ], [ 71.82370365, 21.0681287 ], [ 71.82807982, 21.06922936 ], [ 71.83241737, 21.07257283 ], [ 71.83571875, 21.07256925 ], [ 71.83931804, 21.07484972 ], [ 71.84189296, 21.07494485 ], [ 71.84090364, 21.07679856 ], [ 71.84462535, 21.07830787 ], [ 71.8474009, 21.07824993 ], [ 71.84696555, 21.07658207 ], [ 71.84976673, 21.07700455 ], [ 71.85301506, 21.08016098 ], [ 71.85685623, 21.08122516 ], [ 71.86067295, 21.08514571 ], [ 71.86412835, 21.08678818 ], [ 71.86795402, 21.08602905 ], [ 71.87006593, 21.08859396 ], [ 71.86965215, 21.09019744 ], [ 71.87398791, 21.09012294 ], [ 71.87467432, 21.08857536 ], [ 71.87501645, 21.08849502 ], [ 71.87574005, 21.08866513 ], [ 71.8795706, 21.08987343 ], [ 71.88362885, 21.09375 ], [ 71.88376915, 21.09375 ], [ 71.88514447, 21.09467626 ], [ 71.88916481, 21.10190463 ], [ 71.89734554, 21.10605764 ], [ 71.89970088, 21.10927665 ], [ 71.90265632, 21.10867226 ], [ 71.91954243, 21.11257565 ], [ 71.92611265, 21.11119747 ], [ 71.92880297, 21.11432862 ], [ 71.93143225, 21.11444044 ], [ 71.93227947, 21.11578608 ], [ 71.94024885, 21.11511946 ], [ 71.94374847, 21.12042725 ], [ 71.94521737, 21.11764264 ], [ 71.95163107, 21.11822045 ], [ 71.95318401, 21.11902237 ], [ 71.95437825, 21.12274253 ], [ 71.95632386, 21.12289953 ], [ 71.95638001, 21.12143075 ], [ 71.96034825, 21.12431574 ], [ 71.96650708, 21.12290895 ], [ 71.96490693, 21.12212276 ], [ 71.96437442, 21.12029803 ], [ 71.96579826, 21.12086964 ], [ 71.96597588, 21.12217915 ], [ 71.96813381, 21.12142456 ], [ 71.97121954, 21.12308395 ], [ 71.9701457, 21.12083626 ], [ 71.97667766, 21.12102485 ], [ 71.97803187, 21.12351418 ], [ 71.9747051, 21.12513626 ], [ 71.97690058, 21.1282413 ], [ 71.97408211, 21.12869728 ], [ 71.97734368, 21.13085234 ], [ 71.98077786, 21.13093615 ], [ 71.98608696, 21.13351285 ], [ 71.98307085, 21.13523865 ], [ 71.97895515, 21.13531125 ], [ 71.99173331, 21.14272916 ], [ 71.99101162, 21.15257621 ], [ 71.98898697, 21.15435135 ], [ 71.98622131, 21.15302014 ], [ 71.98586488, 21.15672433 ], [ 71.98884225, 21.15911508 ], [ 71.99305582, 21.15957832 ], [ 71.9952352, 21.16114891 ], [ 71.99447596, 21.16376781 ], [ 71.99585283, 21.16562331 ], [ 71.99288595, 21.16928065 ], [ 71.99426246, 21.16985095 ], [ 71.99543345, 21.1688832 ], [ 71.99635684, 21.16977417 ], [ 71.99774754, 21.16489375 ], [ 72.00305605, 21.16851687 ], [ 72.00509405, 21.17383873 ], [ 72.00403535, 21.17584157 ], [ 72.00427377, 21.18056858 ], [ 72.00681317, 21.1808145 ], [ 72.00861704, 21.18251765 ], [ 72.01017332, 21.18213022 ], [ 72.01110637, 21.18579042 ], [ 72.01244926, 21.18538701 ], [ 72.01509035, 21.18687844 ], [ 72.01633632, 21.18584895 ], [ 72.01788747, 21.18812275 ], [ 72.02058971, 21.18623424 ], [ 72.0207051, 21.18356693 ], [ 72.02191281, 21.18352425 ], [ 72.02173054, 21.18201756 ], [ 72.02389407, 21.18049824 ], [ 72.0195086, 21.17583823 ], [ 72.01662195, 21.17075825 ], [ 72.01382577, 21.1715337 ], [ 72.01221263, 21.1703732 ], [ 72.01235902, 21.16818035 ], [ 72.01438725, 21.16811621 ], [ 72.01441073, 21.16520882 ], [ 72.00693584, 21.16195655 ], [ 72.00628924, 21.16015565 ], [ 72.00871384, 21.15801275 ], [ 72.00873733, 21.15639055 ], [ 72.00585484, 21.15474916 ], [ 72.00444615, 21.15254486 ], [ 72.00224602, 21.15368187 ], [ 71.99938524, 21.15339208 ], [ 71.99902022, 21.14876735 ], [ 71.99682951, 21.14719772 ], [ 71.99710035, 21.14210558 ], [ 72.00388944, 21.14128041 ], [ 72.00447154, 21.14014268 ], [ 72.00292861, 21.13937223 ], [ 72.00254154, 21.13731468 ], [ 72.00386262, 21.13647497 ], [ 72.00739205, 21.13719678 ], [ 72.00622892, 21.13432336 ], [ 72.00827062, 21.13258982 ], [ 72.01128972, 21.13607061 ], [ 72.01126945, 21.13887596 ], [ 72.00938165, 21.14103734 ], [ 72.01026475, 21.14562905 ], [ 72.01233482, 21.14774954 ], [ 72.01660895, 21.14903045 ], [ 72.01807845, 21.15389895 ], [ 72.01848495, 21.15419805 ], [ 72.02257526, 21.15567195 ], [ 72.02164495, 21.15397096 ], [ 72.02621746, 21.15404725 ], [ 72.03667045, 21.1585319 ], [ 72.03877592, 21.16130555 ], [ 72.04189181, 21.16263735 ], [ 72.04299414, 21.15973401 ], [ 72.04639292, 21.15915906 ], [ 72.04882765, 21.16369843 ], [ 72.05086577, 21.16486204 ], [ 72.05617487, 21.17161524 ], [ 72.05599022, 21.17390096 ], [ 72.05933523, 21.17463756 ], [ 72.05922866, 21.17346346 ], [ 72.06286955, 21.17271113 ], [ 72.06399608, 21.17704153 ], [ 72.06572747, 21.17797506 ], [ 72.06773508, 21.17700291 ], [ 72.06914806, 21.17937684 ], [ 72.0703125, 21.17940843 ], [ 72.0703125, 21.1796875 ], [ 72.07262075, 21.17864454 ], [ 72.07500935, 21.17924011 ], [ 72.08010495, 21.1848886 ], [ 72.08744776, 21.18707967 ], [ 72.08721137, 21.19019437 ], [ 72.10039628, 21.19320345 ], [ 72.10641587, 21.19667256 ], [ 72.10864687, 21.19683444 ], [ 72.10726047, 21.19510043 ], [ 72.11070681, 21.19655383 ], [ 72.11378515, 21.19644773 ], [ 72.11539006, 21.20122051 ], [ 72.11528075, 21.20214784 ], [ 72.11500561, 21.20246828 ], [ 72.11069834, 21.20461225 ], [ 72.11069727, 21.20523655 ], [ 72.11307395, 21.20743465 ], [ 72.11288035, 21.21019161 ], [ 72.11454642, 21.21159601 ], [ 72.11274254, 21.21182787 ], [ 72.11196208, 21.21344423 ], [ 72.10920477, 21.21487796 ], [ 72.10631287, 21.21474373 ], [ 72.10535943, 21.21601164 ], [ 72.11081934, 21.21941805 ], [ 72.11242795, 21.22229004 ], [ 72.10980523, 21.22512412 ], [ 72.10876143, 21.22069836 ], [ 72.10579061, 21.22183132 ], [ 72.10421181, 21.22480047 ], [ 72.10120451, 21.22291911 ], [ 72.09651256, 21.22285378 ], [ 72.09493124, 21.22505045 ], [ 72.09143031, 21.22659194 ], [ 72.08973885, 21.22818005 ], [ 72.08798206, 21.23117065 ], [ 72.08614635, 21.2414366 ], [ 72.08228636, 21.24581075 ], [ 72.08169401, 21.25148428 ], [ 72.08337712, 21.25168824 ], [ 72.0852108, 21.24931765 ], [ 72.09257436, 21.26111841 ], [ 72.09498906, 21.2613759 ], [ 72.09759355, 21.26322603 ], [ 72.09781563, 21.26953125 ], [ 72.09816206, 21.26953125 ], [ 72.09807193, 21.27110195 ], [ 72.09705067, 21.27517295 ], [ 72.09748864, 21.2762475 ], [ 72.09662116, 21.27777398 ], [ 72.09609556, 21.27771151 ], [ 72.09496987, 21.27432334 ], [ 72.09446955, 21.27432287 ], [ 72.09384787, 21.27448738 ], [ 72.08800793, 21.27833807 ], [ 72.08773446, 21.27873957 ], [ 72.08490574, 21.29031634 ], [ 72.08289993, 21.29138112 ], [ 72.07810807, 21.28853107 ], [ 72.07559514, 21.28885973 ], [ 72.07513404, 21.29018795 ], [ 72.07772398, 21.29232383 ], [ 72.0790894, 21.29133356 ], [ 72.08110178, 21.29362905 ], [ 72.07998848, 21.29435766 ], [ 72.07925224, 21.29850495 ], [ 72.07582831, 21.29942918 ], [ 72.07615364, 21.30207157 ], [ 72.07633805, 21.30235696 ], [ 72.07931328, 21.30115592 ], [ 72.08221555, 21.29541373 ], [ 72.08621597, 21.29799295 ], [ 72.08386338, 21.30260575 ], [ 72.0848999, 21.30412614 ], [ 72.0864495, 21.30387533 ], [ 72.08700335, 21.30009401 ], [ 72.08908975, 21.29809344 ], [ 72.08775938, 21.29540861 ], [ 72.09101391, 21.28865433 ], [ 72.0912168, 21.28831494 ], [ 72.09258354, 21.28719211 ], [ 72.09442842, 21.28780067 ], [ 72.09631836, 21.28356242 ], [ 72.09841084, 21.2830106 ], [ 72.10060835, 21.27997148 ], [ 72.10208142, 21.27808857 ], [ 72.10387552, 21.27858353 ], [ 72.10664475, 21.28252101 ], [ 72.10919511, 21.28311801 ], [ 72.10881555, 21.28454804 ], [ 72.11083186, 21.28692937 ], [ 72.11188722, 21.29527664 ], [ 72.10943544, 21.30158603 ], [ 72.11448622, 21.31254125 ], [ 72.12157023, 21.32500494 ], [ 72.12602925, 21.33099866 ], [ 72.13385332, 21.34056318 ], [ 72.14966416, 21.35624623 ], [ 72.16069198, 21.37051988 ], [ 72.16700244, 21.37677026 ], [ 72.16723883, 21.38237965 ], [ 72.17670953, 21.39636266 ], [ 72.18378258, 21.40059435 ], [ 72.18700635, 21.40427053 ], [ 72.19591653, 21.41061032 ], [ 72.20108163, 21.41278374 ], [ 72.20227778, 21.41733611 ], [ 72.20981824, 21.42260814 ], [ 72.21073973, 21.42486787 ], [ 72.21397722, 21.4269973 ], [ 72.21439934, 21.42944825 ], [ 72.21656823, 21.43205166 ], [ 72.22331882, 21.43880713 ], [ 72.22380614, 21.43947136 ], [ 72.2254312, 21.4453125 ], [ 72.22556341, 21.4453125 ], [ 72.23510766, 21.45656025 ], [ 72.23578846, 21.46402252 ], [ 72.24212801, 21.47250056 ], [ 72.25367331, 21.50065052 ], [ 72.25575757, 21.51196802 ], [ 72.2650938, 21.54033315 ], [ 72.2643038, 21.55577874 ], [ 72.26746011, 21.56340885 ], [ 72.26946187, 21.57400215 ], [ 72.28583491, 21.59974504 ], [ 72.30225635, 21.61933494 ], [ 72.30318892, 21.62109375 ], [ 72.30298615, 21.62109375 ], [ 72.30545604, 21.62655807 ], [ 72.30595672, 21.62857604 ], [ 72.30598843, 21.63155675 ], [ 72.3056519, 21.63433886 ], [ 72.30506992, 21.63559461 ], [ 72.30366695, 21.63647675 ], [ 72.30255675, 21.64387822 ], [ 72.29795456, 21.65118527 ], [ 72.29130936, 21.65722573 ], [ 72.28570676, 21.66524208 ], [ 72.28552091, 21.67601061 ], [ 72.28312623, 21.68357027 ], [ 72.27742815, 21.69423223 ], [ 72.26848245, 21.70636761 ], [ 72.26929486, 21.70779693 ], [ 72.26809502, 21.71081877 ], [ 72.25991011, 21.72364068 ], [ 72.25795662, 21.72791565 ], [ 72.24727631, 21.75136411 ], [ 72.24767005, 21.75417244 ], [ 72.24606335, 21.76103413 ], [ 72.2436347, 21.76383257 ], [ 72.24438393, 21.76969504 ], [ 72.24140847, 21.78729451 ], [ 72.23581612, 21.7914232 ], [ 72.22808015, 21.79375124 ], [ 72.22481215, 21.79552507 ], [ 72.22342682, 21.796875 ], [ 72.22295666, 21.796875 ], [ 72.2150737, 21.80248284 ], [ 72.21157277, 21.80596006 ], [ 72.20920777, 21.81653285 ], [ 72.20507693, 21.82223713 ], [ 72.19486165, 21.82700884 ], [ 72.18668485, 21.82640398 ], [ 72.18430412, 21.82395208 ], [ 72.18363965, 21.82368791 ], [ 72.18303871, 21.82398546 ], [ 72.18340194, 21.82510507 ], [ 72.1859827, 21.82725537 ], [ 72.18665326, 21.82750702 ], [ 72.18945312, 21.828125 ], [ 72.19201314, 21.82809556 ], [ 72.19800091, 21.82694352 ], [ 72.20325661, 21.82474196 ], [ 72.20899558, 21.82039285 ], [ 72.21079338, 21.81755161 ], [ 72.21210682, 21.81403112 ], [ 72.21278071, 21.80908334 ], [ 72.21336496, 21.80781937 ], [ 72.21492755, 21.80538762 ], [ 72.21876335, 21.80184376 ], [ 72.22746384, 21.796875 ], [ 72.22793007, 21.796875 ], [ 72.22994888, 21.79582572 ], [ 72.23440671, 21.79450095 ], [ 72.23599422, 21.79481661 ], [ 72.23623657, 21.79624796 ], [ 72.24579346, 21.79238105 ], [ 72.24711478, 21.79081976 ], [ 72.24830413, 21.78886604 ], [ 72.2493391, 21.77502823 ], [ 72.25198126, 21.76408374 ], [ 72.25969326, 21.74960697 ], [ 72.26110184, 21.74424016 ], [ 72.26350295, 21.74058247 ], [ 72.26430225, 21.74024165 ], [ 72.26482832, 21.74039185 ], [ 72.26992023, 21.74709606 ], [ 72.27107394, 21.75062013 ], [ 72.27023005, 21.75683701 ], [ 72.26578975, 21.76597798 ], [ 72.2616322, 21.77908695 ], [ 72.25885332, 21.796875 ], [ 72.25901425, 21.796875 ], [ 72.25898266, 21.83685565 ], [ 72.25519645, 21.85697174 ], [ 72.25582266, 21.86926544 ], [ 72.25771856, 21.87373853 ], [ 72.25832808, 21.88187575 ], [ 72.25832355, 21.88189435 ], [ 72.25537693, 21.89228022 ], [ 72.25323307, 21.89711511 ], [ 72.24933696, 21.9030652 ], [ 72.24696457, 21.90975571 ], [ 72.24245656, 21.91643381 ], [ 72.23601615, 21.92112553 ], [ 72.23126006, 21.92649174 ], [ 72.23089457, 21.92704284 ], [ 72.22592914, 21.94052291 ], [ 72.22091615, 21.94727135 ], [ 72.22019756, 21.94770741 ], [ 72.21379006, 21.94844985 ], [ 72.21018875, 21.94484401 ], [ 72.2020843, 21.93962777 ], [ 72.19038606, 21.93697143 ], [ 72.18352485, 21.94000351 ], [ 72.18175972, 21.94326401 ], [ 72.17366076, 21.95069385 ], [ 72.16602266, 21.95514297 ], [ 72.15987706, 21.95723045 ], [ 72.15434575, 21.95722306 ], [ 72.14738357, 21.95483637 ], [ 72.14733815, 21.95523286 ], [ 72.15290022, 21.95836842 ], [ 72.16018677, 21.95927584 ], [ 72.16055715, 21.95966816 ], [ 72.16098142, 21.96149003 ], [ 72.16086137, 21.96197093 ], [ 72.15761173, 21.96780777 ], [ 72.15655053, 21.97265625 ], [ 72.15611625, 21.97374427 ], [ 72.14671874, 21.98313105 ], [ 72.15610135, 21.97577608 ], [ 72.1565479, 21.97526264 ], [ 72.15715134, 21.97265625 ], [ 72.15879154, 21.96753287 ], [ 72.1591047, 21.96697176 ], [ 72.16425073, 21.95995641 ], [ 72.16768146, 21.95818305 ], [ 72.17424202, 21.95860815 ], [ 72.18630326, 21.94495797 ], [ 72.19089603, 21.94257283 ], [ 72.20867765, 21.95403266 ], [ 72.21536076, 21.95616472 ], [ 72.22112966, 21.95633125 ], [ 72.22118545, 21.96748006 ], [ 72.22539735, 21.97861111 ], [ 72.22810376, 21.99106336 ], [ 72.2300266, 21.99438834 ], [ 72.23025668, 21.99872613 ], [ 72.22865581, 21.99958885 ], [ 72.23141575, 22.00387168 ], [ 72.23115134, 22.00680554 ], [ 72.22819436, 22.00823307 ], [ 72.22309434, 22.00553536 ], [ 72.2162497, 21.99961591 ], [ 72.21364987, 21.99896026 ], [ 72.2100265, 21.99962688 ], [ 72.20692766, 22.00286484 ], [ 72.20108342, 22.00411105 ], [ 72.19771945, 22.00755346 ], [ 72.19838572, 22.01434958 ], [ 72.19748187, 22.01638484 ], [ 72.18609905, 22.01531684 ], [ 72.18023038, 22.01891983 ], [ 72.18190145, 22.02400482 ], [ 72.18083346, 22.03299451 ], [ 72.17720115, 22.03560936 ], [ 72.17241037, 22.04136336 ], [ 72.17578697, 22.04046762 ], [ 72.1784749, 22.03644824 ], [ 72.18239737, 22.0347445 ], [ 72.18551254, 22.0266366 ], [ 72.18500757, 22.02095628 ], [ 72.18651307, 22.01953185 ], [ 72.18820751, 22.01945174 ], [ 72.1908648, 22.02144277 ], [ 72.19662666, 22.02230668 ], [ 72.20847452, 22.01087761 ], [ 72.21165407, 22.01037908 ], [ 72.21642005, 22.01184952 ], [ 72.22365153, 22.02082396 ], [ 72.22584724, 22.01928174 ], [ 72.23281586, 22.01770341 ], [ 72.23372114, 22.0248785 ], [ 72.23051894, 22.03743124 ], [ 72.23017275, 22.04434943 ], [ 72.23097157, 22.04866505 ], [ 72.23398316, 22.05429423 ], [ 72.23825777, 22.05913067 ], [ 72.25467718, 22.06550312 ], [ 72.26547456, 22.07443726 ], [ 72.27810931, 22.0802325 ], [ 72.27843964, 22.08280933 ], [ 72.27685475, 22.08375931 ], [ 72.27446616, 22.09201384 ], [ 72.27496934, 22.09691095 ], [ 72.26613665, 22.10160244 ], [ 72.26625454, 22.10584152 ], [ 72.26831198, 22.10605884 ], [ 72.26873231, 22.10242176 ], [ 72.2702316, 22.10032702 ], [ 72.27429473, 22.10023606 ], [ 72.2767359, 22.09813595 ], [ 72.27713716, 22.09085834 ], [ 72.280864, 22.09153283 ], [ 72.28335595, 22.09366953 ], [ 72.28473425, 22.09259105 ], [ 72.28728294, 22.09557116 ], [ 72.28617024, 22.09661376 ], [ 72.28713894, 22.09976995 ], [ 72.29436076, 22.10278237 ], [ 72.29953432, 22.10864615 ], [ 72.30196404, 22.10596883 ], [ 72.30092096, 22.09889436 ], [ 72.30320871, 22.09521484 ], [ 72.30251443, 22.08912277 ], [ 72.29833364, 22.08176374 ], [ 72.29518175, 22.08106375 ], [ 72.30401552, 22.07669795 ], [ 72.30408645, 22.07213986 ], [ 72.29778314, 22.06306982 ], [ 72.29434347, 22.06308401 ], [ 72.29201186, 22.06791592 ], [ 72.28661418, 22.07397115 ], [ 72.26879466, 22.06362307 ], [ 72.24917924, 22.05538714 ], [ 72.24206984, 22.05049896 ], [ 72.24165165, 22.04875922 ], [ 72.24522221, 22.03304064 ], [ 72.24877524, 22.02976596 ], [ 72.25491416, 22.02788305 ], [ 72.25719714, 22.02577746 ], [ 72.26079535, 22.01881933 ], [ 72.26078355, 22.01524615 ], [ 72.25549495, 22.00743175 ], [ 72.25352311, 22.00130606 ], [ 72.25190651, 21.98772836 ], [ 72.25202084, 21.9869678 ], [ 72.25527096, 21.9821161 ], [ 72.2597357, 21.98212493 ], [ 72.26157045, 21.98113644 ], [ 72.26027226, 21.97415483 ], [ 72.26054847, 21.95975125 ], [ 72.26318944, 21.9524101 ], [ 72.26325285, 21.94656563 ], [ 72.26685631, 21.93731523 ], [ 72.26832926, 21.93568635 ], [ 72.27545273, 21.9296205 ], [ 72.275949, 21.92981184 ], [ 72.27841675, 21.93210185 ], [ 72.27847564, 21.93252826 ], [ 72.27735317, 21.93842697 ], [ 72.27911484, 21.94720697 ], [ 72.27911496, 21.95460665 ], [ 72.27732742, 21.95823145 ], [ 72.27417505, 21.96060348 ], [ 72.27141404, 21.96531904 ], [ 72.27106285, 21.96696496 ], [ 72.27145648, 21.96750426 ], [ 72.27986765, 21.96431363 ], [ 72.28185093, 21.97265625 ], [ 72.28191221, 21.97265625 ], [ 72.28484964, 21.98238015 ], [ 72.28768301, 22.00105834 ], [ 72.29228735, 22.01384962 ], [ 72.29886198, 22.04311144 ], [ 72.30565894, 22.06486738 ], [ 72.30669761, 22.07688725 ], [ 72.31309271, 22.09648645 ], [ 72.31555331, 22.09987211 ], [ 72.31520724, 22.10197926 ], [ 72.31225562, 22.10543823 ], [ 72.31139576, 22.11114621 ], [ 72.31455195, 22.11573565 ], [ 72.31784284, 22.11587918 ], [ 72.31833816, 22.11632335 ], [ 72.32317591, 22.12243652 ], [ 72.32324481, 22.12272668 ], [ 72.32168257, 22.12357235 ], [ 72.32078946, 22.12563717 ], [ 72.32173121, 22.12709618 ], [ 72.32023168, 22.12843037 ], [ 72.32322514, 22.12951791 ], [ 72.3238039, 22.13104618 ], [ 72.31371677, 22.13709211 ], [ 72.31044066, 22.14578342 ], [ 72.30993736, 22.1484375 ], [ 72.31010997, 22.1484375 ], [ 72.30980885, 22.14885604 ], [ 72.31044304, 22.16100192 ], [ 72.31244254, 22.16724944 ], [ 72.31167531, 22.16950536 ], [ 72.31361282, 22.17133665 ], [ 72.31260157, 22.18042004 ], [ 72.30805147, 22.18400145 ], [ 72.30344415, 22.18272746 ], [ 72.30023384, 22.18593454 ], [ 72.29705811, 22.19101214 ], [ 72.29708552, 22.19855905 ], [ 72.29436505, 22.20214117 ], [ 72.29471481, 22.20236135 ], [ 72.2977308, 22.20099354 ], [ 72.29977703, 22.19287765 ], [ 72.30327106, 22.19311392 ], [ 72.30793107, 22.18901384 ], [ 72.31568694, 22.18501365 ], [ 72.31726766, 22.18174064 ], [ 72.31966817, 22.17186534 ], [ 72.31628966, 22.15940964 ], [ 72.31643641, 22.1484375 ], [ 72.31652665, 22.1484375 ], [ 72.31648994, 22.14683843 ], [ 72.31895542, 22.14785707 ], [ 72.32078505, 22.14627933 ], [ 72.32397723, 22.14684486 ], [ 72.33390403, 22.14086616 ], [ 72.33514285, 22.13865781 ], [ 72.33961523, 22.13865781 ], [ 72.34268153, 22.13284266 ], [ 72.34124625, 22.1255182 ], [ 72.34161127, 22.12462056 ], [ 72.34226131, 22.12462497 ], [ 72.35026395, 22.12675798 ], [ 72.34984016, 22.13142741 ], [ 72.3522408, 22.13590825 ], [ 72.35231066, 22.14216185 ], [ 72.35049152, 22.14543831 ], [ 72.35070586, 22.14669514 ], [ 72.35188901, 22.14776075 ], [ 72.35234594, 22.14782333 ], [ 72.35308957, 22.14644635 ], [ 72.35581076, 22.14642835 ], [ 72.35655904, 22.1484375 ], [ 72.35680425, 22.1484375 ], [ 72.35678816, 22.14988637 ], [ 72.35376883, 22.16111386 ], [ 72.34735715, 22.1633234 ], [ 72.34449577, 22.16763008 ], [ 72.34435105, 22.167997 ], [ 72.34598064, 22.16831195 ], [ 72.35158896, 22.16479623 ], [ 72.35330915, 22.16501605 ], [ 72.35463285, 22.17156851 ], [ 72.35365558, 22.18024635 ], [ 72.35200834, 22.18180025 ], [ 72.35620034, 22.18183756 ], [ 72.36013341, 22.18656754 ], [ 72.36007941, 22.18959892 ], [ 72.35787666, 22.19279885 ], [ 72.35814238, 22.19292247 ], [ 72.35938895, 22.19271874 ], [ 72.36370313, 22.18881333 ], [ 72.36305857, 22.18357694 ], [ 72.36034203, 22.17952776 ], [ 72.35924506, 22.17281485 ], [ 72.37075746, 22.172279 ], [ 72.37270045, 22.17066515 ], [ 72.37481236, 22.16622233 ], [ 72.37456501, 22.15167105 ], [ 72.3751111, 22.15096557 ], [ 72.37637913, 22.14986551 ], [ 72.37667775, 22.14987016 ], [ 72.37871671, 22.1516031 ], [ 72.37714887, 22.15712976 ], [ 72.37744617, 22.15790427 ], [ 72.37797236, 22.15836728 ], [ 72.37921405, 22.15832806 ], [ 72.38409805, 22.15607774 ], [ 72.38440955, 22.15633845 ], [ 72.38711464, 22.15997696 ], [ 72.38716924, 22.16030395 ], [ 72.38610327, 22.16377056 ], [ 72.38656175, 22.16836667 ], [ 72.38554394, 22.17005587 ], [ 72.38665354, 22.17201173 ], [ 72.38873255, 22.17114866 ], [ 72.38967931, 22.16706598 ], [ 72.39163125, 22.16787684 ], [ 72.38911664, 22.17494941 ], [ 72.39012742, 22.178707 ], [ 72.39174914, 22.17948616 ], [ 72.3917433, 22.17980373 ], [ 72.39138091, 22.18032467 ], [ 72.38656557, 22.18878341 ], [ 72.38512194, 22.19070876 ], [ 72.38064516, 22.19476795 ], [ 72.37776422, 22.19648504 ], [ 72.36778975, 22.19964564 ], [ 72.36514211, 22.20093036 ], [ 72.36326492, 22.20316625 ], [ 72.36255991, 22.20461547 ], [ 72.36111593, 22.20941675 ], [ 72.36014974, 22.22496724 ], [ 72.36145985, 22.22872818 ], [ 72.37093127, 22.24260604 ], [ 72.37085211, 22.24523485 ], [ 72.36748552, 22.2487632 ], [ 72.36434853, 22.25511444 ], [ 72.36338866, 22.26015675 ], [ 72.3602215, 22.26028717 ], [ 72.35680425, 22.26325333 ], [ 72.35654175, 22.27093065 ], [ 72.35687745, 22.27117515 ], [ 72.35829425, 22.27080286 ], [ 72.3593384, 22.26743555 ], [ 72.36077166, 22.26807165 ], [ 72.36661387, 22.26637197 ], [ 72.36741471, 22.2645992 ], [ 72.37747884, 22.26078045 ], [ 72.38029444, 22.25653458 ], [ 72.38205957, 22.25313103 ], [ 72.38183975, 22.24733865 ], [ 72.38372755, 22.24581754 ], [ 72.37778783, 22.23984516 ], [ 72.37733793, 22.23898983 ], [ 72.37581515, 22.23562205 ], [ 72.37645924, 22.23010767 ], [ 72.37766314, 22.22658098 ], [ 72.38221812, 22.2185564 ], [ 72.38252282, 22.21827614 ], [ 72.39231455, 22.21355093 ], [ 72.39719164, 22.20600724 ], [ 72.39907062, 22.20126355 ], [ 72.39982045, 22.19938886 ], [ 72.40236795, 22.20824993 ], [ 72.40291131, 22.20938051 ], [ 72.40513146, 22.20958042 ], [ 72.40596342, 22.2136904 ], [ 72.40717268, 22.21318448 ], [ 72.41112936, 22.21554053 ], [ 72.41275895, 22.22161305 ], [ 72.41167486, 22.22686505 ], [ 72.41668868, 22.22761893 ], [ 72.41678107, 22.22802722 ], [ 72.41301811, 22.25398993 ], [ 72.41611934, 22.27123606 ], [ 72.41667843, 22.28009403 ], [ 72.41667843, 22.28128982 ], [ 72.41517532, 22.2927494 ], [ 72.41380954, 22.29702806 ], [ 72.41258454, 22.29812026 ], [ 72.41093636, 22.29902434 ], [ 72.38804877, 22.29857862 ], [ 72.38354671, 22.29980516 ], [ 72.38294613, 22.30008686 ], [ 72.37668824, 22.3051964 ], [ 72.37611628, 22.30594206 ], [ 72.37480724, 22.3087579 ], [ 72.37254715, 22.31690824 ], [ 72.37363315, 22.32421875 ], [ 72.37367451, 22.32421875 ], [ 72.37506831, 22.32878995 ], [ 72.37901723, 22.33566844 ], [ 72.38407564, 22.34063554 ], [ 72.38875997, 22.34341073 ], [ 72.38971317, 22.34380805 ], [ 72.3993839, 22.34629083 ], [ 72.40307224, 22.34884036 ], [ 72.40429604, 22.35218263 ], [ 72.40419173, 22.35262525 ], [ 72.40187836, 22.35535514 ], [ 72.39903736, 22.35566556 ], [ 72.39441705, 22.36281025 ], [ 72.39423335, 22.36298275 ], [ 72.38910997, 22.36590517 ], [ 72.38221681, 22.37525821 ], [ 72.38015962, 22.37537944 ], [ 72.37615395, 22.37321341 ], [ 72.36555111, 22.37311065 ], [ 72.36127436, 22.37146115 ], [ 72.36138856, 22.37463343 ], [ 72.3620609, 22.37554395 ], [ 72.36450231, 22.37748444 ], [ 72.37652373, 22.38503933 ], [ 72.38199675, 22.38511586 ], [ 72.39188945, 22.38156152 ], [ 72.39371777, 22.38241363 ], [ 72.39909744, 22.36906338 ], [ 72.41251242, 22.35796714 ], [ 72.41215396, 22.35020852 ], [ 72.40657008, 22.33582973 ], [ 72.40586305, 22.33417833 ], [ 72.40222132, 22.32768381 ], [ 72.39867854, 22.32421875 ], [ 72.38927555, 22.31530833 ], [ 72.38792276, 22.31264794 ], [ 72.38894558, 22.31030655 ], [ 72.39402366, 22.30739236 ], [ 72.39772236, 22.30699742 ], [ 72.40073395, 22.30735731 ], [ 72.40555882, 22.30993223 ], [ 72.40609884, 22.30984545 ], [ 72.41685581, 22.30575585 ], [ 72.41888404, 22.30551934 ], [ 72.421875, 22.30496645 ], [ 72.43470335, 22.30123937 ], [ 72.4414556, 22.29289997 ], [ 72.44443715, 22.28864396 ], [ 72.44545507, 22.28670025 ], [ 72.44490814, 22.28441811 ], [ 72.44655597, 22.28108525 ], [ 72.44972682, 22.27563536 ], [ 72.46037042, 22.25737536 ], [ 72.47039556, 22.24320924 ], [ 72.47082281, 22.23843014 ], [ 72.48223865, 22.24054277 ], [ 72.48825216, 22.24361157 ], [ 72.49082732, 22.24542797 ], [ 72.49257314, 22.24803746 ], [ 72.49292231, 22.24788857 ], [ 72.49323714, 22.24736607 ], [ 72.49439871, 22.24237823 ], [ 72.49203861, 22.23846304 ], [ 72.48648083, 22.23610151 ], [ 72.47784877, 22.23479712 ], [ 72.47962332, 22.23417127 ], [ 72.48893344, 22.23527873 ], [ 72.49117816, 22.2368834 ], [ 72.49264646, 22.23667586 ], [ 72.49108756, 22.22992837 ], [ 72.48546946, 22.22838545 ], [ 72.47882748, 22.22827923 ], [ 72.47868621, 22.2268728 ], [ 72.48506773, 22.2227931 ], [ 72.48152423, 22.21578503 ], [ 72.48012793, 22.21499622 ], [ 72.4813174, 22.21192074 ], [ 72.48116374, 22.21161103 ], [ 72.47790813, 22.20661271 ], [ 72.47553682, 22.20541561 ], [ 72.47417104, 22.20154047 ], [ 72.47463071, 22.20070004 ], [ 72.48732531, 22.19728982 ], [ 72.48778963, 22.19765532 ], [ 72.48952281, 22.20206368 ], [ 72.49190581, 22.20301294 ], [ 72.49163115, 22.20685744 ], [ 72.49231565, 22.20801938 ], [ 72.49260652, 22.20843196 ], [ 72.49881804, 22.21667314 ], [ 72.50411975, 22.22083998 ], [ 72.50494182, 22.22702193 ], [ 72.50661886, 22.22988546 ], [ 72.51687396, 22.23692906 ], [ 72.52351332, 22.24401045 ], [ 72.52420425, 22.24477828 ], [ 72.52452695, 22.24828601 ], [ 72.52378595, 22.26193428 ], [ 72.52438891, 22.26637375 ], [ 72.52555156, 22.26822364 ], [ 72.53302193, 22.27497184 ], [ 72.53289783, 22.27703822 ], [ 72.54290485, 22.28094316 ], [ 72.55324304, 22.28093863 ], [ 72.55378735, 22.27858353 ], [ 72.55339324, 22.27806103 ], [ 72.54827642, 22.27600634 ], [ 72.5391767, 22.27486861 ], [ 72.53753555, 22.27340746 ], [ 72.53781426, 22.27082252 ], [ 72.5349313, 22.26092041 ], [ 72.53758347, 22.25838184 ], [ 72.54112065, 22.25722218 ], [ 72.53885663, 22.25419033 ], [ 72.53803337, 22.25542045 ], [ 72.53631115, 22.25528491 ], [ 72.53344643, 22.25204384 ], [ 72.53392065, 22.25027072 ], [ 72.53709781, 22.25131237 ], [ 72.53783298, 22.2505455 ], [ 72.53426635, 22.24813545 ], [ 72.53332615, 22.24627602 ], [ 72.53699136, 22.24582791 ], [ 72.54165638, 22.24861455 ], [ 72.54158461, 22.24594104 ], [ 72.54092991, 22.2443583 ], [ 72.54162943, 22.24324155 ], [ 72.54230165, 22.24308038 ], [ 72.54451334, 22.24369383 ], [ 72.54494905, 22.24396431 ], [ 72.54647803, 22.2474786 ], [ 72.54892194, 22.24926674 ], [ 72.55274594, 22.25501013 ], [ 72.55619895, 22.25547492 ], [ 72.55752766, 22.25905025 ], [ 72.55823755, 22.25917101 ], [ 72.56083286, 22.25891113 ], [ 72.56156504, 22.25723934 ], [ 72.55980182, 22.24615908 ], [ 72.56014252, 22.2462759 ], [ 72.56775868, 22.25441825 ], [ 72.57020915, 22.25541365 ], [ 72.57086694, 22.25754476 ], [ 72.57182312, 22.25461495 ], [ 72.57392955, 22.25500822 ], [ 72.59612381, 22.27340806 ], [ 72.60238028, 22.27514625 ], [ 72.61037445, 22.27964294 ], [ 72.62820315, 22.28389466 ], [ 72.63528144, 22.28451121 ], [ 72.65589094, 22.27924037 ], [ 72.65810764, 22.27611256 ], [ 72.65838945, 22.26995063 ], [ 72.66051817, 22.26691997 ], [ 72.67073095, 22.25493646 ], [ 72.68073583, 22.24691558 ], [ 72.68334091, 22.24448156 ], [ 72.68601692, 22.24072254 ], [ 72.68833327, 22.23831081 ], [ 72.69195676, 22.23691571 ], [ 72.71833396, 22.23601961 ], [ 72.75257206, 22.23077655 ], [ 72.75570595, 22.23077714 ], [ 72.76212955, 22.23247004 ], [ 72.7734375, 22.23939717 ], [ 72.7734375, 22.23967636 ], [ 72.78056693, 22.24348915 ], [ 72.78203952, 22.24446845 ], [ 72.79327941, 22.25387096 ], [ 72.79561758, 22.25544417 ], [ 72.80605376, 22.26074743 ], [ 72.80656397, 22.26107776 ], [ 72.81068873, 22.26502836 ], [ 72.82628703, 22.27209055 ], [ 72.83780384, 22.2795372 ], [ 72.84131265, 22.28116834 ], [ 72.84407997, 22.28233635 ], [ 72.85281944, 22.28139341 ], [ 72.85541022, 22.27186584 ], [ 72.85571241, 22.26438785 ], [ 72.85962772, 22.25257587 ], [ 72.86229324, 22.24972296 ], [ 72.86526775, 22.24346113 ], [ 72.86700046, 22.24247432 ], [ 72.88270354, 22.24226224 ], [ 72.88357997, 22.24226904 ], [ 72.89418721, 22.24547815 ], [ 72.89469755, 22.24568093 ], [ 72.90046144, 22.24884045 ], [ 72.90439606, 22.25229883 ], [ 72.90924025, 22.25878775 ], [ 72.90953422, 22.25941896 ], [ 72.91228342, 22.26718914 ], [ 72.91237295, 22.27451098 ], [ 72.91388786, 22.27735245 ], [ 72.91379011, 22.27795684 ], [ 72.90751052, 22.28351152 ], [ 72.90727603, 22.2845602 ], [ 72.90745163, 22.29092312 ], [ 72.91004884, 22.29890752 ], [ 72.91493344, 22.30373812 ], [ 72.9222064, 22.30656326 ], [ 72.92858481, 22.30750155 ], [ 72.93395114, 22.31077611 ], [ 72.93437886, 22.31076658 ], [ 72.93965566, 22.3085103 ], [ 72.94330144, 22.30591094 ], [ 72.94376075, 22.30548775 ], [ 72.94779098, 22.29904974 ], [ 72.94793582, 22.29866898 ], [ 72.94994104, 22.29000556 ], [ 72.95144618, 22.28095543 ], [ 72.95036161, 22.26663005 ], [ 72.95240712, 22.25819492 ], [ 72.96096754, 22.25167406 ], [ 72.96910953, 22.25199127 ], [ 72.97907352, 22.25396132 ], [ 72.99106085, 22.26110172 ], [ 73.00310481, 22.26482177 ], [ 73.01342583, 22.27042413 ], [ 73.02223372, 22.27969325 ], [ 73.02220583, 22.28334105 ], [ 73.02446544, 22.28645766 ], [ 73.04103291, 22.3003087 ], [ 73.05488002, 22.30749726 ], [ 73.06082642, 22.31362855 ], [ 73.06227708, 22.31599271 ], [ 73.06219602, 22.32081664 ], [ 73.06023061, 22.32421875 ], [ 73.05987334, 22.32421875 ], [ 73.05598426, 22.33698726 ], [ 73.05518997, 22.33463395 ], [ 73.05327845, 22.33651543 ], [ 73.04697752, 22.35528624 ], [ 73.04573512, 22.36311495 ], [ 73.04939365, 22.37047923 ], [ 73.06630075, 22.38452697 ], [ 73.07080042, 22.39179981 ], [ 73.07095635, 22.39228153 ], [ 73.07216346, 22.39869547 ], [ 73.07202733, 22.39948034 ], [ 73.06687534, 22.41238427 ], [ 73.06530845, 22.41848612 ], [ 73.06442845, 22.42315435 ], [ 73.06497252, 22.42363405 ], [ 73.06608176, 22.42309237 ], [ 73.06651175, 22.42226827 ], [ 73.06748342, 22.41552675 ], [ 73.0676403, 22.41505134 ], [ 73.07375956, 22.39986098 ], [ 73.07247484, 22.39156282 ], [ 73.06883955, 22.38449275 ], [ 73.05559957, 22.37235296 ], [ 73.05327141, 22.37231696 ], [ 73.05037344, 22.36976874 ], [ 73.04754245, 22.36338174 ], [ 73.04754245, 22.35842311 ], [ 73.05191696, 22.34631038 ], [ 73.05529511, 22.34109116 ], [ 73.05601597, 22.33950186 ], [ 73.06198394, 22.32421875 ], [ 73.06203795, 22.32421875 ], [ 73.06332982, 22.32041454 ], [ 73.06332946, 22.31686735 ], [ 73.06219924, 22.31364226 ], [ 73.06190372, 22.31302381 ], [ 73.05831146, 22.30845237 ], [ 73.05593264, 22.30645621 ], [ 73.04501724, 22.30050206 ], [ 73.03424871, 22.29183543 ], [ 73.03296161, 22.29065716 ], [ 73.02713275, 22.28522921 ], [ 73.01189804, 22.26734591 ], [ 73.00376642, 22.26307321 ], [ 72.99842465, 22.26168728 ], [ 72.97267401, 22.24975038 ], [ 72.96138465, 22.24975133 ], [ 72.95892024, 22.25020814 ], [ 72.95373785, 22.25258315 ], [ 72.95203292, 22.2545855 ], [ 72.95031714, 22.25835395 ], [ 72.94819605, 22.26579463 ], [ 72.94957173, 22.27649772 ], [ 72.94746757, 22.29774201 ], [ 72.94735312, 22.29837382 ], [ 72.94294214, 22.30544186 ], [ 72.93379867, 22.30987966 ], [ 72.92632973, 22.30571771 ], [ 72.91756773, 22.30336416 ], [ 72.91144097, 22.29798865 ], [ 72.91084278, 22.29672635 ], [ 72.90903234, 22.29054916 ], [ 72.9084326, 22.28418064 ], [ 72.91619325, 22.27783692 ], [ 72.91842043, 22.2735815 ], [ 72.91857195, 22.27324474 ], [ 72.91981471, 22.26936448 ], [ 72.91976881, 22.26110184 ], [ 72.91797948, 22.25636911 ], [ 72.91185605, 22.24530041 ], [ 72.91038096, 22.24319673 ], [ 72.90601695, 22.23949552 ], [ 72.90112591, 22.23289847 ], [ 72.899176, 22.23187196 ], [ 72.88679504, 22.23044693 ], [ 72.88609827, 22.22990215 ], [ 72.87783074, 22.22376478 ], [ 72.87044513, 22.22356141 ], [ 72.86964643, 22.22366345 ], [ 72.8631798, 22.22611296 ], [ 72.84916985, 22.23571432 ], [ 72.82686067, 22.24044037 ], [ 72.81811941, 22.24748754 ], [ 72.81362641, 22.24757421 ], [ 72.81125915, 22.24671817 ], [ 72.80994701, 22.24615502 ], [ 72.80337942, 22.24151587 ], [ 72.79974747, 22.23814774 ], [ 72.79898596, 22.23719394 ], [ 72.79309118, 22.22899795 ], [ 72.78253794, 22.21250176 ], [ 72.77811301, 22.19997644 ], [ 72.7734375, 22.19335926 ], [ 72.7734375, 22.19308031 ], [ 72.76294136, 22.18038523 ], [ 72.76253438, 22.17783606 ], [ 72.75892437, 22.17452216 ], [ 72.75789034, 22.17403316 ], [ 72.75395322, 22.1730206 ], [ 72.74864781, 22.1730206 ], [ 72.74270964, 22.17445314 ], [ 72.73379374, 22.17752111 ], [ 72.72563052, 22.18216205 ], [ 72.71451771, 22.18493998 ], [ 72.70908725, 22.18576038 ], [ 72.70512712, 22.18365514 ], [ 72.70005715, 22.18434846 ], [ 72.69381046, 22.1886481 ], [ 72.68948841, 22.19343507 ], [ 72.68746722, 22.19478774 ], [ 72.68079352, 22.19852531 ], [ 72.67474866, 22.20054674 ], [ 72.65915835, 22.21221244 ], [ 72.65881956, 22.21240008 ], [ 72.65031171, 22.21584165 ], [ 72.64779925, 22.21685421 ], [ 72.63944375, 22.21785307 ], [ 72.61519015, 22.21756434 ], [ 72.60096002, 22.21311402 ], [ 72.59252644, 22.20838845 ], [ 72.58210611, 22.20064914 ], [ 72.56895053, 22.18738937 ], [ 72.55536187, 22.16671312 ], [ 72.54719627, 22.1484375 ], [ 72.54708898, 22.1484375 ], [ 72.52641392, 22.07660842 ], [ 72.51786065, 22.02818167 ], [ 72.50738835, 21.99392605 ], [ 72.50475156, 21.9761008 ], [ 72.50464857, 21.97265625 ], [ 72.50480771, 21.97265625 ], [ 72.50503147, 21.96805251 ], [ 72.50247741, 21.95465314 ], [ 72.50224352, 21.94158721 ], [ 72.50324643, 21.93827093 ], [ 72.50246465, 21.93546891 ], [ 72.50631011, 21.92117751 ], [ 72.50513983, 21.90981221 ], [ 72.50869012, 21.89710176 ], [ 72.51682472, 21.88895476 ], [ 72.51487064, 21.88802373 ], [ 72.51473737, 21.88745344 ], [ 72.51477516, 21.88654375 ], [ 72.51629305, 21.87454903 ], [ 72.51784205, 21.87469816 ], [ 72.52744985, 21.87602663 ], [ 72.54682493, 21.87646937 ], [ 72.54947627, 21.87963772 ], [ 72.57016635, 21.88066268 ], [ 72.57766986, 21.88260317 ], [ 72.57004964, 21.87920654 ], [ 72.56956124, 21.87416291 ], [ 72.56054473, 21.87413263 ], [ 72.55600905, 21.87139893 ], [ 72.56715775, 21.87084424 ], [ 72.57797885, 21.87757635 ], [ 72.57845342, 21.87540305 ], [ 72.57337976, 21.87151802 ], [ 72.56260526, 21.8683331 ], [ 72.53895116, 21.86659992 ], [ 72.52446544, 21.86247397 ], [ 72.51746845, 21.86255884 ], [ 72.51662445, 21.86256921 ], [ 72.51656902, 21.86206186 ], [ 72.51749742, 21.85780215 ], [ 72.51792026, 21.85713387 ], [ 72.51855898, 21.85713875 ], [ 72.52063835, 21.85803485 ], [ 72.52238655, 21.85661435 ], [ 72.52532256, 21.85745955 ], [ 72.52305186, 21.85082996 ], [ 72.52425683, 21.84930706 ], [ 72.52776217, 21.84773755 ], [ 72.53408694, 21.84768558 ], [ 72.54190791, 21.8490808 ], [ 72.54950511, 21.85241401 ], [ 72.55054736, 21.85160196 ], [ 72.55150497, 21.85176027 ], [ 72.55293405, 21.85225773 ], [ 72.55291557, 21.85482526 ], [ 72.55480635, 21.85569274 ], [ 72.55614293, 21.85504675 ], [ 72.55383146, 21.85293674 ], [ 72.55664754, 21.85296905 ], [ 72.55825722, 21.85736775 ], [ 72.56352115, 21.85983264 ], [ 72.56416035, 21.85878754 ], [ 72.56826055, 21.85984886 ], [ 72.56336474, 21.85591662 ], [ 72.56418824, 21.85447776 ], [ 72.57197428, 21.85711324 ], [ 72.57833123, 21.85722435 ], [ 72.58432543, 21.86032236 ], [ 72.58842134, 21.86516476 ], [ 72.59118271, 21.86056292 ], [ 72.59352052, 21.86051142 ], [ 72.60345864, 21.88296413 ], [ 72.60363507, 21.88644183 ], [ 72.60455835, 21.88206923 ], [ 72.60630023, 21.88421154 ], [ 72.60719764, 21.88854015 ], [ 72.60633826, 21.89687216 ], [ 72.60477877, 21.90075243 ], [ 72.60476518, 21.90112555 ], [ 72.60561371, 21.90174317 ], [ 72.60604048, 21.90162623 ], [ 72.60794592, 21.89798403 ], [ 72.60810101, 21.89735675 ], [ 72.61019707, 21.88467085 ], [ 72.60615814, 21.87568855 ], [ 72.60878181, 21.87717497 ], [ 72.60779965, 21.87379408 ], [ 72.60205007, 21.86321473 ], [ 72.60437346, 21.86008108 ], [ 72.60433388, 21.85896874 ], [ 72.60395074, 21.85830355 ], [ 72.59344935, 21.84388936 ], [ 72.58523095, 21.83461392 ], [ 72.57742405, 21.82764053 ], [ 72.56690276, 21.82263851 ], [ 72.56588125, 21.82042766 ], [ 72.56741858, 21.81737995 ], [ 72.55744731, 21.80291915 ], [ 72.55523312, 21.79843056 ], [ 72.55457413, 21.796875 ], [ 72.55254185, 21.79289055 ], [ 72.55240035, 21.79253173 ], [ 72.55063891, 21.77944434 ], [ 72.54760766, 21.76750684 ], [ 72.54587495, 21.76259267 ], [ 72.54328847, 21.76120245 ], [ 72.54429126, 21.75752246 ], [ 72.54320037, 21.75428295 ], [ 72.54339874, 21.74290085 ], [ 72.54046345, 21.73897874 ], [ 72.54057407, 21.73564935 ], [ 72.53597915, 21.7343719 ], [ 72.52968395, 21.72785807 ], [ 72.52701652, 21.72149563 ], [ 72.52097428, 21.71428752 ], [ 72.52114797, 21.70645142 ], [ 72.51918674, 21.70893717 ], [ 72.51932502, 21.71346152 ], [ 72.51798952, 21.71424246 ], [ 72.51768243, 21.70697165 ], [ 72.51998425, 21.70438588 ], [ 72.51843023, 21.70171046 ], [ 72.50803292, 21.70176876 ], [ 72.50745356, 21.69956005 ], [ 72.50787175, 21.69873226 ], [ 72.50904906, 21.6988523 ], [ 72.50958335, 21.69929147 ], [ 72.50990725, 21.70062566 ], [ 72.51870167, 21.70054615 ], [ 72.52021158, 21.70000315 ], [ 72.5206145, 21.69969511 ], [ 72.52110076, 21.6968888 ], [ 72.52327287, 21.69565535 ], [ 72.52243566, 21.69241273 ], [ 72.52181947, 21.69153643 ], [ 72.51074815, 21.69163406 ], [ 72.50915837, 21.69245183 ], [ 72.50874555, 21.69239855 ], [ 72.50833893, 21.68988025 ], [ 72.52000713, 21.6904788 ], [ 72.52172124, 21.68966508 ], [ 72.5241189, 21.68697917 ], [ 72.52395844, 21.68189025 ], [ 72.52556527, 21.67819285 ], [ 72.52982724, 21.67466426 ], [ 72.53229535, 21.6746546 ], [ 72.53219056, 21.67151284 ], [ 72.53242242, 21.67116165 ], [ 72.53690076, 21.66538465 ], [ 72.54328418, 21.66035593 ], [ 72.54927123, 21.6585685 ], [ 72.55852103, 21.65935075 ], [ 72.56021953, 21.66086817 ], [ 72.56220067, 21.65876114 ], [ 72.56317234, 21.66164291 ], [ 72.56480205, 21.66184151 ], [ 72.56528604, 21.66392446 ], [ 72.56763411, 21.66570604 ], [ 72.58081865, 21.67106545 ], [ 72.58202553, 21.67253411 ], [ 72.58360255, 21.67209756 ], [ 72.58718824, 21.67440486 ], [ 72.58850241, 21.67414606 ], [ 72.59530091, 21.67936957 ], [ 72.60015011, 21.68092167 ], [ 72.61176825, 21.68189013 ], [ 72.61626995, 21.68011212 ], [ 72.65018487, 21.67826545 ], [ 72.65553844, 21.67699385 ], [ 72.65948605, 21.67833376 ], [ 72.66472232, 21.68216872 ], [ 72.66894293, 21.68296325 ], [ 72.68143594, 21.67943835 ], [ 72.68885267, 21.67950273 ], [ 72.69855654, 21.68137348 ], [ 72.69999456, 21.68004394 ], [ 72.71094227, 21.67832208 ], [ 72.71114373, 21.67832196 ], [ 72.73668134, 21.68942285 ], [ 72.74328136, 21.68828583 ], [ 72.74649, 21.68581462 ], [ 72.75262618, 21.67555296 ], [ 72.76289082, 21.66911006 ], [ 72.77985823, 21.66343737 ], [ 72.79484296, 21.66164374 ], [ 72.80314445, 21.66301346 ], [ 72.83000076, 21.67162538 ], [ 72.84108186, 21.67692661 ], [ 72.85073864, 21.68422258 ], [ 72.86856174, 21.68886554 ], [ 72.87261462, 21.68888712 ], [ 72.87627363, 21.68707144 ], [ 72.88256741, 21.68768775 ], [ 72.88740325, 21.68643713 ], [ 72.89342546, 21.68188465 ], [ 72.90238714, 21.68230116 ], [ 72.91513872, 21.67906833 ], [ 72.93152344, 21.676705 ], [ 72.93701684, 21.67681205 ], [ 72.95851386, 21.68128204 ], [ 72.96057856, 21.68102705 ], [ 72.96422005, 21.67801726 ], [ 72.97056973, 21.67863298 ], [ 72.9795227, 21.68027413 ], [ 72.98615325, 21.68309104 ], [ 72.98819876, 21.68418705 ], [ 72.99110985, 21.68746042 ], [ 72.99134147, 21.68800056 ], [ 72.99088335, 21.6906687 ], [ 73.00355887, 21.69617867 ], [ 73.01141095, 21.70168805 ], [ 73.03285301, 21.71042132 ], [ 73.04593182, 21.71718395 ], [ 73.06035864, 21.73542786 ], [ 73.06723177, 21.74078631 ], [ 73.07544935, 21.74099517 ], [ 73.07590044, 21.74088871 ], [ 73.07836354, 21.73760796 ], [ 73.08017886, 21.73844135 ], [ 73.08310914, 21.73569262 ], [ 73.09045231, 21.7351464 ], [ 73.09125388, 21.73500717 ], [ 73.10278773, 21.73221433 ], [ 73.10416615, 21.73211324 ], [ 73.10855806, 21.73310804 ], [ 73.11275113, 21.73584425 ], [ 73.11704493, 21.73552132 ], [ 73.11976981, 21.73693764 ], [ 73.12224674, 21.73981833 ], [ 73.12469935, 21.74848103 ], [ 73.12812924, 21.75429595 ], [ 73.12846947, 21.75464725 ], [ 73.13389862, 21.75474632 ], [ 73.13482487, 21.75384331 ], [ 73.13568521, 21.75428665 ], [ 73.13610494, 21.75488591 ], [ 73.13557482, 21.76125896 ], [ 73.13516474, 21.76235294 ], [ 73.13476753, 21.76303971 ], [ 73.13281822, 21.76327145 ], [ 73.13556945, 21.76903665 ], [ 73.13663185, 21.77548242 ], [ 73.13740778, 21.81183052 ], [ 73.13848984, 21.81668591 ], [ 73.13458395, 21.83041573 ], [ 73.13047087, 21.83662426 ], [ 73.12833703, 21.84225917 ], [ 73.12833595, 21.84794617 ], [ 73.13013744, 21.85352266 ], [ 73.13555014, 21.86116564 ], [ 73.13773346, 21.86345375 ], [ 73.14139247, 21.86610115 ], [ 73.14466381, 21.86604178 ], [ 73.1545974, 21.86188614 ], [ 73.16320395, 21.85429776 ], [ 73.17728364, 21.83914626 ], [ 73.17862725, 21.83792853 ], [ 73.18528664, 21.83373666 ], [ 73.2015115, 21.82703805 ], [ 73.2051264, 21.82620084 ], [ 73.21150434, 21.82620132 ], [ 73.22184241, 21.82827306 ], [ 73.24015927, 21.84040904 ], [ 73.24040127, 21.84063351 ], [ 73.24576056, 21.85034561 ], [ 73.24365771, 21.86683488 ], [ 73.23794377, 21.87168682 ], [ 73.23495233, 21.87705111 ], [ 73.22961772, 21.88210475 ], [ 73.22388875, 21.89160252 ], [ 73.21995175, 21.90806365 ], [ 73.22095656, 21.91590404 ], [ 73.22300375, 21.92030776 ], [ 73.23690104, 21.93180585 ], [ 73.24454391, 21.93548906 ], [ 73.25066531, 21.93682742 ], [ 73.25813675, 21.93663621 ], [ 73.26370513, 21.93411374 ], [ 73.28477836, 21.90849614 ], [ 73.29518998, 21.9014647 ], [ 73.31414771, 21.88401723 ], [ 73.32557273, 21.87716675 ], [ 73.33098686, 21.87561035 ], [ 73.33611476, 21.87564111 ], [ 73.34093487, 21.87758446 ], [ 73.34311664, 21.87970495 ], [ 73.34397304, 21.88257456 ], [ 73.34262073, 21.90677846 ], [ 73.34456384, 21.91836035 ], [ 73.34739506, 21.92257965 ], [ 73.35631812, 21.92927492 ], [ 73.36283052, 21.93101645 ], [ 73.37571597, 21.92981732 ], [ 73.39873874, 21.91409111 ], [ 73.40795732, 21.91162336 ], [ 73.41664743, 21.91245413 ], [ 73.43369305, 21.92245781 ], [ 73.43684673, 21.92565107 ], [ 73.44200063, 21.93769121 ], [ 73.44156301, 21.94746125 ], [ 73.43896723, 21.95577014 ], [ 73.43634248, 21.9582746 ], [ 73.43867016, 21.96473825 ], [ 73.43897796, 21.97468805 ], [ 73.44445753, 21.98127651 ], [ 73.45022213, 21.98305082 ], [ 73.45340693, 21.98350763 ], [ 73.46105981, 21.98328984 ], [ 73.46409035, 21.98443282 ], [ 73.48000455, 21.97398353 ], [ 73.49837565, 21.96590531 ], [ 73.50547302, 21.96384215 ], [ 73.51161897, 21.96495616 ], [ 73.52231383, 21.97265625 ], [ 73.527233, 21.97876525 ], [ 73.53120518, 21.98024356 ], [ 73.53668702, 21.98105538 ], [ 73.54678822, 21.97860515 ], [ 73.55117631, 21.97536755 ], [ 73.55261576, 21.96942675 ], [ 73.56413841, 21.95908463 ], [ 73.56864166, 21.95640636 ], [ 73.58551896, 21.9512521 ], [ 73.58973634, 21.94898653 ], [ 73.59079146, 21.94713438 ], [ 73.59306264, 21.94749355 ], [ 73.59672308, 21.94179285 ], [ 73.5978775, 21.93786693 ], [ 73.59728646, 21.93523455 ], [ 73.59460545, 21.93442106 ], [ 73.59245956, 21.93099463 ], [ 73.60040176, 21.90565395 ], [ 73.60587943, 21.89967728 ], [ 73.61106086, 21.89707184 ], [ 73.64110768, 21.8881433 ], [ 73.65740895, 21.88596141 ], [ 73.66453242, 21.88685822 ], [ 73.67267191, 21.88636732 ], [ 73.6789397, 21.88470423 ], [ 73.68864655, 21.8773638 ], [ 73.69221854, 21.86974573 ], [ 73.6942718, 21.86817324 ], [ 73.69338775, 21.86678648 ], [ 73.69540966, 21.86622786 ], [ 73.69384444, 21.86380184 ], [ 73.69625401, 21.85748565 ], [ 73.70308745, 21.85152745 ], [ 73.7014724, 21.84988844 ], [ 73.69599152, 21.85528696 ], [ 73.692662, 21.8611989 ], [ 73.69224763, 21.86820126 ], [ 73.68494952, 21.87725878 ], [ 73.67654073, 21.88269293 ], [ 73.67149925, 21.88384151 ], [ 73.64591384, 21.88398075 ], [ 73.6280452, 21.8880285 ], [ 73.60459554, 21.89637542 ], [ 73.59696102, 21.906587 ], [ 73.59201992, 21.92047107 ], [ 73.58893704, 21.94487441 ], [ 73.58264506, 21.94967568 ], [ 73.56999123, 21.95243788 ], [ 73.56650913, 21.95431435 ], [ 73.55649042, 21.96247196 ], [ 73.55082273, 21.96862924 ], [ 73.54954636, 21.97193408 ], [ 73.54594076, 21.97541451 ], [ 73.54356146, 21.97712493 ], [ 73.54019976, 21.97848606 ], [ 73.53586793, 21.97871804 ], [ 73.53492713, 21.97872257 ], [ 73.53006876, 21.97730625 ], [ 73.51802576, 21.96462667 ], [ 73.51096737, 21.96149552 ], [ 73.50826323, 21.96149552 ], [ 73.47756863, 21.97020865 ], [ 73.47418284, 21.97337091 ], [ 73.4765625, 21.97433031 ], [ 73.4765625, 21.97544634 ], [ 73.46978986, 21.97854507 ], [ 73.46640766, 21.98154771 ], [ 73.45276165, 21.98155534 ], [ 73.45017028, 21.98108995 ], [ 73.44871175, 21.98053873 ], [ 73.44694626, 21.97930956 ], [ 73.44194806, 21.97335374 ], [ 73.44127214, 21.97080755 ], [ 73.44117916, 21.97022855 ], [ 73.44192135, 21.96595967 ], [ 73.44119358, 21.95405698 ], [ 73.44257534, 21.95128143 ], [ 73.4440788, 21.94253457 ], [ 73.44402266, 21.93926442 ], [ 73.44126165, 21.92957866 ], [ 73.43866956, 21.92455554 ], [ 73.43084121, 21.91674817 ], [ 73.42009985, 21.90963876 ], [ 73.40762568, 21.90851164 ], [ 73.39554417, 21.91218257 ], [ 73.39069593, 21.91628206 ], [ 73.37879157, 21.92137802 ], [ 73.37806761, 21.92557335 ], [ 73.37544227, 21.92752552 ], [ 73.36936867, 21.92879808 ], [ 73.36793756, 21.92503703 ], [ 73.36065185, 21.92568946 ], [ 73.35741937, 21.92498851 ], [ 73.35204816, 21.92238235 ], [ 73.34801221, 21.91840863 ], [ 73.34711754, 21.91685235 ], [ 73.34588516, 21.91249216 ], [ 73.34594715, 21.90464961 ], [ 73.34786332, 21.89767587 ], [ 73.34885812, 21.88574207 ], [ 73.34882724, 21.88246524 ], [ 73.34809661, 21.88002443 ], [ 73.34666705, 21.87706697 ], [ 73.34519112, 21.87604451 ], [ 73.34076953, 21.87421453 ], [ 73.33483911, 21.87279797 ], [ 73.33042014, 21.87279725 ], [ 73.32582104, 21.87394142 ], [ 73.32045305, 21.87606716 ], [ 73.31420946, 21.87929785 ], [ 73.30075014, 21.88721597 ], [ 73.27865314, 21.90413404 ], [ 73.27398348, 21.91016483 ], [ 73.27228665, 21.91562355 ], [ 73.26407015, 21.92593992 ], [ 73.2608602, 21.92914927 ], [ 73.25465691, 21.93281412 ], [ 73.25200784, 21.93400455 ], [ 73.25131965, 21.93379927 ], [ 73.25151753, 21.93293095 ], [ 73.25424492, 21.93169713 ], [ 73.25465107, 21.93117237 ], [ 73.25440133, 21.93028295 ], [ 73.25278151, 21.92994034 ], [ 73.24748766, 21.93314052 ], [ 73.24539053, 21.93311775 ], [ 73.23861492, 21.92839503 ], [ 73.23661912, 21.92562115 ], [ 73.23304927, 21.92462945 ], [ 73.23136008, 21.92332578 ], [ 73.2262994, 21.91835201 ], [ 73.22603178, 21.91785395 ], [ 73.22358942, 21.91192603 ], [ 73.22358942, 21.90624464 ], [ 73.22621095, 21.89494944 ], [ 73.23011267, 21.88767982 ], [ 73.23810256, 21.87756693 ], [ 73.24629056, 21.87015355 ], [ 73.24966717, 21.86566997 ], [ 73.2505244, 21.8616333 ], [ 73.24996805, 21.85618806 ], [ 73.24586451, 21.84249055 ], [ 73.23155475, 21.82930064 ], [ 73.22537196, 21.82509446 ], [ 73.21379066, 21.82136488 ], [ 73.20148027, 21.82089996 ], [ 73.17532253, 21.83402038 ], [ 73.15189803, 21.84974527 ], [ 73.14711082, 21.85164535 ], [ 73.1407752, 21.85212052 ], [ 73.13777041, 21.85184145 ], [ 73.13462496, 21.84940958 ], [ 73.13241828, 21.84502411 ], [ 73.13288522, 21.84058392 ], [ 73.14908254, 21.81456578 ], [ 73.15618062, 21.80858612 ], [ 73.16874254, 21.80240476 ], [ 73.17543757, 21.796875 ], [ 73.17750645, 21.79336727 ], [ 73.17748821, 21.78449965 ], [ 73.16977406, 21.77637553 ], [ 73.16334033, 21.76710737 ], [ 73.15952277, 21.76332748 ], [ 73.1424787, 21.75016916 ], [ 73.12716591, 21.73353791 ], [ 73.11815035, 21.72545385 ], [ 73.11080492, 21.71965504 ], [ 73.10256815, 21.71472085 ], [ 73.09259343, 21.70986354 ], [ 73.09178221, 21.70957196 ], [ 73.07680178, 21.70607901 ], [ 73.07288063, 21.71090198 ], [ 73.06450522, 21.71369731 ], [ 73.04851472, 21.71190536 ], [ 73.02691186, 21.70115721 ], [ 73.01084936, 21.69103873 ], [ 73.00294948, 21.68774176 ], [ 72.99815154, 21.68323338 ], [ 72.98342073, 21.67692578 ], [ 72.95662975, 21.67140126 ], [ 72.94896364, 21.67257011 ], [ 72.92456484, 21.67115235 ], [ 72.92034507, 21.67275846 ], [ 72.91683698, 21.66988516 ], [ 72.91570115, 21.66730523 ], [ 72.90898883, 21.66391671 ], [ 72.89210773, 21.65939975 ], [ 72.86433661, 21.66080105 ], [ 72.85718048, 21.66298294 ], [ 72.8529067, 21.66550386 ], [ 72.85053325, 21.67058396 ], [ 72.84250653, 21.67125261 ], [ 72.84068, 21.67045355 ], [ 72.84001052, 21.6672188 ], [ 72.83968925, 21.66703355 ], [ 72.83608997, 21.66799808 ], [ 72.83394253, 21.66718996 ], [ 72.83352482, 21.6669836 ], [ 72.81435215, 21.65459144 ], [ 72.80929816, 21.65200257 ], [ 72.79758358, 21.64768124 ], [ 72.78680301, 21.64513934 ], [ 72.78079295, 21.64508915 ], [ 72.77126515, 21.64593351 ], [ 72.76067972, 21.64785004 ], [ 72.7567656, 21.65008211 ], [ 72.75228834, 21.6499685 ], [ 72.74970412, 21.64745855 ], [ 72.74878752, 21.64355195 ], [ 72.74721181, 21.64233124 ], [ 72.74095857, 21.6419028 ], [ 72.73938894, 21.64064765 ], [ 72.73635197, 21.64065182 ], [ 72.73521936, 21.63940346 ], [ 72.73461163, 21.63930047 ], [ 72.73178506, 21.64001501 ], [ 72.72603953, 21.6387006 ], [ 72.72363102, 21.63870287 ], [ 72.71964335, 21.63927901 ], [ 72.71578825, 21.64092505 ], [ 72.71552575, 21.64110243 ], [ 72.71028042, 21.64804804 ], [ 72.70704675, 21.65057182 ], [ 72.70588052, 21.65136695 ], [ 72.70513713, 21.65185905 ], [ 72.70320904, 21.65201235 ], [ 72.70144212, 21.65173137 ], [ 72.69979072, 21.65119791 ], [ 72.69681263, 21.64899385 ], [ 72.69227695, 21.64067614 ], [ 72.67874074, 21.6324923 ], [ 72.67498195, 21.62895656 ], [ 72.67273581, 21.62782228 ], [ 72.659132, 21.62756956 ], [ 72.65827525, 21.62723386 ], [ 72.65756226, 21.62671614 ], [ 72.65739095, 21.62625933 ], [ 72.65826786, 21.62530553 ], [ 72.65255403, 21.62322164 ], [ 72.65094602, 21.62109375 ], [ 72.65085506, 21.62109375 ], [ 72.64766276, 21.61688018 ], [ 72.64449966, 21.61723995 ], [ 72.63834965, 21.62025046 ], [ 72.63530052, 21.6201601 ], [ 72.62857342, 21.61659503 ], [ 72.62651622, 21.60960305 ], [ 72.62241447, 21.60369921 ], [ 72.62099576, 21.59663761 ], [ 72.61819243, 21.59552705 ], [ 72.61778331, 21.59514368 ], [ 72.61695313, 21.59307516 ], [ 72.61522758, 21.59245205 ], [ 72.60803986, 21.58300614 ], [ 72.60807276, 21.57902741 ], [ 72.60621285, 21.57931936 ], [ 72.60448301, 21.57114816 ], [ 72.61061525, 21.56184065 ], [ 72.60919511, 21.55789626 ], [ 72.60969806, 21.55179107 ], [ 72.60739386, 21.55321884 ], [ 72.60278046, 21.55947804 ], [ 72.59757495, 21.55203712 ], [ 72.59871483, 21.55116022 ], [ 72.60145831, 21.55405593 ], [ 72.59844851, 21.54480982 ], [ 72.60090554, 21.54242325 ], [ 72.60304797, 21.54959583 ], [ 72.60286915, 21.53926182 ], [ 72.60565221, 21.53674507 ], [ 72.60675907, 21.53712285 ], [ 72.60775924, 21.54242325 ], [ 72.61037898, 21.54189706 ], [ 72.61036217, 21.53701282 ], [ 72.60806954, 21.53123724 ], [ 72.60860312, 21.52950728 ], [ 72.60909331, 21.52907145 ], [ 72.60997415, 21.52885234 ], [ 72.61379385, 21.53122783 ], [ 72.62074637, 21.53031874 ], [ 72.61889195, 21.52947521 ], [ 72.61780715, 21.52579463 ], [ 72.61381483, 21.52619946 ], [ 72.61247993, 21.52399743 ], [ 72.61451113, 21.51946437 ], [ 72.62024021, 21.51437223 ], [ 72.6207726, 21.51329505 ], [ 72.61917508, 21.51157415 ], [ 72.62192023, 21.50601637 ], [ 72.62588716, 21.50611341 ], [ 72.62653267, 21.50513995 ], [ 72.62564766, 21.49786413 ], [ 72.62391281, 21.49595416 ], [ 72.62576973, 21.49242854 ], [ 72.62646651, 21.49223196 ], [ 72.62713134, 21.49223316 ], [ 72.63666821, 21.49537683 ], [ 72.63927794, 21.49847376 ], [ 72.64521205, 21.51080525 ], [ 72.65156662, 21.51915395 ], [ 72.65330625, 21.51994526 ], [ 72.65325284, 21.52274001 ], [ 72.66321957, 21.52903283 ], [ 72.66756547, 21.53429985 ], [ 72.67169452, 21.53690672 ], [ 72.68176031, 21.54034984 ], [ 72.68332803, 21.54280901 ], [ 72.68378615, 21.54292846 ], [ 72.68752575, 21.53779185 ], [ 72.69138694, 21.53505707 ], [ 72.69168925, 21.53490424 ], [ 72.70371902, 21.53217423 ], [ 72.70577252, 21.53217864 ], [ 72.71277583, 21.53522897 ], [ 72.71993125, 21.53704286 ], [ 72.73171055, 21.53885484 ], [ 72.73603261, 21.54029846 ], [ 72.73779654, 21.54125667 ], [ 72.73934495, 21.54331565 ], [ 72.73955023, 21.54392481 ], [ 72.74018288, 21.54958081 ], [ 72.73482597, 21.55107701 ], [ 72.73324633, 21.55207837 ], [ 72.73304486, 21.55282426 ], [ 72.73368573, 21.55514324 ], [ 72.73614025, 21.55646658 ], [ 72.73670244, 21.55659747 ], [ 72.73578894, 21.55371487 ], [ 72.7361387, 21.55315948 ], [ 72.73881924, 21.55269146 ], [ 72.74034214, 21.55184531 ], [ 72.74256492, 21.54967368 ], [ 72.74280047, 21.54660356 ], [ 72.74280572, 21.54612386 ], [ 72.74056804, 21.541893 ], [ 72.73673928, 21.53849041 ], [ 72.73278487, 21.53661633 ], [ 72.72686124, 21.53496373 ], [ 72.72189975, 21.53436851 ], [ 72.70460725, 21.52784514 ], [ 72.70377111, 21.52768052 ], [ 72.69596183, 21.52706456 ], [ 72.68598032, 21.52816606 ], [ 72.67894888, 21.5245229 ], [ 72.67484164, 21.52104056 ], [ 72.67151535, 21.51450491 ], [ 72.67862844, 21.51543963 ], [ 72.68210411, 21.51752794 ], [ 72.68238282, 21.51631451 ], [ 72.67948723, 21.51387048 ], [ 72.67920685, 21.51376677 ], [ 72.67169738, 21.51245213 ], [ 72.67157543, 21.51218891 ], [ 72.67122281, 21.50497305 ], [ 72.66906333, 21.50182486 ], [ 72.66700792, 21.48484135 ], [ 72.66502094, 21.47855437 ], [ 72.66048861, 21.47465491 ], [ 72.65755296, 21.46960354 ], [ 72.65234685, 21.46538866 ], [ 72.65621006, 21.46497977 ], [ 72.65251207, 21.46188128 ], [ 72.65180981, 21.45876944 ], [ 72.65108895, 21.45191836 ], [ 72.64961231, 21.44770348 ], [ 72.64796495, 21.4453125 ], [ 72.64490986, 21.44308531 ], [ 72.64348972, 21.44090211 ], [ 72.64325035, 21.44000101 ], [ 72.64563715, 21.43355381 ], [ 72.64608085, 21.43422556 ], [ 72.64806306, 21.43621635 ], [ 72.65227246, 21.43611944 ], [ 72.66713023, 21.4453125 ], [ 72.66761124, 21.44545555 ], [ 72.66972756, 21.44670153 ], [ 72.67290103, 21.44779181 ], [ 72.67799127, 21.44706082 ], [ 72.67839134, 21.44711637 ], [ 72.68162894, 21.44858587 ], [ 72.68204951, 21.44888937 ], [ 72.68306196, 21.45289254 ], [ 72.6852355, 21.4563663 ], [ 72.69034565, 21.46316433 ], [ 72.69450557, 21.4663316 ], [ 72.69702578, 21.464733 ], [ 72.69434452, 21.46355474 ], [ 72.69073892, 21.45827222 ], [ 72.68808997, 21.45294476 ], [ 72.68794894, 21.45252395 ], [ 72.68660045, 21.44573033 ], [ 72.68629551, 21.4453125 ], [ 72.68213475, 21.43888128 ], [ 72.68027365, 21.43378162 ], [ 72.67387974, 21.42975175 ], [ 72.66518366, 21.42717636 ], [ 72.66296804, 21.42508233 ], [ 72.65961266, 21.41872382 ], [ 72.65268886, 21.41188574 ], [ 72.65213704, 21.41086483 ], [ 72.65090442, 21.40658522 ], [ 72.65066862, 21.40606844 ], [ 72.64868367, 21.40429235 ], [ 72.64719546, 21.40448463 ], [ 72.64685833, 21.40241587 ], [ 72.64475131, 21.40192604 ], [ 72.64365423, 21.39968491 ], [ 72.63947487, 21.39673805 ], [ 72.63527536, 21.39073133 ], [ 72.62546515, 21.38103175 ], [ 72.62295032, 21.37378347 ], [ 72.62419534, 21.36826527 ], [ 72.62346518, 21.36521566 ], [ 72.62348163, 21.36487663 ], [ 72.62413943, 21.36488748 ], [ 72.63131535, 21.36496103 ], [ 72.63224483, 21.36861396 ], [ 72.63595808, 21.37443638 ], [ 72.63655817, 21.37500465 ], [ 72.63969231, 21.37576985 ], [ 72.64008403, 21.37576342 ], [ 72.64324546, 21.37451506 ], [ 72.64721644, 21.37555802 ], [ 72.64883065, 21.37413621 ], [ 72.64954305, 21.36783886 ], [ 72.64932084, 21.36728644 ], [ 72.64430487, 21.35868168 ], [ 72.64373934, 21.35856664 ], [ 72.64352953, 21.35913503 ], [ 72.64806247, 21.36930263 ], [ 72.64785981, 21.37198341 ], [ 72.6391319, 21.37389088 ], [ 72.6360383, 21.3712517 ], [ 72.63472891, 21.36910164 ], [ 72.63461876, 21.36871183 ], [ 72.63590705, 21.36464453 ], [ 72.63546574, 21.36217225 ], [ 72.62422454, 21.35545075 ], [ 72.62403202, 21.35529935 ], [ 72.62451875, 21.35135627 ], [ 72.62441528, 21.35063756 ], [ 72.62186384, 21.34642887 ], [ 72.62255633, 21.34597611 ], [ 72.61602378, 21.33766162 ], [ 72.61416471, 21.33689606 ], [ 72.60969424, 21.33181977 ], [ 72.60876465, 21.32631385 ], [ 72.60167062, 21.32216823 ], [ 72.59451115, 21.31373644 ], [ 72.59419906, 21.31325245 ], [ 72.59337091, 21.31059635 ], [ 72.59350753, 21.30592501 ], [ 72.58947504, 21.29838526 ], [ 72.58957791, 21.29393268 ], [ 72.58826578, 21.29128552 ], [ 72.58913958, 21.28476012 ], [ 72.59172225, 21.28292155 ], [ 72.59515774, 21.28296638 ], [ 72.59850848, 21.28009391 ], [ 72.59637105, 21.28150642 ], [ 72.59391093, 21.28104532 ], [ 72.59003103, 21.28233957 ], [ 72.58737195, 21.27571106 ], [ 72.5903002, 21.27783561 ], [ 72.59849918, 21.27810812 ], [ 72.60176456, 21.27685642 ], [ 72.60476601, 21.27703655 ], [ 72.60498226, 21.27652001 ], [ 72.59725213, 21.27192223 ], [ 72.59704983, 21.27158344 ], [ 72.59825516, 21.26953125 ], [ 72.59855294, 21.26953125 ], [ 72.5987339, 21.26864052 ], [ 72.59713554, 21.26254487 ], [ 72.59786844, 21.25943661 ], [ 72.59706712, 21.25004995 ], [ 72.59957075, 21.24877143 ], [ 72.60124826, 21.24190271 ], [ 72.60331106, 21.24059045 ], [ 72.60283363, 21.23924565 ], [ 72.60430992, 21.23698688 ], [ 72.60898435, 21.23422015 ], [ 72.60960865, 21.23016143 ], [ 72.60980225, 21.22993076 ], [ 72.61243856, 21.22857034 ], [ 72.61283076, 21.22870707 ], [ 72.61955595, 21.23122275 ], [ 72.6218971, 21.23357451 ], [ 72.62563574, 21.22948861 ], [ 72.63098752, 21.22858822 ], [ 72.63849604, 21.22537327 ], [ 72.64246976, 21.22167695 ], [ 72.64708555, 21.21965313 ], [ 72.64965224, 21.22057974 ], [ 72.65030205, 21.22316527 ], [ 72.65242493, 21.22669578 ], [ 72.65311885, 21.22635817 ], [ 72.65219223, 21.22008944 ], [ 72.64678586, 21.21738446 ], [ 72.63906264, 21.21738327 ], [ 72.63036525, 21.22429991 ], [ 72.62505317, 21.22430146 ], [ 72.61880016, 21.22269082 ], [ 72.61866832, 21.22222674 ], [ 72.6203438, 21.21980405 ], [ 72.62057924, 21.21928 ], [ 72.62096906, 21.21252024 ], [ 72.62414527, 21.21171165 ], [ 72.62355053, 21.21033633 ], [ 72.62136424, 21.21011376 ], [ 72.62058306, 21.20697904 ], [ 72.61859155, 21.20559144 ], [ 72.61970675, 21.20271838 ], [ 72.61808562, 21.18807864 ], [ 72.62040794, 21.18233705 ], [ 72.61956143, 21.17897606 ], [ 72.61987972, 21.16598034 ], [ 72.61780906, 21.16361737 ], [ 72.61989045, 21.16299033 ], [ 72.62052906, 21.16156244 ], [ 72.62130833, 21.15412116 ], [ 72.62014341, 21.15281928 ], [ 72.62169945, 21.14819276 ], [ 72.61984694, 21.14847362 ], [ 72.62135041, 21.14197314 ], [ 72.6250751, 21.13917804 ], [ 72.62280452, 21.13420415 ], [ 72.62601864, 21.12748361 ], [ 72.62353146, 21.12437511 ], [ 72.62441623, 21.12263203 ], [ 72.62361133, 21.12009525 ], [ 72.62749958, 21.11939394 ], [ 72.62615585, 21.11545956 ], [ 72.62320387, 21.11285055 ], [ 72.62357092, 21.10729468 ], [ 72.62595665, 21.10605812 ], [ 72.62688816, 21.10232556 ], [ 72.62520826, 21.09737194 ], [ 72.6266129, 21.09575272 ], [ 72.62605631, 21.09375 ], [ 72.62618136, 21.09375 ], [ 72.62621355, 21.09332573 ], [ 72.62479818, 21.09199524 ], [ 72.63445675, 21.08190393 ], [ 72.63258886, 21.08199584 ], [ 72.63215804, 21.07974577 ], [ 72.62699664, 21.07698774 ], [ 72.62715995, 21.07598674 ], [ 72.62854815, 21.07555163 ], [ 72.63558543, 21.08001876 ], [ 72.64036942, 21.08091521 ], [ 72.64609027, 21.08034337 ], [ 72.65091801, 21.07679057 ], [ 72.65137005, 21.07684696 ], [ 72.65272796, 21.07838285 ], [ 72.65452671, 21.08189154 ], [ 72.65450418, 21.08528745 ], [ 72.65641153, 21.08545566 ], [ 72.65873337, 21.08748972 ], [ 72.65886486, 21.08777726 ], [ 72.65724564, 21.09375 ], [ 72.65678692, 21.09894931 ], [ 72.65888417, 21.10116148 ], [ 72.66064632, 21.10850382 ], [ 72.65811825, 21.11935985 ], [ 72.65826595, 21.12309885 ], [ 72.66132915, 21.12630928 ], [ 72.65986896, 21.13138795 ], [ 72.65992284, 21.13867176 ], [ 72.66046691, 21.14241076 ], [ 72.66198695, 21.14739895 ], [ 72.66215205, 21.14774537 ], [ 72.66738105, 21.15521455 ], [ 72.67196357, 21.15758932 ], [ 72.68248427, 21.15814996 ], [ 72.69402444, 21.15453637 ], [ 72.70919943, 21.14595735 ], [ 72.73056197, 21.14097786 ], [ 72.73982346, 21.14754057 ], [ 72.74704123, 21.15680885 ], [ 72.75062311, 21.15910995 ], [ 72.75777245, 21.15982854 ], [ 72.76375866, 21.16329265 ], [ 72.76693547, 21.16604722 ], [ 72.77328801, 21.17494404 ], [ 72.7734375, 21.17494404 ], [ 72.77639556, 21.17779446 ], [ 72.78209603, 21.18001497 ], [ 72.79163063, 21.18105412 ], [ 72.79674745, 21.18261504 ], [ 72.79801524, 21.18316913 ], [ 72.80829668, 21.18927205 ], [ 72.81415308, 21.19415653 ], [ 72.81454694, 21.19466257 ], [ 72.81550181, 21.19946957 ], [ 72.81528163, 21.20539403 ], [ 72.81417692, 21.2086426 ], [ 72.81386387, 21.20916057 ], [ 72.80825317, 21.21368647 ], [ 72.80388021, 21.21526456 ], [ 72.79295194, 21.22883034 ], [ 72.79139948, 21.23347986 ], [ 72.79333425, 21.24176753 ], [ 72.79923451, 21.24499714 ], [ 72.80032754, 21.24692154 ], [ 72.80402195, 21.24833524 ], [ 72.80532527, 21.25078785 ], [ 72.81130433, 21.25554931 ], [ 72.81461382, 21.25689328 ], [ 72.81855905, 21.25757468 ], [ 72.82061935, 21.25735736 ], [ 72.82342374, 21.25362551 ], [ 72.83244741, 21.24649584 ], [ 72.84302711, 21.23853481 ], [ 72.84432101, 21.23564422 ], [ 72.84718752, 21.23511875 ], [ 72.84743905, 21.23419237 ], [ 72.84600234, 21.23366261 ], [ 72.84957051, 21.22797584 ], [ 72.85215962, 21.22623396 ], [ 72.85597146, 21.22712266 ], [ 72.85596943, 21.22486806 ], [ 72.85750568, 21.22329772 ], [ 72.85849166, 21.22315264 ], [ 72.85945785, 21.22601914 ], [ 72.86988723, 21.22580576 ], [ 72.87713933, 21.22837496 ], [ 72.87780881, 21.22865665 ], [ 72.89030325, 21.23631084 ], [ 72.89462471, 21.24087334 ], [ 72.90032625, 21.24080122 ], [ 72.90168142, 21.24353051 ], [ 72.90644383, 21.24794853 ], [ 72.90819871, 21.25368893 ], [ 72.90915132, 21.25445497 ], [ 72.90943825, 21.25434005 ], [ 72.90970302, 21.25377536 ], [ 72.90762508, 21.24757648 ], [ 72.90626001, 21.24535036 ], [ 72.90438497, 21.24326444 ], [ 72.90241051, 21.24141645 ], [ 72.89771485, 21.23895991 ], [ 72.88957882, 21.23105633 ], [ 72.88445795, 21.22770584 ], [ 72.87709785, 21.22462761 ], [ 72.87615025, 21.22439396 ], [ 72.87410486, 21.22571635 ], [ 72.87289453, 21.22529495 ], [ 72.86983323, 21.22221792 ], [ 72.86664367, 21.22145104 ], [ 72.86575115, 21.22133446 ], [ 72.85944605, 21.22213125 ], [ 72.85732007, 21.22281587 ], [ 72.85432553, 21.22382271 ], [ 72.85208404, 21.22509253 ], [ 72.84856582, 21.22780788 ], [ 72.84827626, 21.22814643 ], [ 72.84528816, 21.23431611 ], [ 72.8374207, 21.24046695 ], [ 72.8343296, 21.24486554 ], [ 72.83195162, 21.24593926 ], [ 72.82687712, 21.24918234 ], [ 72.82345796, 21.25162137 ], [ 72.8213675, 21.25464225 ], [ 72.81962454, 21.25559604 ], [ 72.81539154, 21.25507426 ], [ 72.81035018, 21.25275326 ], [ 72.80312097, 21.24527216 ], [ 72.79571843, 21.24103606 ], [ 72.79322255, 21.23744202 ], [ 72.79264975, 21.23400974 ], [ 72.79323566, 21.23249745 ], [ 72.79650772, 21.23059106 ], [ 72.79596782, 21.22937918 ], [ 72.79417205, 21.22977495 ], [ 72.80576134, 21.21567178 ], [ 72.80598783, 21.2154541 ], [ 72.80958486, 21.21446276 ], [ 72.81548512, 21.20941675 ], [ 72.81567347, 21.20914567 ], [ 72.81736946, 21.20579004 ], [ 72.81758988, 21.20046353 ], [ 72.81735384, 21.19918156 ], [ 72.81556427, 21.19407511 ], [ 72.81195903, 21.19020236 ], [ 72.79956341, 21.1816647 ], [ 72.79686463, 21.18028605 ], [ 72.77823734, 21.17397058 ], [ 72.77647352, 21.17244744 ], [ 72.7734375, 21.16657364 ], [ 72.7734375, 21.16601563 ], [ 72.77059782, 21.16330314 ], [ 72.76530588, 21.15891123 ], [ 72.76137412, 21.15705776 ], [ 72.7590028, 21.15302467 ], [ 72.75530481, 21.14978766 ], [ 72.74982131, 21.14746261 ], [ 72.74433661, 21.14307153 ], [ 72.738783, 21.14174676 ], [ 72.73691976, 21.14027834 ], [ 72.72900867, 21.13894367 ], [ 72.7211616, 21.14056337 ], [ 72.71714127, 21.14076877 ], [ 72.71525204, 21.14001405 ], [ 72.71487224, 21.13969028 ], [ 72.70919764, 21.13263094 ], [ 72.70772254, 21.13008046 ], [ 72.70714354, 21.12832475 ], [ 72.70590687, 21.1214329 ], [ 72.70670032, 21.11485612 ], [ 72.70553255, 21.10803962 ], [ 72.70026505, 21.10085511 ], [ 72.70198905, 21.09375 ], [ 72.70204973, 21.09375 ], [ 72.70410895, 21.0850811 ], [ 72.70386422, 21.07665396 ], [ 72.70581341, 21.07379937 ], [ 72.70654607, 21.07347596 ], [ 72.70749354, 21.07325494 ], [ 72.71704173, 21.0730741 ], [ 72.72539246, 21.07136285 ], [ 72.74119616, 21.06674874 ], [ 72.74750543, 21.06326592 ], [ 72.75241268, 21.06200016 ], [ 72.75627315, 21.0620017 ], [ 72.76871872, 21.06860924 ], [ 72.7734375, 21.06947541 ], [ 72.77682686, 21.06938887 ], [ 72.78157461, 21.06858587 ], [ 72.78246236, 21.06829512 ], [ 72.78791583, 21.06528282 ], [ 72.79190767, 21.06535566 ], [ 72.79264617, 21.06498635 ], [ 72.79522562, 21.06177735 ], [ 72.79697382, 21.04930806 ], [ 72.79970551, 21.04524076 ], [ 72.79997706, 21.04427576 ], [ 72.79976404, 21.04328716 ], [ 72.79891205, 21.04300582 ], [ 72.79376376, 21.04490411 ], [ 72.79350305, 21.04603136 ], [ 72.79665387, 21.05056846 ], [ 72.78996861, 21.06192255 ], [ 72.78347421, 21.06345475 ], [ 72.77537262, 21.06717694 ], [ 72.7734375, 21.06668532 ], [ 72.77053273, 21.06651282 ], [ 72.77031112, 21.06628311 ], [ 72.76856422, 21.06265378 ], [ 72.76856422, 21.05922532 ], [ 72.76242638, 21.05671847 ], [ 72.7606498, 21.05434334 ], [ 72.7617321, 21.05279303 ], [ 72.7610749, 21.05180585 ], [ 72.76073825, 21.05162156 ], [ 72.74489272, 21.05028904 ], [ 72.73947287, 21.04772675 ], [ 72.73633337, 21.04751503 ], [ 72.73407412, 21.04789507 ], [ 72.72697651, 21.05322742 ], [ 72.72650146, 21.05301571 ], [ 72.72333884, 21.04880393 ], [ 72.72467256, 21.04343152 ], [ 72.72394061, 21.03646874 ], [ 72.73400235, 21.00567293 ], [ 72.73407781, 20.99957395 ], [ 72.73811924, 20.98400354 ], [ 72.75244892, 20.94629121 ], [ 72.75376475, 20.94359386 ], [ 72.76985323, 20.91796875 ], [ 72.77015471, 20.91796875 ], [ 72.77115893, 20.91640592 ], [ 72.7734375, 20.91517854 ], [ 72.77814877, 20.91503716 ], [ 72.77814364, 20.91509354 ], [ 72.77744186, 20.91692984 ], [ 72.77437544, 20.91693234 ], [ 72.7734375, 20.91768956 ], [ 72.7725414, 20.91796875 ], [ 72.77141237, 20.92049801 ], [ 72.77107871, 20.92150128 ], [ 72.77104795, 20.92508376 ], [ 72.77143955, 20.93403375 ], [ 72.77328813, 20.93694186 ], [ 72.7734375, 20.93694186 ], [ 72.7734375, 20.93722093 ], [ 72.77866185, 20.94015098 ], [ 72.77917492, 20.94035387 ], [ 72.7932471, 20.94498456 ], [ 72.79354036, 20.94424701 ], [ 72.78918445, 20.94092977 ], [ 72.78887403, 20.93864036 ], [ 72.79203022, 20.93810725 ], [ 72.80514956, 20.94611537 ], [ 72.80132997, 20.94089925 ], [ 72.79375434, 20.93639338 ], [ 72.79654932, 20.93504155 ], [ 72.80326605, 20.93724096 ], [ 72.8062191, 20.93627763 ], [ 72.80658686, 20.93640804 ], [ 72.81423581, 20.94207537 ], [ 72.81731415, 20.9465909 ], [ 72.8176738, 20.95064843 ], [ 72.82222986, 20.95528352 ], [ 72.82441151, 20.95655167 ], [ 72.83015716, 20.95818114 ], [ 72.83529663, 20.95753527 ], [ 72.83661187, 20.95711553 ], [ 72.84013581, 20.95525086 ], [ 72.84389615, 20.95238638 ], [ 72.84728396, 20.94569445 ], [ 72.85322881, 20.94835174 ], [ 72.85793436, 20.94912183 ], [ 72.86209345, 20.94748235 ], [ 72.86016762, 20.94645965 ], [ 72.85568738, 20.94646084 ], [ 72.85179246, 20.94401336 ], [ 72.84317875, 20.94159925 ], [ 72.83798635, 20.94515407 ], [ 72.83448005, 20.95526731 ], [ 72.8312633, 20.95594335 ], [ 72.82235622, 20.95090795 ], [ 72.81639421, 20.94096374 ], [ 72.80893075, 20.93512595 ], [ 72.80438375, 20.93283343 ], [ 72.79526353, 20.93144131 ], [ 72.78838694, 20.93172896 ], [ 72.78738511, 20.93107653 ], [ 72.78585851, 20.92708576 ], [ 72.7859143, 20.92582357 ], [ 72.78626203, 20.92494392 ], [ 72.78881288, 20.92280185 ], [ 72.78540492, 20.92264843 ], [ 72.78807354, 20.91796875 ], [ 72.78835952, 20.91796875 ], [ 72.79041517, 20.91279197 ], [ 72.79043555, 20.91020846 ], [ 72.79048026, 20.90454638 ], [ 72.79215491, 20.89637446 ], [ 72.80066705, 20.87987304 ], [ 72.81723595, 20.84245121 ], [ 72.82530475, 20.81976235 ], [ 72.82629764, 20.81334567 ], [ 72.82879102, 20.80981076 ], [ 72.83489227, 20.80472803 ], [ 72.84041595, 20.8048979 ], [ 72.84672475, 20.80344033 ], [ 72.85079515, 20.79842472 ], [ 72.84598601, 20.79822636 ], [ 72.84291935, 20.79690754 ], [ 72.8406744, 20.79872715 ], [ 72.83871186, 20.79841053 ], [ 72.83790696, 20.7919569 ], [ 72.83568025, 20.79059815 ], [ 72.83557761, 20.79019988 ], [ 72.83634555, 20.78550231 ], [ 72.83480108, 20.78341746 ], [ 72.83469105, 20.78282988 ], [ 72.83525527, 20.78102005 ], [ 72.83757162, 20.78024817 ], [ 72.84314775, 20.77332842 ], [ 72.84665573, 20.76872373 ], [ 72.85654891, 20.76595438 ], [ 72.85919595, 20.76418316 ], [ 72.86200261, 20.76076162 ], [ 72.86302531, 20.75444877 ], [ 72.86530292, 20.75238454 ], [ 72.86703706, 20.74808705 ], [ 72.87416065, 20.74472797 ], [ 72.88048482, 20.74416971 ], [ 72.87968206, 20.7421875 ], [ 72.88114071, 20.74190843 ], [ 72.88505411, 20.7421875 ], [ 72.89182925, 20.75076091 ], [ 72.89572155, 20.7505722 ], [ 72.90279603, 20.74575782 ], [ 72.90838134, 20.74522305 ], [ 72.90899062, 20.74546754 ], [ 72.91197514, 20.74868166 ], [ 72.91546071, 20.74985623 ], [ 72.91607976, 20.75369215 ], [ 72.91876137, 20.75439155 ], [ 72.92339611, 20.75364184 ], [ 72.9259088, 20.75599802 ], [ 72.92776263, 20.76132607 ], [ 72.92912984, 20.76252568 ], [ 72.93146145, 20.76339281 ], [ 72.93424165, 20.76348758 ], [ 72.93432414, 20.76287508 ], [ 72.93369245, 20.76178682 ], [ 72.92890942, 20.75964725 ], [ 72.92844045, 20.75898457 ], [ 72.92862642, 20.75488281 ], [ 72.92729032, 20.75366497 ], [ 72.92222977, 20.75210714 ], [ 72.91834521, 20.7523123 ], [ 72.91378951, 20.74585545 ], [ 72.90967631, 20.74333394 ], [ 72.90278888, 20.7435497 ], [ 72.89570117, 20.73917782 ], [ 72.88146186, 20.73797286 ], [ 72.86991346, 20.73232365 ], [ 72.86880147, 20.73540854 ], [ 72.86377418, 20.7350651 ], [ 72.86212075, 20.73594415 ], [ 72.86034346, 20.73505187 ], [ 72.85922396, 20.73773324 ], [ 72.85295844, 20.74456263 ], [ 72.85236931, 20.74466264 ], [ 72.85191405, 20.74456477 ], [ 72.85102487, 20.74251366 ], [ 72.85103178, 20.7421875 ], [ 72.85119832, 20.7421875 ], [ 72.85234177, 20.73953092 ], [ 72.85212362, 20.73396075 ], [ 72.85569882, 20.71851647 ], [ 72.86727905, 20.68343222 ], [ 72.87271845, 20.65947354 ], [ 72.87655425, 20.64878964 ], [ 72.88247395, 20.64199662 ], [ 72.88601685, 20.64481103 ], [ 72.88667226, 20.63669085 ], [ 72.88862812, 20.63450897 ], [ 72.89260197, 20.63274193 ], [ 72.89124072, 20.63171113 ], [ 72.88668334, 20.63196814 ], [ 72.88639295, 20.63114417 ], [ 72.89764357, 20.58684838 ], [ 72.89758408, 20.57480335 ], [ 72.89641285, 20.56830013 ], [ 72.89548707, 20.56640625 ], [ 72.89015794, 20.55960464 ], [ 72.88602865, 20.55003715 ], [ 72.88539791, 20.54575813 ], [ 72.88537812, 20.54068387 ], [ 72.88648617, 20.53743601 ], [ 72.89177656, 20.53208923 ], [ 72.89117444, 20.53090048 ], [ 72.88854885, 20.53111577 ], [ 72.88599634, 20.52935112 ], [ 72.88792574, 20.51913452 ], [ 72.88487196, 20.49978375 ], [ 72.87956107, 20.4955641 ], [ 72.87258506, 20.49367821 ], [ 72.86801755, 20.48826587 ], [ 72.86766422, 20.48780894 ], [ 72.86205804, 20.47836745 ], [ 72.85877895, 20.46663976 ], [ 72.85926402, 20.46521687 ], [ 72.85936606, 20.46491754 ], [ 72.85467041, 20.46571374 ], [ 72.85267258, 20.46350706 ], [ 72.84429038, 20.45915222 ], [ 72.83279276, 20.44560134 ], [ 72.82839084, 20.43233311 ], [ 72.82829213, 20.43132353 ], [ 72.82943106, 20.41536462 ], [ 72.83013821, 20.4136126 ], [ 72.83167195, 20.41196001 ], [ 72.83921695, 20.41235876 ], [ 72.85503948, 20.4085021 ], [ 72.85908496, 20.40151215 ], [ 72.86459315, 20.39494014 ], [ 72.8647629, 20.39451075 ], [ 72.86512363, 20.390625 ], [ 72.86534345, 20.390625 ], [ 72.86423278, 20.38392925 ], [ 72.86496663, 20.38118136 ], [ 72.8663789, 20.37956667 ], [ 72.87064755, 20.37710178 ], [ 72.87528265, 20.37694633 ], [ 72.87596643, 20.37654245 ], [ 72.8817569, 20.37124205 ], [ 72.88187695, 20.37085021 ], [ 72.88315785, 20.36667335 ], [ 72.88322055, 20.35537755 ], [ 72.88541996, 20.34770918 ], [ 72.88296986, 20.34820843 ], [ 72.88177454, 20.35209072 ], [ 72.88163412, 20.35268486 ], [ 72.88137233, 20.36522484 ], [ 72.88057327, 20.36903346 ], [ 72.87948346, 20.37082624 ], [ 72.87609315, 20.37429631 ], [ 72.86847603, 20.37632692 ], [ 72.86397505, 20.37872803 ], [ 72.86185217, 20.38244927 ], [ 72.86333752, 20.390625 ], [ 72.86330605, 20.39212894 ], [ 72.86189795, 20.39552367 ], [ 72.85479414, 20.40612245 ], [ 72.84868276, 20.40883935 ], [ 72.84436882, 20.40985036 ], [ 72.84011817, 20.41035545 ], [ 72.83618426, 20.41063738 ], [ 72.83157694, 20.41020167 ], [ 72.83039641, 20.40950811 ], [ 72.82979393, 20.40844595 ], [ 72.82858586, 20.40471137 ], [ 72.82791317, 20.390625 ], [ 72.82786715, 20.390625 ], [ 72.82802904, 20.38773668 ], [ 72.82185066, 20.37297034 ], [ 72.82135522, 20.37115824 ], [ 72.82247496, 20.36796892 ], [ 72.82261193, 20.36757922 ], [ 72.82028973, 20.36678386 ], [ 72.81541765, 20.35879695 ], [ 72.80726731, 20.35224521 ], [ 72.80504394, 20.35135066 ], [ 72.80080044, 20.35047591 ], [ 72.79712081, 20.35047257 ], [ 72.79317176, 20.35140371 ], [ 72.78937924, 20.34957385 ], [ 72.78693604, 20.34726894 ], [ 72.78422737, 20.34190035 ], [ 72.77941728, 20.33805501 ], [ 72.7778548, 20.33403564 ], [ 72.77584386, 20.33305764 ], [ 72.77462721, 20.32491624 ], [ 72.77432025, 20.30845261 ], [ 72.77514637, 20.30663717 ], [ 72.77443206, 20.3037225 ], [ 72.7734375, 20.30301344 ], [ 72.76757514, 20.29889524 ], [ 72.76231074, 20.29989314 ], [ 72.75992525, 20.29557085 ], [ 72.75710905, 20.29366195 ], [ 72.75632608, 20.29217184 ], [ 72.75532472, 20.28854167 ], [ 72.75407207, 20.27118862 ], [ 72.75165403, 20.25974727 ], [ 72.75149906, 20.25926936 ], [ 72.74994051, 20.25544083 ], [ 72.74091268, 20.24401402 ], [ 72.74076474, 20.24362743 ], [ 72.74050105, 20.24127924 ], [ 72.74093723, 20.23898053 ], [ 72.74558425, 20.22998571 ], [ 72.74556387, 20.22267616 ], [ 72.74666882, 20.21484375 ], [ 72.74671388, 20.21484375 ], [ 72.74822831, 20.20381963 ], [ 72.75164425, 20.20428205 ], [ 72.75441265, 20.20638645 ], [ 72.75696623, 20.21324074 ], [ 72.75738966, 20.21382105 ], [ 72.75859106, 20.21484375 ], [ 72.76078415, 20.21602976 ], [ 72.76157987, 20.21622956 ], [ 72.76286864, 20.21613646 ], [ 72.76302743, 20.21484375 ], [ 72.75890112, 20.21160591 ], [ 72.75434315, 20.20350838 ], [ 72.74855638, 20.20198131 ], [ 72.74825895, 20.20183492 ], [ 72.74766958, 20.20083594 ], [ 72.7464236, 20.19816613 ], [ 72.74545383, 20.19017005 ], [ 72.74288535, 20.18260086 ], [ 72.74341631, 20.17238033 ], [ 72.7375406, 20.13506866 ], [ 72.73804736, 20.12248647 ], [ 72.73836684, 20.11455905 ], [ 72.72601664, 20.08152092 ], [ 72.71217835, 20.07939947 ], [ 72.70990396, 20.07656896 ], [ 72.70803285, 20.0705533 ], [ 72.71522915, 20.03988564 ], [ 72.71499205, 20.0390625 ], [ 72.71580577, 20.02858627 ], [ 72.71449542, 20.02320516 ], [ 72.71782911, 20.01697731 ], [ 72.72084057, 20.00543547 ], [ 72.72143102, 20.00103545 ], [ 72.72175884, 19.98766458 ], [ 72.716591, 19.97319365 ], [ 72.71663332, 19.97273672 ], [ 72.71723783, 19.97145867 ], [ 72.72018063, 19.97154725 ], [ 72.72503686, 19.96913981 ], [ 72.72547388, 19.96872413 ], [ 72.73046732, 19.96242535 ], [ 72.73322487, 19.96081853 ], [ 72.73583007, 19.94806576 ], [ 72.73824942, 19.94428515 ], [ 72.74124885, 19.94316244 ], [ 72.75222743, 19.94392574 ], [ 72.75352275, 19.94259346 ], [ 72.75555253, 19.93880665 ], [ 72.75509775, 19.92727113 ], [ 72.7535783, 19.92785513 ], [ 72.75415337, 19.93875563 ], [ 72.75160146, 19.94164264 ], [ 72.75017822, 19.94232452 ], [ 72.74806225, 19.94245613 ], [ 72.74083436, 19.94073701 ], [ 72.73456955, 19.94254577 ], [ 72.73153818, 19.94774926 ], [ 72.73043108, 19.95803607 ], [ 72.72047842, 19.96844804 ], [ 72.71305025, 19.96954465 ], [ 72.71122205, 19.9690243 ], [ 72.70541155, 19.96640873 ], [ 72.70245481, 19.96274877 ], [ 72.70092845, 19.96124864 ], [ 72.70027077, 19.9609946 ], [ 72.69674218, 19.96142662 ], [ 72.69623053, 19.96037984 ], [ 72.69051623, 19.95814717 ], [ 72.68380988, 19.94548166 ], [ 72.67897844, 19.94119632 ], [ 72.67292535, 19.93878424 ], [ 72.66458857, 19.93317521 ], [ 72.66455686, 19.92982686 ], [ 72.66791344, 19.92753637 ], [ 72.67059648, 19.92752433 ], [ 72.67719483, 19.91904545 ], [ 72.67783165, 19.91378176 ], [ 72.67574501, 19.90666175 ], [ 72.67691016, 19.90324187 ], [ 72.68085372, 19.90058732 ], [ 72.68065417, 19.89598107 ], [ 72.68286812, 19.88810623 ], [ 72.68035781, 19.86935723 ], [ 72.68135726, 19.86513186 ], [ 72.67917371, 19.86328125 ], [ 72.67503715, 19.85888445 ], [ 72.67332554, 19.85554504 ], [ 72.67362905, 19.85323584 ], [ 72.67252064, 19.85244584 ], [ 72.67002261, 19.85161817 ], [ 72.66966724, 19.85159576 ], [ 72.66788495, 19.85302234 ], [ 72.66345513, 19.85103083 ], [ 72.65435267, 19.85877764 ], [ 72.65219021, 19.85802364 ], [ 72.65154648, 19.85714436 ], [ 72.65076506, 19.85373712 ], [ 72.65074444, 19.85327506 ], [ 72.65368092, 19.85086501 ], [ 72.65481925, 19.84362257 ], [ 72.65433586, 19.84246731 ], [ 72.65175092, 19.84233058 ], [ 72.65081477, 19.83961785 ], [ 72.65531445, 19.82679975 ], [ 72.66004264, 19.82358944 ], [ 72.65937221, 19.82107294 ], [ 72.66337705, 19.81952465 ], [ 72.66528404, 19.82160294 ], [ 72.67044342, 19.81811047 ], [ 72.67072332, 19.81799781 ], [ 72.67384005, 19.81830072 ], [ 72.67437923, 19.81815851 ], [ 72.67621398, 19.81689823 ], [ 72.67975044, 19.81314623 ], [ 72.68032503, 19.81208134 ], [ 72.68142867, 19.8078227 ], [ 72.68539095, 19.80145717 ], [ 72.68724894, 19.79431677 ], [ 72.68755555, 19.79411066 ], [ 72.6885221, 19.79476762 ], [ 72.68757224, 19.80237412 ], [ 72.68880165, 19.80550373 ], [ 72.69559264, 19.80465138 ], [ 72.69564462, 19.80303133 ], [ 72.69248855, 19.80433536 ], [ 72.69049525, 19.80395937 ], [ 72.68990326, 19.80257261 ], [ 72.69124174, 19.79465413 ], [ 72.68809831, 19.78847241 ], [ 72.68724954, 19.78006828 ], [ 72.68858194, 19.77131236 ], [ 72.68772113, 19.76531196 ], [ 72.68543065, 19.75983286 ], [ 72.68757081, 19.74793768 ], [ 72.69377244, 19.73567867 ], [ 72.69391131, 19.73563814 ], [ 72.70099032, 19.7318933 ], [ 72.70696723, 19.73231375 ], [ 72.71409237, 19.75209451 ], [ 72.71606314, 19.75480604 ], [ 72.71947324, 19.75483715 ], [ 72.71685171, 19.75316191 ], [ 72.71392667, 19.74843276 ], [ 72.7117033, 19.73229778 ], [ 72.70875251, 19.72665668 ], [ 72.69887757, 19.72628784 ], [ 72.69452274, 19.72946096 ], [ 72.69396508, 19.72752392 ], [ 72.70280314, 19.71810257 ], [ 72.70681894, 19.71289945 ], [ 72.70963812, 19.70741224 ], [ 72.70977807, 19.70695496 ], [ 72.71086001, 19.70175958 ], [ 72.71089125, 19.69852126 ], [ 72.71056354, 19.69445038 ], [ 72.70992982, 19.69146895 ], [ 72.70822346, 19.6875 ], [ 72.70833325, 19.6875 ], [ 72.70633936, 19.68266654 ], [ 72.70633876, 19.68229628 ], [ 72.70715833, 19.67375624 ], [ 72.71088421, 19.6667304 ], [ 72.71079063, 19.65609407 ], [ 72.71240056, 19.64747512 ], [ 72.71526635, 19.63894606 ], [ 72.7200706, 19.63042176 ], [ 72.72475386, 19.62559116 ], [ 72.72575033, 19.62602305 ], [ 72.72565365, 19.62850666 ], [ 72.72811854, 19.62430775 ], [ 72.72753716, 19.61792672 ], [ 72.73079252, 19.60801816 ], [ 72.7298907, 19.60293365 ], [ 72.73055828, 19.6014111 ], [ 72.73459804, 19.60024226 ], [ 72.73783696, 19.59779477 ], [ 72.7310065, 19.59862483 ], [ 72.72727001, 19.59463656 ], [ 72.72534633, 19.59489477 ], [ 72.72315705, 19.59734261 ], [ 72.71883643, 19.59532595 ], [ 72.71276164, 19.59544551 ], [ 72.71280384, 19.59328675 ], [ 72.71529233, 19.59024215 ], [ 72.71656573, 19.58775091 ], [ 72.7177875, 19.58371568 ], [ 72.71801782, 19.58241522 ], [ 72.71624315, 19.57561076 ], [ 72.71637464, 19.57324505 ], [ 72.71653867, 19.57247198 ], [ 72.72101104, 19.56604302 ], [ 72.71965981, 19.55988646 ], [ 72.72186243, 19.55439484 ], [ 72.72218943, 19.54801714 ], [ 72.72023106, 19.54663682 ], [ 72.72306716, 19.54453754 ], [ 72.72215295, 19.54331148 ], [ 72.71721172, 19.54529631 ], [ 72.71688581, 19.54500473 ], [ 72.71694863, 19.54456425 ], [ 72.71727133, 19.54397643 ], [ 72.72067606, 19.54305828 ], [ 72.71857142, 19.5403496 ], [ 72.71863854, 19.53883946 ], [ 72.72378361, 19.53928411 ], [ 72.72450316, 19.53897285 ], [ 72.72610247, 19.53715873 ], [ 72.72652101, 19.53554523 ], [ 72.72629952, 19.53467596 ], [ 72.72467041, 19.53195536 ], [ 72.72690523, 19.53371024 ], [ 72.72842765, 19.53242314 ], [ 72.72908437, 19.52893722 ], [ 72.73153281, 19.52687848 ], [ 72.73670971, 19.52610195 ], [ 72.73924208, 19.51927805 ], [ 72.73949432, 19.51893544 ], [ 72.74240983, 19.51551592 ], [ 72.74769175, 19.51171875 ], [ 72.74879575, 19.51142836 ], [ 72.75586867, 19.50737154 ], [ 72.76497126, 19.50424111 ], [ 72.77269816, 19.50446415 ], [ 72.7734375, 19.50502217 ], [ 72.7734375, 19.50530136 ], [ 72.77935112, 19.51171875 ], [ 72.779356, 19.51171875 ], [ 72.78348982, 19.51634324 ], [ 72.78412128, 19.52553296 ], [ 72.78009272, 19.52748382 ], [ 72.77554476, 19.52611065 ], [ 72.77891207, 19.52873886 ], [ 72.78539646, 19.52787185 ], [ 72.78672302, 19.52403796 ], [ 72.78676188, 19.52134407 ], [ 72.78551495, 19.51751077 ], [ 72.78376365, 19.51330614 ], [ 72.78230774, 19.51171875 ], [ 72.78236377, 19.51161957 ], [ 72.77892745, 19.50857592 ], [ 72.77880096, 19.50822842 ], [ 72.77919984, 19.50673163 ], [ 72.78008735, 19.50527525 ], [ 72.78305328, 19.50516415 ], [ 72.79816043, 19.50650394 ], [ 72.81530654, 19.51053143 ], [ 72.82743847, 19.51125777 ], [ 72.82788825, 19.51171875 ], [ 72.82787287, 19.51181448 ], [ 72.8327589, 19.51945174 ], [ 72.83675671, 19.52248442 ], [ 72.83876324, 19.52721345 ], [ 72.84264135, 19.53228772 ], [ 72.84421885, 19.53756654 ], [ 72.84688377, 19.53996384 ], [ 72.84851325, 19.5404278 ], [ 72.85374331, 19.54042804 ], [ 72.86310327, 19.53899908 ], [ 72.87188864, 19.53456044 ], [ 72.87549794, 19.53038967 ], [ 72.88043904, 19.52753973 ], [ 72.88135397, 19.52727246 ], [ 72.88986397, 19.52670884 ], [ 72.89046586, 19.52704394 ], [ 72.89384854, 19.5325433 ], [ 72.89165175, 19.54544342 ], [ 72.89137411, 19.54610753 ], [ 72.88920116, 19.55074072 ], [ 72.88657415, 19.55519986 ], [ 72.88084781, 19.55987275 ], [ 72.8805176, 19.56314981 ], [ 72.87659121, 19.56693494 ], [ 72.87260544, 19.56884456 ], [ 72.87194324, 19.56969726 ], [ 72.87017608, 19.57209015 ], [ 72.86510301, 19.58302796 ], [ 72.86494672, 19.58355856 ], [ 72.86427856, 19.60632491 ], [ 72.85799682, 19.62136006 ], [ 72.85514474, 19.63306844 ], [ 72.8551445, 19.637887 ], [ 72.85603225, 19.6420722 ], [ 72.85676765, 19.64256322 ], [ 72.85741234, 19.6425333 ], [ 72.85762358, 19.64241374 ], [ 72.85698164, 19.63487256 ], [ 72.85933304, 19.62382352 ], [ 72.86583781, 19.60923743 ], [ 72.86706138, 19.60384107 ], [ 72.86698246, 19.58897924 ], [ 72.86895096, 19.57940304 ], [ 72.87758362, 19.56729567 ], [ 72.88844013, 19.56099558 ], [ 72.88863134, 19.56068897 ], [ 72.88997805, 19.55538642 ], [ 72.89514434, 19.54509306 ], [ 72.89710498, 19.53113115 ], [ 72.89533973, 19.52724576 ], [ 72.89161122, 19.52439022 ], [ 72.88322365, 19.52462053 ], [ 72.88064468, 19.52014792 ], [ 72.87071013, 19.52280366 ], [ 72.85589242, 19.52128696 ], [ 72.85083592, 19.52278793 ], [ 72.84315193, 19.52117586 ], [ 72.84195125, 19.52071011 ], [ 72.83796716, 19.51794481 ], [ 72.8352344, 19.51171875 ], [ 72.83422565, 19.50898492 ], [ 72.82704341, 19.49701965 ], [ 72.82236612, 19.49087334 ], [ 72.81348968, 19.48976135 ], [ 72.79960513, 19.49497771 ], [ 72.79248631, 19.49461722 ], [ 72.77700257, 19.49106085 ], [ 72.77482486, 19.48912156 ], [ 72.77466226, 19.48866725 ], [ 72.7751317, 19.48529077 ], [ 72.77490056, 19.48478878 ], [ 72.7734375, 19.48353791 ], [ 72.7734375, 19.48493302 ], [ 72.77249432, 19.48637295 ], [ 72.77211654, 19.48657596 ], [ 72.77027905, 19.48616076 ], [ 72.76754475, 19.48366225 ], [ 72.7673192, 19.48116112 ], [ 72.76461661, 19.47637296 ], [ 72.76242101, 19.47676933 ], [ 72.75616348, 19.47512662 ], [ 72.74527645, 19.46358633 ], [ 72.74478936, 19.45895755 ], [ 72.74547601, 19.45593202 ], [ 72.74866092, 19.44988227 ], [ 72.75891042, 19.4205445 ], [ 72.75961113, 19.41786528 ], [ 72.76204562, 19.39669585 ], [ 72.76592207, 19.39281535 ], [ 72.76572812, 19.39141774 ], [ 72.76269066, 19.39154232 ], [ 72.76047325, 19.38797414 ], [ 72.75743937, 19.37930322 ], [ 72.75798976, 19.37573111 ], [ 72.76026261, 19.37234175 ], [ 72.76839411, 19.36559618 ], [ 72.77222335, 19.36103356 ], [ 72.7734375, 19.35797977 ], [ 72.7734375, 19.35714281 ], [ 72.77561414, 19.35343981 ], [ 72.77601767, 19.35306454 ], [ 72.78271782, 19.34931028 ], [ 72.79354358, 19.3359375 ], [ 72.79382205, 19.3359375 ], [ 72.79554927, 19.33430541 ], [ 72.79717755, 19.33239984 ], [ 72.79859495, 19.33148253 ], [ 72.80417275, 19.32977796 ], [ 72.8044244, 19.32961357 ], [ 72.80789387, 19.32563651 ], [ 72.81614935, 19.32570708 ], [ 72.82779658, 19.3359375 ], [ 72.82843375, 19.3359375 ], [ 72.83010983, 19.33785987 ], [ 72.83493912, 19.34052813 ], [ 72.83793914, 19.3413527 ], [ 72.84691381, 19.34235477 ], [ 72.86022866, 19.33956492 ], [ 72.86657643, 19.3359375 ], [ 72.86708903, 19.3359375 ], [ 72.87703645, 19.32771564 ], [ 72.88322234, 19.31956065 ], [ 72.88889647, 19.30781734 ], [ 72.89204896, 19.30352128 ], [ 72.89518201, 19.29985595 ], [ 72.90123951, 19.29386413 ], [ 72.90340602, 19.29217041 ], [ 72.90699363, 19.29088461 ], [ 72.90900183, 19.29026246 ], [ 72.91360354, 19.28967035 ], [ 72.9219805, 19.2914952 ], [ 72.92895627, 19.29156375 ], [ 72.93220985, 19.28908586 ], [ 72.93636644, 19.28909946 ], [ 72.94114375, 19.29708946 ], [ 72.94611573, 19.30075157 ], [ 72.94973803, 19.30230665 ], [ 72.95493937, 19.30398715 ], [ 72.96326184, 19.30432963 ], [ 72.96572077, 19.30325162 ], [ 72.96833742, 19.30176854 ], [ 72.97039807, 19.30041957 ], [ 72.97550595, 19.29466522 ], [ 72.98221517, 19.29301524 ], [ 72.98836756, 19.28789055 ], [ 72.98865795, 19.28743291 ], [ 72.99182177, 19.27947164 ], [ 72.99338794, 19.26630986 ], [ 72.99845171, 19.26442313 ], [ 73.00117242, 19.26057148 ], [ 73.0021311, 19.25102687 ], [ 73.00445592, 19.24329185 ], [ 73.00419986, 19.23348105 ], [ 73.00527263, 19.22974718 ], [ 73.00865042, 19.22700477 ], [ 73.01017916, 19.22699118 ], [ 73.01078773, 19.22302377 ], [ 73.01635385, 19.21879995 ], [ 73.01975512, 19.21757185 ], [ 73.02572656, 19.20860207 ], [ 73.02489531, 19.20687938 ], [ 73.02604735, 19.20414865 ], [ 73.03064513, 19.19995642 ], [ 73.03136933, 19.19985104 ], [ 73.03418875, 19.2000705 ], [ 73.0386517, 19.20268023 ], [ 73.04450035, 19.20236063 ], [ 73.06096304, 19.20535386 ], [ 73.06359005, 19.20873165 ], [ 73.06568205, 19.21571565 ], [ 73.06564963, 19.23085642 ], [ 73.06683135, 19.23367751 ], [ 73.07262206, 19.23940921 ], [ 73.08200657, 19.24452043 ], [ 73.09021461, 19.24233174 ], [ 73.10119867, 19.23402655 ], [ 73.10714304, 19.23385525 ], [ 73.10981262, 19.23549342 ], [ 73.11444056, 19.24066675 ], [ 73.11489916, 19.24825633 ], [ 73.11266816, 19.25250554 ], [ 73.10580301, 19.25860083 ], [ 73.10535443, 19.25911164 ], [ 73.10128975, 19.26519394 ], [ 73.10086095, 19.26727021 ], [ 73.10145295, 19.27041686 ], [ 73.10157895, 19.27077746 ], [ 73.10389566, 19.27432215 ], [ 73.11297965, 19.28037465 ], [ 73.125, 19.28376114 ], [ 73.12925196, 19.28373075 ], [ 73.13173735, 19.28278327 ], [ 73.13356185, 19.28160036 ], [ 73.13570321, 19.27867746 ], [ 73.13833761, 19.27210963 ], [ 73.14099896, 19.26888216 ], [ 73.14416587, 19.26849103 ], [ 73.15075254, 19.27032864 ], [ 73.15107584, 19.27027714 ], [ 73.15099776, 19.26743865 ], [ 73.14172316, 19.26677108 ], [ 73.13906908, 19.26768601 ], [ 73.13266504, 19.27936804 ], [ 73.13048887, 19.28130352 ], [ 73.12993014, 19.28149354 ], [ 73.12698936, 19.28201365 ], [ 73.125, 19.28180802 ], [ 73.11446285, 19.27843034 ], [ 73.1112256, 19.27639961 ], [ 73.10488665, 19.2706995 ], [ 73.10454071, 19.27025151 ], [ 73.10376263, 19.26793265 ], [ 73.10376024, 19.26548541 ], [ 73.10495412, 19.26329935 ], [ 73.10600686, 19.26201642 ], [ 73.11197674, 19.25788856 ], [ 73.11758304, 19.24930394 ], [ 73.11758304, 19.24344301 ], [ 73.11574996, 19.24006021 ], [ 73.11564815, 19.23671174 ], [ 73.11285234, 19.23373675 ], [ 73.11183572, 19.23270857 ], [ 73.11063671, 19.23229527 ], [ 73.10821033, 19.23251557 ], [ 73.10592794, 19.23020422 ], [ 73.10182106, 19.23010278 ], [ 73.10110986, 19.23024213 ], [ 73.09595084, 19.23354244 ], [ 73.08970726, 19.23896885 ], [ 73.08275723, 19.24054277 ], [ 73.07973635, 19.23982584 ], [ 73.07154024, 19.23445547 ], [ 73.06801271, 19.22949374 ], [ 73.06883693, 19.21429956 ], [ 73.06521535, 19.20438111 ], [ 73.05943131, 19.20122814 ], [ 73.03614366, 19.19589961 ], [ 73.0275706, 19.19573045 ], [ 73.02708983, 19.19328785 ], [ 73.02865136, 19.19161224 ], [ 73.02706254, 19.19081914 ], [ 73.02451015, 19.19389105 ], [ 73.02451861, 19.19937992 ], [ 73.01771843, 19.21052694 ], [ 73.00811255, 19.21900105 ], [ 73.00459254, 19.22055554 ], [ 73.00009024, 19.23186111 ], [ 72.99972975, 19.24086022 ], [ 72.99614894, 19.25209606 ], [ 72.98888671, 19.26628184 ], [ 72.98888636, 19.27494812 ], [ 72.987239, 19.27950585 ], [ 72.97300875, 19.29093575 ], [ 72.96749747, 19.29384995 ], [ 72.96296895, 19.29505885 ], [ 72.94848013, 19.29408467 ], [ 72.94493794, 19.29090774 ], [ 72.93682027, 19.28641593 ], [ 72.93256974, 19.28657985 ], [ 72.92662621, 19.28928244 ], [ 72.90905893, 19.28718066 ], [ 72.89971924, 19.28763056 ], [ 72.89109564, 19.29390144 ], [ 72.88831866, 19.29836512 ], [ 72.88642096, 19.29854703 ], [ 72.88004792, 19.30414796 ], [ 72.86626101, 19.31338036 ], [ 72.85625696, 19.31807244 ], [ 72.85230863, 19.31857026 ], [ 72.84003627, 19.31748295 ], [ 72.83711946, 19.31505084 ], [ 72.82875741, 19.31210244 ], [ 72.82197165, 19.30613375 ], [ 72.81619346, 19.30276787 ], [ 72.80315053, 19.30304265 ], [ 72.79592264, 19.30597734 ], [ 72.79379737, 19.31031823 ], [ 72.78956044, 19.30897987 ], [ 72.78659773, 19.30693614 ], [ 72.78440797, 19.30181861 ], [ 72.78374076, 19.28055501 ], [ 72.78287637, 19.27934575 ], [ 72.77820683, 19.27882314 ], [ 72.78178835, 19.26943612 ], [ 72.78409445, 19.26770806 ], [ 72.78451133, 19.26579654 ], [ 72.78366506, 19.26131165 ], [ 72.78167856, 19.25923586 ], [ 72.78286004, 19.24989748 ], [ 72.78031981, 19.24188495 ], [ 72.78062642, 19.23954618 ], [ 72.77818, 19.23729944 ], [ 72.77959025, 19.23462248 ], [ 72.77985024, 19.23032141 ], [ 72.77675724, 19.22619247 ], [ 72.77615893, 19.22392976 ], [ 72.77614915, 19.22279513 ], [ 72.77658343, 19.22150016 ], [ 72.78167784, 19.21497536 ], [ 72.78167915, 19.21171105 ], [ 72.77938771, 19.20592606 ], [ 72.78396416, 19.20603037 ], [ 72.78647327, 19.20189798 ], [ 72.782763, 19.20078182 ], [ 72.78263342, 19.20051455 ], [ 72.78145337, 19.19502866 ], [ 72.78161097, 19.19436395 ], [ 72.78253686, 19.19328415 ], [ 72.78442526, 19.19232082 ], [ 72.78807747, 19.19325554 ], [ 72.79077137, 19.19274425 ], [ 72.79102647, 19.19279575 ], [ 72.79339612, 19.19555235 ], [ 72.79367983, 19.19626462 ], [ 72.79363644, 19.19774032 ], [ 72.79210913, 19.20111275 ], [ 72.7924751, 19.20391142 ], [ 72.79277444, 19.20459282 ], [ 72.79615891, 19.20718861 ], [ 72.80408561, 19.21886385 ], [ 72.79868245, 19.22312045 ], [ 72.80532563, 19.22121692 ], [ 72.80715501, 19.22447646 ], [ 72.81258202, 19.22991073 ], [ 72.81435466, 19.22991073 ], [ 72.81966627, 19.23605645 ], [ 72.82145274, 19.24145234 ], [ 72.82056141, 19.24522245 ], [ 72.82235706, 19.24526811 ], [ 72.82726514, 19.2492187 ], [ 72.83649576, 19.2511543 ], [ 72.83780587, 19.25526977 ], [ 72.83426654, 19.26016486 ], [ 72.83702695, 19.26554811 ], [ 72.83922625, 19.26740122 ], [ 72.83532774, 19.2604624 ], [ 72.83928502, 19.25510991 ], [ 72.83983696, 19.25233674 ], [ 72.83954465, 19.25101495 ], [ 72.83919191, 19.2504065 ], [ 72.83687246, 19.24872315 ], [ 72.8362329, 19.24837613 ], [ 72.82930481, 19.24645662 ], [ 72.82900131, 19.24608695 ], [ 72.82244945, 19.23088622 ], [ 72.81849062, 19.22628343 ], [ 72.81649816, 19.22468281 ], [ 72.8127979, 19.22331226 ], [ 72.81261146, 19.22309291 ], [ 72.81170416, 19.22159696 ], [ 72.81096351, 19.21993816 ], [ 72.81061816, 19.21330154 ], [ 72.80411863, 19.20814955 ], [ 72.80095565, 19.19982553 ], [ 72.7971729, 19.19941485 ], [ 72.79700208, 19.19910955 ], [ 72.79612136, 19.18874025 ], [ 72.79597068, 19.18821442 ], [ 72.79668927, 19.17795122 ], [ 72.79481888, 19.17245114 ], [ 72.79451776, 19.17204654 ], [ 72.78806817, 19.16896665 ], [ 72.78658104, 19.16672885 ], [ 72.78242564, 19.16791105 ], [ 72.78190124, 19.16791654 ], [ 72.78090155, 19.16722882 ], [ 72.78045595, 19.16624486 ], [ 72.78100431, 19.16411436 ], [ 72.78125691, 19.16368663 ], [ 72.78409886, 19.16228425 ], [ 72.78407288, 19.16015625 ], [ 72.78376877, 19.16015625 ], [ 72.78149486, 19.15782845 ], [ 72.78430152, 19.15699387 ], [ 72.78436327, 19.15438116 ], [ 72.78657281, 19.15343153 ], [ 72.78894055, 19.15006006 ], [ 72.78909993, 19.14556456 ], [ 72.78766167, 19.14272428 ], [ 72.78819966, 19.13495076 ], [ 72.78594744, 19.13267434 ], [ 72.78786314, 19.13142645 ], [ 72.78655064, 19.13006043 ], [ 72.78660035, 19.12954998 ], [ 72.78703928, 19.12910855 ], [ 72.79393804, 19.13013244 ], [ 72.79508555, 19.13086367 ], [ 72.79709041, 19.13357616 ], [ 72.79620636, 19.13962531 ], [ 72.79526854, 19.14023626 ], [ 72.79903376, 19.14003682 ], [ 72.79984164, 19.14082801 ], [ 72.80258656, 19.14537275 ], [ 72.80258965, 19.14613664 ], [ 72.80174565, 19.15024376 ], [ 72.79807246, 19.15589821 ], [ 72.80426073, 19.15097785 ], [ 72.80602825, 19.15445256 ], [ 72.81081843, 19.15722215 ], [ 72.81181121, 19.16015625 ], [ 72.81184351, 19.16015625 ], [ 72.81305635, 19.16280615 ], [ 72.81914961, 19.17047608 ], [ 72.82242048, 19.17129898 ], [ 72.82893813, 19.17679584 ], [ 72.82918847, 19.18042946 ], [ 72.82774425, 19.18316615 ], [ 72.82831371, 19.18350565 ], [ 72.82971263, 19.18193221 ], [ 72.83097637, 19.17714333 ], [ 72.83098197, 19.1766206 ], [ 72.82990301, 19.17534721 ], [ 72.83049011, 19.17253375 ], [ 72.82814717, 19.16858876 ], [ 72.82936645, 19.16610944 ], [ 72.8281579, 19.16522026 ], [ 72.82453883, 19.16600585 ], [ 72.81860042, 19.16015625 ], [ 72.80670285, 19.14950681 ], [ 72.80619133, 19.14578795 ], [ 72.80361593, 19.14081955 ], [ 72.81476164, 19.12764943 ], [ 72.82137466, 19.12185192 ], [ 72.82040274, 19.11765015 ], [ 72.82325256, 19.11052525 ], [ 72.82624388, 19.09805608 ], [ 72.82678115, 19.09404886 ], [ 72.82683444, 19.08863628 ], [ 72.82543826, 19.08478081 ], [ 72.82611346, 19.07848632 ], [ 72.82540297, 19.07782984 ], [ 72.82406533, 19.07918441 ], [ 72.82098925, 19.07696843 ], [ 72.82266676, 19.06943357 ], [ 72.82102227, 19.06748986 ], [ 72.82207894, 19.06246352 ], [ 72.82070661, 19.05887735 ], [ 72.82375562, 19.05516815 ], [ 72.82004476, 19.04739726 ], [ 72.81616247, 19.04225945 ], [ 72.81863654, 19.04143715 ], [ 72.82146335, 19.04267895 ], [ 72.82297671, 19.03886056 ], [ 72.82450545, 19.03777862 ], [ 72.82449675, 19.04245067 ], [ 72.83461177, 19.04952967 ], [ 72.83613372, 19.04857945 ], [ 72.83755195, 19.04447925 ], [ 72.83834636, 19.03513443 ], [ 72.83415794, 19.02530205 ], [ 72.82967806, 19.02068532 ], [ 72.82530785, 19.01804066 ], [ 72.82008696, 19.01840663 ], [ 72.81503403, 19.0270437 ], [ 72.81623137, 19.01332021 ], [ 72.81122077, 19.00209248 ], [ 72.81232405, 18.99247611 ], [ 72.81098437, 18.98836148 ], [ 72.81158161, 18.98692942 ], [ 72.81356084, 18.98673403 ], [ 72.81439912, 18.984375 ], [ 72.81438875, 18.98288715 ], [ 72.81396842, 18.98183417 ], [ 72.81203187, 18.97957551 ], [ 72.80594397, 18.97772026 ], [ 72.80583692, 18.97561276 ], [ 72.80264926, 18.97203493 ], [ 72.801898, 18.97010255 ], [ 72.8018043, 18.96966136 ], [ 72.80256355, 18.96578658 ], [ 72.79949987, 18.95945942 ], [ 72.79524434, 18.95549655 ], [ 72.79384851, 18.95335496 ], [ 72.79219866, 18.95049465 ], [ 72.79178596, 18.94762325 ], [ 72.79310608, 18.94338191 ], [ 72.79310906, 18.94276893 ], [ 72.79213881, 18.93991315 ], [ 72.79341817, 18.93874574 ], [ 72.79402614, 18.93889737 ], [ 72.79886103, 18.94751716 ], [ 72.80221045, 18.94878364 ], [ 72.8055073, 18.95243371 ], [ 72.80870032, 18.95462441 ], [ 72.80990922, 18.95474851 ], [ 72.81207955, 18.95432484 ], [ 72.81288648, 18.95394111 ], [ 72.81665754, 18.95149612 ], [ 72.81867194, 18.94977665 ], [ 72.82154667, 18.94629896 ], [ 72.82171023, 18.94601464 ], [ 72.8231678, 18.94205654 ], [ 72.82379794, 18.93979812 ], [ 72.82379794, 18.93490112 ], [ 72.82182646, 18.92982721 ], [ 72.81841075, 18.92534316 ], [ 72.82344377, 18.92190802 ], [ 72.82504523, 18.92241764 ], [ 72.82567227, 18.91949785 ], [ 72.82233703, 18.91705847 ], [ 72.81655955, 18.91819644 ], [ 72.81679738, 18.91558147 ], [ 72.81267774, 18.91130507 ], [ 72.80782056, 18.91459334 ], [ 72.80352676, 18.90717363 ], [ 72.80474305, 18.89948165 ], [ 72.80828941, 18.89418483 ], [ 72.80776048, 18.89105785 ], [ 72.80805612, 18.89087462 ], [ 72.81157446, 18.89260113 ], [ 72.81520176, 18.89746022 ], [ 72.81683826, 18.89938855 ], [ 72.81771111, 18.90138924 ], [ 72.81858146, 18.90649784 ], [ 72.82079101, 18.90774858 ], [ 72.82127392, 18.90924311 ], [ 72.82207894, 18.90970254 ], [ 72.82249916, 18.90966582 ], [ 72.82535458, 18.90748095 ], [ 72.82679701, 18.90895545 ], [ 72.82704961, 18.91058958 ], [ 72.83119226, 18.91474807 ], [ 72.83067977, 18.91616654 ], [ 72.83340275, 18.9210937 ], [ 72.83515024, 18.92108715 ], [ 72.83544803, 18.92211187 ], [ 72.83870244, 18.91984355 ], [ 72.84044635, 18.91993737 ], [ 72.84486103, 18.92454803 ], [ 72.84484923, 18.92571855 ], [ 72.8403759, 18.92230165 ], [ 72.8387537, 18.92510104 ], [ 72.83874226, 18.92539215 ], [ 72.84075105, 18.92705905 ], [ 72.84072793, 18.92736864 ], [ 72.83865547, 18.92811513 ], [ 72.84087324, 18.93032646 ], [ 72.84112597, 18.93219435 ], [ 72.84280336, 18.92827225 ], [ 72.84438264, 18.92899776 ], [ 72.84260845, 18.93821144 ], [ 72.84021223, 18.93873453 ], [ 72.84165001, 18.94515026 ], [ 72.84246111, 18.9450109 ], [ 72.84157634, 18.94131482 ], [ 72.8428297, 18.9411056 ], [ 72.84408331, 18.94605684 ], [ 72.84499598, 18.94591951 ], [ 72.84294033, 18.9381417 ], [ 72.84404635, 18.93531728 ], [ 72.84703243, 18.95163596 ], [ 72.84614766, 18.95177543 ], [ 72.84552085, 18.94916022 ], [ 72.84375942, 18.94961345 ], [ 72.84468114, 18.9528563 ], [ 72.84646916, 18.95336187 ], [ 72.84655273, 18.95201945 ], [ 72.84710574, 18.95351875 ], [ 72.84353817, 18.95419884 ], [ 72.84468114, 18.95808661 ], [ 72.84549224, 18.95780754 ], [ 72.84503257, 18.95594895 ], [ 72.84713125, 18.95739734 ], [ 72.84703386, 18.95396805 ], [ 72.84806406, 18.95759785 ], [ 72.84902275, 18.95561087 ], [ 72.85093987, 18.95735443 ], [ 72.85119796, 18.95867944 ], [ 72.84953904, 18.95724964 ], [ 72.84821737, 18.95828724 ], [ 72.85000205, 18.96562815 ], [ 72.85209477, 18.9680711 ], [ 72.85039854, 18.97251976 ], [ 72.85316014, 18.97245514 ], [ 72.85385275, 18.97363615 ], [ 72.85208261, 18.97475862 ], [ 72.85568941, 18.97481978 ], [ 72.85526264, 18.97591984 ], [ 72.85120726, 18.97703481 ], [ 72.85524225, 18.97661614 ], [ 72.85560572, 18.97670984 ], [ 72.85592151, 18.97758234 ], [ 72.8557235, 18.97790265 ], [ 72.85273254, 18.97917604 ], [ 72.85762334, 18.97826624 ], [ 72.86090791, 18.98168051 ], [ 72.86037028, 18.984375 ], [ 72.86022115, 18.984375 ], [ 72.85701442, 18.99151385 ], [ 72.86156285, 18.99575186 ], [ 72.85997152, 18.99845564 ], [ 72.86239386, 19.00272107 ], [ 72.86476421, 19.00424397 ], [ 72.86515987, 19.00443077 ], [ 72.88516843, 19.00897646 ], [ 72.88634491, 18.99944186 ], [ 72.89550221, 18.99943924 ], [ 72.89755166, 18.99825478 ], [ 72.89643824, 18.99785686 ], [ 72.89639986, 18.99653566 ], [ 72.90298867, 18.99712396 ], [ 72.90537596, 18.9903115 ], [ 72.90646756, 18.99070466 ], [ 72.90512896, 18.9950937 ], [ 72.90906835, 18.99113226 ], [ 72.90937304, 18.99238956 ], [ 72.90529525, 18.99621522 ], [ 72.90649545, 18.99660885 ], [ 72.90701652, 18.99911583 ], [ 72.91852868, 18.99943805 ], [ 72.92500198, 19.00540113 ], [ 72.94933355, 19.02195072 ], [ 72.95533502, 19.0276252 ], [ 72.95562255, 19.02798915 ], [ 72.96023667, 19.03713632 ], [ 72.96114242, 19.03980148 ], [ 72.96205914, 19.04561925 ], [ 72.96207786, 19.05645323 ], [ 72.96270013, 19.05791438 ], [ 72.96313226, 19.0581305 ], [ 72.96054685, 19.06505477 ], [ 72.95841014, 19.06642544 ], [ 72.95767725, 19.06644952 ], [ 72.95594621, 19.06616712 ], [ 72.95266378, 19.06481588 ], [ 72.94571924, 19.05853236 ], [ 72.94115675, 19.05836833 ], [ 72.93817067, 19.06051195 ], [ 72.93214202, 19.07275462 ], [ 72.92847836, 19.07460201 ], [ 72.92223155, 19.07415175 ], [ 72.92536414, 19.07558262 ], [ 72.92854094, 19.07555115 ], [ 72.93240523, 19.07358003 ], [ 72.93847585, 19.06152344 ], [ 72.94173062, 19.05962038 ], [ 72.94484532, 19.05975354 ], [ 72.95281041, 19.06664801 ], [ 72.95842457, 19.06895673 ], [ 72.95618665, 19.07864583 ], [ 72.95582902, 19.08912444 ], [ 72.95473385, 19.09081304 ], [ 72.95722365, 19.09306085 ], [ 72.95711482, 19.10143423 ], [ 72.95722282, 19.10190415 ], [ 72.95907772, 19.10348177 ], [ 72.96221316, 19.11392164 ], [ 72.96776247, 19.12451494 ], [ 72.96682525, 19.12969482 ], [ 72.97053134, 19.13045335 ], [ 72.97814858, 19.14831185 ], [ 72.97592437, 19.1505084 ], [ 72.97893012, 19.15156126 ], [ 72.97977006, 19.16015625 ], [ 72.97935271, 19.16015625 ], [ 72.98343265, 19.17776585 ], [ 72.98355567, 19.17859125 ], [ 72.98300564, 19.18258214 ], [ 72.98422718, 19.18331456 ], [ 72.98667645, 19.17942226 ], [ 72.98381543, 19.17086315 ], [ 72.98292756, 19.16471934 ], [ 72.98272192, 19.16015625 ], [ 72.98351467, 19.14583015 ], [ 72.98222303, 19.14001906 ], [ 72.98297775, 19.13377035 ], [ 72.98102856, 19.12963843 ], [ 72.9810276, 19.12897992 ], [ 72.98289478, 19.12231207 ], [ 72.98282826, 19.1215986 ], [ 72.98011935, 19.11988854 ], [ 72.97891593, 19.11672926 ], [ 72.97835076, 19.10705495 ], [ 72.97843611, 19.10645378 ], [ 72.97938335, 19.10155284 ], [ 72.97976816, 19.10116005 ], [ 72.98087704, 19.10056591 ], [ 72.98415935, 19.10106444 ], [ 72.98599684, 19.08564544 ], [ 72.99098217, 19.08576751 ], [ 72.99141026, 19.08556902 ], [ 72.99179268, 19.08455467 ], [ 72.99177802, 19.08272636 ], [ 72.99025273, 19.07914925 ], [ 72.98923361, 19.07823324 ], [ 72.98449755, 19.07714653 ], [ 72.98451185, 19.07439494 ], [ 72.98287666, 19.07165766 ], [ 72.98270595, 19.0657742 ], [ 72.98146641, 19.06450462 ], [ 72.98149574, 19.06411612 ], [ 72.98201477, 19.06282425 ], [ 72.98296034, 19.06252766 ], [ 72.99302745, 19.05870068 ], [ 72.99857402, 19.04846334 ], [ 73.00054884, 19.03696716 ], [ 73.00420356, 19.02727795 ], [ 73.00289881, 19.01954842 ], [ 73.00080943, 19.01634276 ], [ 73.00195825, 19.01388323 ], [ 73.00164485, 19.00685894 ], [ 73.00316846, 19.00171483 ], [ 73.00344276, 19.00127602 ], [ 73.00663435, 19.00100195 ], [ 73.00914085, 18.99860477 ], [ 73.0162847, 18.99841297 ], [ 73.01682866, 18.99848044 ], [ 73.01944673, 18.99950206 ], [ 73.02005637, 19.00144827 ], [ 73.02920365, 19.00167954 ], [ 73.03566778, 19.00599158 ], [ 73.04126871, 19.00756025 ], [ 73.04197633, 19.01246941 ], [ 73.04452205, 19.01577401 ], [ 73.04515314, 19.01615346 ], [ 73.05756605, 19.02226233 ], [ 73.06869793, 19.02342296 ], [ 73.07248557, 19.02562904 ], [ 73.07939815, 19.03225136 ], [ 73.07986462, 19.03228712 ], [ 73.08010316, 19.03176117 ], [ 73.07940948, 19.02890575 ], [ 73.0790652, 19.02847672 ], [ 73.07221007, 19.02263856 ], [ 73.06552637, 19.02046525 ], [ 73.06462622, 19.01913154 ], [ 73.06008518, 19.01880145 ], [ 73.06286001, 19.01418757 ], [ 73.06422365, 19.00749922 ], [ 73.06584775, 19.00588882 ], [ 73.06970775, 19.00477266 ], [ 73.07647932, 19.0048629 ], [ 73.07647932, 19.00322855 ], [ 73.06699431, 19.00311816 ], [ 73.06267166, 18.99684536 ], [ 73.05939865, 18.99501455 ], [ 73.05219674, 18.9979434 ], [ 73.04649103, 19.00415027 ], [ 73.03978646, 19.00441957 ], [ 73.03256381, 19.00119281 ], [ 73.03222418, 18.99412954 ], [ 73.03179741, 18.99336863 ], [ 73.02921045, 18.99124742 ], [ 73.02891767, 18.9911139 ], [ 73.02793264, 18.99165452 ], [ 73.02776241, 18.98891008 ], [ 73.02736902, 18.98865354 ], [ 73.02608585, 18.98874116 ], [ 73.0234704, 18.99074078 ], [ 73.01737845, 18.98621714 ], [ 73.01714432, 18.984375 ], [ 73.01695454, 18.98108935 ], [ 73.01613057, 18.98029387 ], [ 73.01225686, 18.97752845 ], [ 73.01140535, 18.97705305 ], [ 73.00614786, 18.97676015 ], [ 73.00567365, 18.97527027 ], [ 73.00393295, 18.97512114 ], [ 73.00444591, 18.97361255 ], [ 73.00234008, 18.97144616 ], [ 72.99484873, 18.96822143 ], [ 72.99312723, 18.96791291 ], [ 72.98879945, 18.96824062 ], [ 72.98803544, 18.96840942 ], [ 72.98547196, 18.96996415 ], [ 72.98160613, 18.9634881 ], [ 72.97953105, 18.96279967 ], [ 72.97888446, 18.96267533 ], [ 72.97209942, 18.96355987 ], [ 72.96783435, 18.96687102 ], [ 72.96466815, 18.96717703 ], [ 72.96410251, 18.96750307 ], [ 72.96022058, 18.97309566 ], [ 72.95591283, 18.97389042 ], [ 72.95361292, 18.97096348 ], [ 72.95577025, 18.96782231 ], [ 72.95488286, 18.9643507 ], [ 72.95804834, 18.96437252 ], [ 72.96152115, 18.96124566 ], [ 72.97249782, 18.9580785 ], [ 72.97672868, 18.95329654 ], [ 72.97769594, 18.94954658 ], [ 72.98072135, 18.94664574 ], [ 72.98328936, 18.94566405 ], [ 72.98810947, 18.94636261 ], [ 72.99118233, 18.94797242 ], [ 72.99625826, 18.95326734 ], [ 72.99933505, 18.95337153 ], [ 73.00143063, 18.95021355 ], [ 73.00144052, 18.9472599 ], [ 72.9996587, 18.94676065 ], [ 72.99941611, 18.95106804 ], [ 72.99700213, 18.95115435 ], [ 72.99042034, 18.94422591 ], [ 72.98013651, 18.94275475 ], [ 72.97962105, 18.93973601 ], [ 72.98244667, 18.93647385 ], [ 72.98150492, 18.93644726 ], [ 72.97973955, 18.93741453 ], [ 72.97670817, 18.94408774 ], [ 72.97271264, 18.94781351 ], [ 72.96252525, 18.95304346 ], [ 72.95739722, 18.95320785 ], [ 72.956321, 18.95433021 ], [ 72.95626545, 18.9578464 ], [ 72.95181227, 18.96036232 ], [ 72.9474467, 18.95281994 ], [ 72.95063484, 18.9620887 ], [ 72.94969165, 18.96264994 ], [ 72.94520974, 18.95235813 ], [ 72.93941343, 18.94599128 ], [ 72.94509578, 18.94037032 ], [ 72.94579375, 18.93684852 ], [ 72.94885695, 18.93340945 ], [ 72.9578073, 18.92497647 ], [ 72.96126008, 18.92314434 ], [ 72.96139407, 18.92287982 ], [ 72.96197212, 18.92058802 ], [ 72.96112227, 18.91531813 ], [ 72.95720267, 18.90808022 ], [ 72.95689011, 18.90794504 ], [ 72.95301378, 18.90844154 ], [ 72.9497596, 18.91072834 ], [ 72.94559193, 18.91096055 ], [ 72.94428265, 18.90916812 ], [ 72.94257975, 18.90922046 ], [ 72.94285131, 18.89918375 ], [ 72.94116855, 18.89534247 ], [ 72.94113135, 18.89763033 ], [ 72.93318391, 18.90448797 ], [ 72.92920506, 18.91079807 ], [ 72.92305803, 18.91203594 ], [ 72.91938055, 18.90970743 ], [ 72.91712105, 18.91038847 ], [ 72.91757095, 18.90762854 ], [ 72.91629815, 18.90465271 ], [ 72.91029167, 18.90426254 ], [ 72.90813124, 18.90158391 ], [ 72.9078809, 18.89934254 ], [ 72.90895772, 18.89781547 ], [ 72.90841353, 18.88803744 ], [ 72.90851414, 18.88562524 ], [ 72.91311824, 18.88223958 ], [ 72.9134984, 18.88173294 ], [ 72.91776145, 18.87319756 ], [ 72.92181814, 18.86806631 ], [ 72.92374444, 18.86419332 ], [ 72.9229635, 18.85512626 ], [ 72.92471611, 18.85433996 ], [ 72.92559135, 18.85192382 ], [ 72.92625594, 18.85137475 ], [ 72.93031704, 18.85138226 ], [ 72.93301094, 18.84933031 ], [ 72.93834734, 18.84927046 ], [ 72.94111764, 18.84737027 ], [ 72.94313395, 18.84574318 ], [ 72.94634545, 18.84632874 ], [ 72.95128155, 18.84786725 ], [ 72.96043515, 18.85162318 ], [ 72.96094155, 18.85186458 ], [ 72.96247494, 18.85352361 ], [ 72.96455717, 18.85288203 ], [ 72.96491742, 18.85308147 ], [ 72.97815502, 18.86297262 ], [ 72.98315382, 18.86389005 ], [ 72.98376596, 18.86423707 ], [ 72.98606586, 18.86587596 ], [ 72.99039733, 18.87071156 ], [ 73.00042736, 18.8776077 ], [ 73.00478184, 18.88275874 ], [ 73.00453162, 18.87992001 ], [ 73.00081253, 18.87545931 ], [ 72.98925185, 18.86712253 ], [ 72.98613727, 18.85894275 ], [ 72.98586881, 18.85842443 ], [ 72.98131168, 18.85183585 ], [ 72.981094, 18.85106576 ], [ 72.98097408, 18.84626555 ], [ 72.98358142, 18.83383954 ], [ 72.98272765, 18.83044446 ], [ 72.98360384, 18.82828045 ], [ 72.97975051, 18.82184696 ], [ 72.97975004, 18.81719935 ], [ 72.981534, 18.81152487 ], [ 72.98329353, 18.80904496 ], [ 72.98384452, 18.80859375 ], [ 72.98455155, 18.80859375 ], [ 72.99181986, 18.80611205 ], [ 72.99775064, 18.80586696 ], [ 73.00007701, 18.80668128 ], [ 73.00162923, 18.80859375 ], [ 73.00182045, 18.80859375 ], [ 73.00186276, 18.80903995 ], [ 73.00645876, 18.81323814 ], [ 73.00736582, 18.8137238 ], [ 73.00872338, 18.81294704 ], [ 73.00907505, 18.81174922 ], [ 73.00427926, 18.80859375 ], [ 73.00189304, 18.8059386 ], [ 73.00205946, 18.80537796 ], [ 73.00229216, 18.80514908 ], [ 73.01296878, 18.80382466 ], [ 73.01445055, 18.80631268 ], [ 73.01464474, 18.80336714 ], [ 73.01592517, 18.80281484 ], [ 73.01285434, 18.80065155 ], [ 73.00997484, 18.80158913 ], [ 72.99006963, 18.80108964 ], [ 72.97943485, 18.80469024 ], [ 72.97887695, 18.80480075 ], [ 72.97598624, 18.80394363 ], [ 72.97590542, 18.80376017 ], [ 72.97824097, 18.79766393 ], [ 72.99398136, 18.78970015 ], [ 72.99796724, 18.78644204 ], [ 73.00100887, 18.78136992 ], [ 73.00100803, 18.77727532 ], [ 72.99904656, 18.7713536 ], [ 72.98976874, 18.75847864 ], [ 72.98787463, 18.75442445 ], [ 72.98782158, 18.75020564 ], [ 72.99048865, 18.74374402 ], [ 73.00107837, 18.72759914 ], [ 73.00707495, 18.72324252 ], [ 73.02116132, 18.71579826 ], [ 73.02690697, 18.70987725 ], [ 73.02985203, 18.70183527 ], [ 73.0275712, 18.68871784 ], [ 73.02820373, 18.68339026 ], [ 73.03800201, 18.6768589 ], [ 73.04617405, 18.66724622 ], [ 73.04539347, 18.66304767 ], [ 73.04038167, 18.65955305 ], [ 73.04074681, 18.65718782 ], [ 73.04361355, 18.65497875 ], [ 73.05316532, 18.65094078 ], [ 73.05928314, 18.64694941 ], [ 73.06043053, 18.64583957 ], [ 73.06538022, 18.63870573 ], [ 73.06758404, 18.6328125 ], [ 73.06763196, 18.6328125 ], [ 73.06946361, 18.63016546 ], [ 73.07019067, 18.62809455 ], [ 73.06976962, 18.62780285 ], [ 73.06860077, 18.62809324 ], [ 73.06645525, 18.6328125 ], [ 73.0661118, 18.6328125 ], [ 73.06410515, 18.63516104 ], [ 73.05816972, 18.64551234 ], [ 73.05674136, 18.64676714 ], [ 73.05270743, 18.64921927 ], [ 73.04240096, 18.6532191 ], [ 73.03876865, 18.65721858 ], [ 73.03896427, 18.6605376 ], [ 73.04341078, 18.66424406 ], [ 73.04456925, 18.66759181 ], [ 73.03852642, 18.67351425 ], [ 73.03056598, 18.67701364 ], [ 73.02668774, 18.6809206 ], [ 73.02467215, 18.68819296 ], [ 73.02750885, 18.70041513 ], [ 73.02395225, 18.70987904 ], [ 73.02061951, 18.71286225 ], [ 73.00266075, 18.72009003 ], [ 72.99793196, 18.72326303 ], [ 72.99312162, 18.72837615 ], [ 72.98655236, 18.74037588 ], [ 72.98345017, 18.75366366 ], [ 72.98726022, 18.76463926 ], [ 72.99494994, 18.7750051 ], [ 72.99595833, 18.77805293 ], [ 72.99493301, 18.78001106 ], [ 72.99147308, 18.78231597 ], [ 72.97026825, 18.79012406 ], [ 72.96611822, 18.79274845 ], [ 72.96305752, 18.7951411 ], [ 72.96038651, 18.79767215 ], [ 72.95720804, 18.80178845 ], [ 72.9549576, 18.8065567 ], [ 72.95392966, 18.80859375 ], [ 72.95378625, 18.80859375 ], [ 72.95021904, 18.81654656 ], [ 72.94954217, 18.81771088 ], [ 72.94535816, 18.82244563 ], [ 72.94362056, 18.82724321 ], [ 72.94335365, 18.82761645 ], [ 72.94111764, 18.82772076 ], [ 72.93865716, 18.82699633 ], [ 72.93670106, 18.82405603 ], [ 72.92962205, 18.80859375 ], [ 72.92978561, 18.80859375 ], [ 72.92915261, 18.80565834 ], [ 72.92260241, 18.7977705 ], [ 72.92076755, 18.79579973 ], [ 72.91636801, 18.79263115 ], [ 72.91575706, 18.79245818 ], [ 72.91113424, 18.79216194 ], [ 72.90654755, 18.79426205 ], [ 72.90541947, 18.7965821 ], [ 72.90562654, 18.80005431 ], [ 72.90069652, 18.80373716 ], [ 72.89816082, 18.80122995 ], [ 72.89671004, 18.80157137 ], [ 72.8946228, 18.79969466 ], [ 72.88799655, 18.79797804 ], [ 72.88687193, 18.80028558 ], [ 72.88779736, 18.80287266 ], [ 72.88767207, 18.80311894 ], [ 72.88603711, 18.80381894 ], [ 72.88246536, 18.80465794 ], [ 72.87660718, 18.80164862 ], [ 72.87342441, 18.80164945 ], [ 72.86955583, 18.80425835 ], [ 72.8692255, 18.80406845 ], [ 72.86770046, 18.79787683 ], [ 72.86489212, 18.79590785 ], [ 72.86419845, 18.79421461 ], [ 72.86356735, 18.79101515 ], [ 72.86333442, 18.77075601 ], [ 72.86568606, 18.76790357 ], [ 72.86449015, 18.76707995 ], [ 72.86480617, 18.76262546 ], [ 72.86812258, 18.75563574 ], [ 72.86621833, 18.75656867 ], [ 72.8623898, 18.74282587 ], [ 72.86438847, 18.73155403 ], [ 72.86438847, 18.72145963 ], [ 72.86037254, 18.70549726 ], [ 72.85533381, 18.69708943 ], [ 72.859972, 18.68918931 ], [ 72.86228788, 18.67421496 ], [ 72.86463761, 18.66867423 ], [ 72.86327314, 18.66322863 ], [ 72.86327314, 18.66100085 ], [ 72.86390257, 18.65760064 ], [ 72.86680627, 18.64672852 ], [ 72.87078846, 18.63953805 ], [ 72.87776065, 18.63738036 ], [ 72.88199735, 18.63729668 ], [ 72.88203275, 18.63734186 ], [ 72.88348806, 18.64053655 ], [ 72.88723886, 18.64115346 ], [ 72.89930975, 18.63557672 ], [ 72.90151918, 18.6328125 ], [ 72.90170634, 18.6328125 ], [ 72.90069306, 18.63012147 ], [ 72.89872944, 18.62949955 ], [ 72.8984971, 18.6296972 ], [ 72.89817595, 18.6328125 ], [ 72.89798605, 18.6328125 ], [ 72.89683068, 18.63529146 ], [ 72.89218271, 18.63567722 ], [ 72.89077616, 18.6369822 ], [ 72.8874799, 18.63790476 ], [ 72.88435876, 18.63835335 ], [ 72.88419998, 18.63561416 ], [ 72.88473606, 18.6328125 ], [ 72.88464296, 18.6328125 ], [ 72.88568044, 18.62635827 ], [ 72.8883965, 18.62041235 ], [ 72.89438558, 18.61130714 ], [ 72.90584207, 18.58641064 ], [ 72.90699875, 18.58555245 ], [ 72.91011417, 18.58586371 ], [ 72.90858543, 18.58399296 ], [ 72.90836453, 18.58112061 ], [ 72.91112852, 18.57770443 ], [ 72.91215694, 18.57358122 ], [ 72.91533446, 18.56767821 ], [ 72.92032552, 18.55929804 ], [ 72.92102265, 18.55702507 ], [ 72.92448735, 18.54552495 ], [ 72.92475963, 18.54507303 ], [ 72.92878115, 18.54174435 ], [ 72.92947757, 18.54160404 ], [ 72.93205178, 18.54388726 ], [ 72.93863714, 18.54628742 ], [ 72.95207024, 18.5471245 ], [ 72.96304584, 18.54461324 ], [ 72.96688747, 18.54277253 ], [ 72.96720564, 18.54256988 ], [ 72.97255278, 18.53660893 ], [ 72.97444296, 18.53277898 ], [ 72.97489011, 18.53127861 ], [ 72.97863555, 18.51241505 ], [ 72.98608315, 18.50401282 ], [ 72.99374461, 18.49061704 ], [ 73.00873125, 18.46103775 ], [ 73.00938153, 18.45703125 ], [ 73.01303363, 18.45554912 ], [ 73.01349676, 18.45558274 ], [ 73.01614785, 18.45703125 ], [ 73.02232337, 18.4605571 ], [ 73.02320945, 18.46204507 ], [ 73.02358937, 18.46934724 ], [ 73.02537, 18.47450471 ], [ 73.03663576, 18.47806895 ], [ 73.04039896, 18.48445845 ], [ 73.05064774, 18.48747265 ], [ 73.05539083, 18.48630714 ], [ 73.05712616, 18.48461378 ], [ 73.05851185, 18.48060822 ], [ 73.06305242, 18.47706842 ], [ 73.06956625, 18.47435975 ], [ 73.07670605, 18.47444725 ], [ 73.07898128, 18.47347176 ], [ 73.08140433, 18.47098482 ], [ 73.08239651, 18.46799982 ], [ 73.08719504, 18.46713078 ], [ 73.09221625, 18.46298432 ], [ 73.09155417, 18.46185601 ], [ 73.08219373, 18.46682644 ], [ 73.07527327, 18.47347915 ], [ 73.06938016, 18.47352266 ], [ 73.06135714, 18.47589576 ], [ 73.05884302, 18.47757494 ], [ 73.05513787, 18.48419893 ], [ 73.05244017, 18.48407972 ], [ 73.05072117, 18.48248875 ], [ 73.04217637, 18.48395753 ], [ 73.03690457, 18.47716761 ], [ 73.02800906, 18.47418725 ], [ 73.02701676, 18.47344255 ], [ 73.02588665, 18.47216725 ], [ 73.02471125, 18.46940327 ], [ 73.02495801, 18.46212053 ], [ 73.02210093, 18.45927668 ], [ 73.0216397, 18.45894516 ], [ 73.01741481, 18.45703125 ], [ 73.01574683, 18.45541286 ], [ 73.01317251, 18.45457876 ], [ 73.012802, 18.45457804 ], [ 73.01077211, 18.45514715 ], [ 73.00830245, 18.45703125 ], [ 73.00791061, 18.45703125 ], [ 72.99699676, 18.47826481 ], [ 72.98794973, 18.49187565 ], [ 72.98610747, 18.49646783 ], [ 72.98202145, 18.50209248 ], [ 72.97277594, 18.50922823 ], [ 72.96940231, 18.52027917 ], [ 72.96933913, 18.53130197 ], [ 72.96727955, 18.53580844 ], [ 72.95212173, 18.54098606 ], [ 72.94429708, 18.54070711 ], [ 72.92774594, 18.53523815 ], [ 72.92228842, 18.53163314 ], [ 72.91591871, 18.52908945 ], [ 72.9157232, 18.5291177 ], [ 72.91516995, 18.52919781 ], [ 72.91150045, 18.53050125 ], [ 72.90949595, 18.53717542 ], [ 72.90718007, 18.54108095 ], [ 72.90664637, 18.54124451 ], [ 72.90461647, 18.53918755 ], [ 72.90442824, 18.5381906 ], [ 72.90450323, 18.53726733 ], [ 72.90625453, 18.53620386 ], [ 72.90932405, 18.52993286 ], [ 72.91107655, 18.52429795 ], [ 72.91142726, 18.51673865 ], [ 72.91047823, 18.51356792 ], [ 72.91138041, 18.50572026 ], [ 72.90988183, 18.50413322 ], [ 72.91143215, 18.50333691 ], [ 72.90655684, 18.50388706 ], [ 72.90439093, 18.50183284 ], [ 72.90385485, 18.49527931 ], [ 72.90173805, 18.49259651 ], [ 72.90089965, 18.48917222 ], [ 72.9012326, 18.47638333 ], [ 72.8995471, 18.47333133 ], [ 72.89554763, 18.47217727 ], [ 72.89464557, 18.45703125 ], [ 72.89552808, 18.45703125 ], [ 72.89675701, 18.45790923 ], [ 72.89745104, 18.45783544 ], [ 72.89817595, 18.45703125 ], [ 72.89836562, 18.45703125 ], [ 72.89899886, 18.45606101 ], [ 72.90534997, 18.44032002 ], [ 72.90652275, 18.43333244 ], [ 72.90445316, 18.42845118 ], [ 72.90927315, 18.42100215 ], [ 72.90635598, 18.41701663 ], [ 72.90762317, 18.41486383 ], [ 72.90726674, 18.41170955 ], [ 72.90571785, 18.41061282 ], [ 72.90758204, 18.40915334 ], [ 72.90835106, 18.40472734 ], [ 72.90656865, 18.40281856 ], [ 72.90889311, 18.40183055 ], [ 72.90851355, 18.39967084 ], [ 72.91185355, 18.39746261 ], [ 72.91216588, 18.39437652 ], [ 72.91365302, 18.39309573 ], [ 72.91476226, 18.39364696 ], [ 72.91679597, 18.39231706 ], [ 72.92111421, 18.39310658 ], [ 72.92403245, 18.39200032 ], [ 72.92625976, 18.38623595 ], [ 72.92486334, 18.37448776 ], [ 72.92609775, 18.37295473 ], [ 72.92262328, 18.37345707 ], [ 72.91940284, 18.37180173 ], [ 72.91715658, 18.37246156 ], [ 72.91391945, 18.37002242 ], [ 72.91149962, 18.36676657 ], [ 72.91193736, 18.36173224 ], [ 72.91208982, 18.36117375 ], [ 72.91481125, 18.35892785 ], [ 72.91439498, 18.35495996 ], [ 72.91755438, 18.34852612 ], [ 72.92058516, 18.34689355 ], [ 72.92483902, 18.3504256 ], [ 72.92623615, 18.34984136 ], [ 72.92724407, 18.34929931 ], [ 72.93391895, 18.3509196 ], [ 72.93463135, 18.35064995 ], [ 72.93622124, 18.34863663 ], [ 72.93621922, 18.34835255 ], [ 72.93436551, 18.34295273 ], [ 72.93874073, 18.34265113 ], [ 72.93999171, 18.34433651 ], [ 72.94134974, 18.34397411 ], [ 72.94510305, 18.34141195 ], [ 72.94610906, 18.33888233 ], [ 72.94975126, 18.33757377 ], [ 72.95262778, 18.33381558 ], [ 72.9560312, 18.32519615 ], [ 72.96075594, 18.31942916 ], [ 72.95872211, 18.31956685 ], [ 72.95638168, 18.31797743 ], [ 72.95601833, 18.31512785 ], [ 72.95961595, 18.31130075 ], [ 72.96420515, 18.3127774 ], [ 72.96767604, 18.30993664 ], [ 72.97052634, 18.29936016 ], [ 72.97124147, 18.30099845 ], [ 72.97305155, 18.30157626 ], [ 72.97816575, 18.29862297 ], [ 72.97962534, 18.29990613 ], [ 72.98152542, 18.29950297 ], [ 72.98404324, 18.29323077 ], [ 72.98641205, 18.29137945 ], [ 72.98713088, 18.28727376 ], [ 72.99020267, 18.28671002 ], [ 72.99125326, 18.28125 ], [ 72.99177015, 18.28125 ], [ 72.99194956, 18.27687943 ], [ 72.99331415, 18.27347004 ], [ 72.99374914, 18.27342355 ], [ 72.99672794, 18.27648938 ], [ 72.99793267, 18.28125 ], [ 72.99830806, 18.28125 ], [ 72.99805844, 18.28266656 ], [ 72.99826121, 18.28288877 ], [ 73.00315833, 18.28459823 ], [ 73.00869465, 18.28456855 ], [ 73.01212466, 18.28369391 ], [ 73.01682675, 18.28125 ], [ 73.01759446, 18.28125 ], [ 73.02238715, 18.27753663 ], [ 73.02250028, 18.27721953 ], [ 73.02279603, 18.27373934 ], [ 73.0204916, 18.27147198 ], [ 73.02074861, 18.27021134 ], [ 73.02094972, 18.26987195 ], [ 73.02366245, 18.26856005 ], [ 73.02604926, 18.26909936 ], [ 73.02823722, 18.26680887 ], [ 73.02843261, 18.26426971 ], [ 73.03253925, 18.26612031 ], [ 73.03596365, 18.26463461 ], [ 73.04128814, 18.26466477 ], [ 73.05295193, 18.26854205 ], [ 73.05347407, 18.26893616 ], [ 73.05455172, 18.27066553 ], [ 73.05466986, 18.27118754 ], [ 73.05413747, 18.27359533 ], [ 73.05359662, 18.27442873 ], [ 73.04635334, 18.28125 ], [ 73.04622173, 18.28125 ], [ 73.04601586, 18.28372681 ], [ 73.04354513, 18.28894544 ], [ 73.04041433, 18.29317522 ], [ 73.03981328, 18.29494226 ], [ 73.03945971, 18.29909945 ], [ 73.04021215, 18.30087233 ], [ 73.04124296, 18.30225062 ], [ 73.04577315, 18.30636835 ], [ 73.05024517, 18.30755115 ], [ 73.06174612, 18.30288565 ], [ 73.06806076, 18.30471575 ], [ 73.07375741, 18.30872083 ], [ 73.07876134, 18.31474328 ], [ 73.0798707, 18.3194921 ], [ 73.08498275, 18.32984185 ], [ 73.08521831, 18.32755184 ], [ 73.08794832, 18.32652295 ], [ 73.08460271, 18.32659376 ], [ 73.08402646, 18.32570434 ], [ 73.08389723, 18.32528341 ], [ 73.08548522, 18.32029343 ], [ 73.08748162, 18.32360041 ], [ 73.08837974, 18.32363021 ], [ 73.08832336, 18.32327735 ], [ 73.08227265, 18.31214011 ], [ 73.0831871, 18.30844426 ], [ 73.08273566, 18.30114365 ], [ 73.07933712, 18.30011725 ], [ 73.07786155, 18.29817343 ], [ 73.08251357, 18.29565942 ], [ 73.08636403, 18.28799856 ], [ 73.08191371, 18.29459894 ], [ 73.07778013, 18.29579926 ], [ 73.07623875, 18.29845345 ], [ 73.05724812, 18.29997706 ], [ 73.05224192, 18.30307686 ], [ 73.04843521, 18.30357778 ], [ 73.04447544, 18.30142677 ], [ 73.04306924, 18.2983942 ], [ 73.04318178, 18.29697168 ], [ 73.04329753, 18.29641795 ], [ 73.04551256, 18.29526258 ], [ 73.05239475, 18.28125 ], [ 73.05280936, 18.28125 ], [ 73.05291045, 18.28003764 ], [ 73.06025457, 18.27797735 ], [ 73.06293106, 18.27842045 ], [ 73.06339288, 18.27808237 ], [ 73.06330395, 18.27636635 ], [ 73.06714976, 18.27135193 ], [ 73.06792176, 18.26996195 ], [ 73.0691663, 18.26637065 ], [ 73.06909347, 18.26563418 ], [ 73.06746984, 18.26245928 ], [ 73.06251013, 18.25796378 ], [ 73.06166661, 18.25118875 ], [ 73.06868744, 18.24208796 ], [ 73.07534361, 18.23898041 ], [ 73.075809, 18.23865116 ], [ 73.07668471, 18.23598802 ], [ 73.07847846, 18.23530293 ], [ 73.07851374, 18.23244357 ], [ 73.08036053, 18.23101056 ], [ 73.08061194, 18.23009205 ], [ 73.08054686, 18.22664833 ], [ 73.07895112, 18.22576821 ], [ 73.07868385, 18.22417212 ], [ 73.08052802, 18.22159255 ], [ 73.08080304, 18.21578217 ], [ 73.07631648, 18.20740724 ], [ 73.07550836, 18.19982016 ], [ 73.07050896, 18.19728017 ], [ 73.06495905, 18.19766474 ], [ 73.06196463, 18.19621074 ], [ 73.05971527, 18.19342434 ], [ 73.05979371, 18.19046676 ], [ 73.06997001, 18.18163228 ], [ 73.07415926, 18.17981172 ], [ 73.07536352, 18.180619 ], [ 73.07637513, 18.17856085 ], [ 73.08035934, 18.17899191 ], [ 73.08072042, 18.17315388 ], [ 73.08344877, 18.16992462 ], [ 73.08772326, 18.17069316 ], [ 73.09070444, 18.16906202 ], [ 73.09113956, 18.16760623 ], [ 73.08968925, 18.16605496 ], [ 73.09205985, 18.16400945 ], [ 73.09190917, 18.16239262 ], [ 73.08929467, 18.16423166 ], [ 73.08395016, 18.16165507 ], [ 73.08693731, 18.15835845 ], [ 73.08794081, 18.15531755 ], [ 73.0882982, 18.15173924 ], [ 73.08696663, 18.15021384 ], [ 73.08532953, 18.15654063 ], [ 73.08394766, 18.1578933 ], [ 73.08169186, 18.1565088 ], [ 73.07966495, 18.16221905 ], [ 73.07817805, 18.16204345 ], [ 73.07294011, 18.15655124 ], [ 73.07632971, 18.16157687 ], [ 73.07696652, 18.16470683 ], [ 73.07248676, 18.16980648 ], [ 73.06930065, 18.16532052 ], [ 73.07197654, 18.17059135 ], [ 73.07154977, 18.17217851 ], [ 73.06229365, 18.17925561 ], [ 73.05657053, 18.18549752 ], [ 73.0554502, 18.18840516 ], [ 73.05539656, 18.19442666 ], [ 73.05800843, 18.19889891 ], [ 73.06942761, 18.20517755 ], [ 73.07041705, 18.20689392 ], [ 73.07093108, 18.20971334 ], [ 73.06960416, 18.22146881 ], [ 73.06914318, 18.22226715 ], [ 73.06606722, 18.22516525 ], [ 73.06385696, 18.22691405 ], [ 73.05300307, 18.23178315 ], [ 73.05144882, 18.23202872 ], [ 73.04933405, 18.22988856 ], [ 73.04855621, 18.23292542 ], [ 73.04124045, 18.23559845 ], [ 73.0367645, 18.23509431 ], [ 73.02742875, 18.2404263 ], [ 73.01983106, 18.24136162 ], [ 73.01748312, 18.24562311 ], [ 73.01554036, 18.24265063 ], [ 73.01278746, 18.24193084 ], [ 73.01068306, 18.24450505 ], [ 73.00593233, 18.24468374 ], [ 73.00005591, 18.24831176 ], [ 72.99731123, 18.24487066 ], [ 72.99278724, 18.24601722 ], [ 72.98810124, 18.24351072 ], [ 72.98178518, 18.24197924 ], [ 72.98046768, 18.24522781 ], [ 72.97405362, 18.24724567 ], [ 72.97117436, 18.25988615 ], [ 72.97415173, 18.26270866 ], [ 72.97011054, 18.26440895 ], [ 72.97076225, 18.27139068 ], [ 72.96935451, 18.27438951 ], [ 72.96670878, 18.27578795 ], [ 72.96588898, 18.27918041 ], [ 72.96554816, 18.27952385 ], [ 72.96181214, 18.28062046 ], [ 72.96107221, 18.28050828 ], [ 72.95559478, 18.27769053 ], [ 72.95098472, 18.28021944 ], [ 72.95098245, 18.28125 ], [ 72.95077014, 18.2836591 ], [ 72.95057178, 18.28394485 ], [ 72.94815695, 18.28524685 ], [ 72.94764161, 18.28536308 ], [ 72.94164455, 18.28537416 ], [ 72.93924081, 18.28442228 ], [ 72.93878174, 18.28439581 ], [ 72.93540311, 18.28125 ], [ 72.93519664, 18.28069472 ], [ 72.93734348, 18.27517116 ], [ 72.93494928, 18.27186286 ], [ 72.93743134, 18.26956546 ], [ 72.93968964, 18.26420045 ], [ 72.93961024, 18.25994933 ], [ 72.94168985, 18.25467575 ], [ 72.94229794, 18.25041866 ], [ 72.94153655, 18.24933171 ], [ 72.94271767, 18.24696815 ], [ 72.93985641, 18.24271572 ], [ 72.94137526, 18.23449492 ], [ 72.93819141, 18.23284626 ], [ 72.93478, 18.22877896 ], [ 72.93351495, 18.22493303 ], [ 72.93137956, 18.22387266 ], [ 72.93164384, 18.21944833 ], [ 72.93540776, 18.21718955 ], [ 72.93921065, 18.21686697 ], [ 72.93969786, 18.21920192 ], [ 72.94265461, 18.21980083 ], [ 72.94346845, 18.22196436 ], [ 72.94535542, 18.22318304 ], [ 72.94999218, 18.22144043 ], [ 72.95203507, 18.21897185 ], [ 72.95625186, 18.21931624 ], [ 72.96109831, 18.21381354 ], [ 72.96533847, 18.2109375 ], [ 72.96814275, 18.20552397 ], [ 72.97326267, 18.20304346 ], [ 72.98170126, 18.19535255 ], [ 72.98782527, 18.19443893 ], [ 72.98548532, 18.19256866 ], [ 72.98029888, 18.19368517 ], [ 72.97921956, 18.19280195 ], [ 72.98773205, 18.16068316 ], [ 72.98880982, 18.15936768 ], [ 72.99046147, 18.15972614 ], [ 72.99040103, 18.15835226 ], [ 72.98919153, 18.15740705 ], [ 72.98677981, 18.15761042 ], [ 72.98568404, 18.15409565 ], [ 72.9866873, 18.14982116 ], [ 72.98562241, 18.14355767 ], [ 72.98228717, 18.14161825 ], [ 72.98175645, 18.13703072 ], [ 72.97424424, 18.13418925 ], [ 72.97129178, 18.13226748 ], [ 72.97125864, 18.13143504 ], [ 72.97262085, 18.12458515 ], [ 72.97586465, 18.12211084 ], [ 72.97599924, 18.12174988 ], [ 72.97696161, 18.11453354 ], [ 72.97933924, 18.11313784 ], [ 72.97934091, 18.10857654 ], [ 72.98208594, 18.10546875 ], [ 72.98249841, 18.10546875 ], [ 72.98387682, 18.10297513 ], [ 72.98778212, 18.10213542 ], [ 72.98979771, 18.10025585 ], [ 72.99653387, 18.07939208 ], [ 72.99756145, 18.07710326 ], [ 72.99919391, 18.07452702 ], [ 73.00015116, 18.07364357 ], [ 73.00005937, 18.07669544 ], [ 73.00288725, 18.07554662 ], [ 73.00172031, 18.07093322 ], [ 72.99483502, 18.06732047 ], [ 72.99405408, 18.06655836 ], [ 72.99073887, 18.06070554 ], [ 72.99000192, 18.05497205 ], [ 72.99393833, 18.04998386 ], [ 72.99502575, 18.04956937 ], [ 72.99872255, 18.04997623 ], [ 73.00169063, 18.05431151 ], [ 73.00503552, 18.05228174 ], [ 73.00875854, 18.04841137 ], [ 73.01262164, 18.03582835 ], [ 73.01607764, 18.03231835 ], [ 73.01824164, 18.03343594 ], [ 73.02053404, 18.04031825 ], [ 73.02540231, 18.04825854 ], [ 73.02513063, 18.05007803 ], [ 73.03219724, 18.04997265 ], [ 73.03539586, 18.05207431 ], [ 73.03831828, 18.05222476 ], [ 73.03917456, 18.05354786 ], [ 73.04028475, 18.05300283 ], [ 73.03959823, 18.04901683 ], [ 73.03597021, 18.04948544 ], [ 73.02717185, 18.04608417 ], [ 73.02187765, 18.03941977 ], [ 73.02180827, 18.03695345 ], [ 73.02449524, 18.03631246 ], [ 73.02668703, 18.03791535 ], [ 73.02698851, 18.03575754 ], [ 73.02971435, 18.03233576 ], [ 73.03335261, 18.03381038 ], [ 73.03721952, 18.03731513 ], [ 73.03970373, 18.04311037 ], [ 73.04141331, 18.04434395 ], [ 73.04533577, 18.04152262 ], [ 73.04094541, 18.04317105 ], [ 73.03844714, 18.03648412 ], [ 73.02932262, 18.0277698 ], [ 73.02328777, 18.02374351 ], [ 73.02104235, 18.02374542 ], [ 73.0187875, 18.02592957 ], [ 73.01528525, 18.02558935 ], [ 73.01079392, 18.02460766 ], [ 73.00637615, 18.02165282 ], [ 73.00224924, 18.02099955 ], [ 73.00480795, 18.01864111 ], [ 73.00600135, 18.01356757 ], [ 73.00871885, 18.01033771 ], [ 73.01171672, 18.01033771 ], [ 73.01635301, 18.00685227 ], [ 73.01888776, 17.99791336 ], [ 73.02140605, 17.99353814 ], [ 73.02108085, 17.99261475 ], [ 73.01826537, 17.99230194 ], [ 73.01814854, 17.99084437 ], [ 73.01883137, 17.99032581 ], [ 73.02639317, 17.98863375 ], [ 73.02931523, 17.99101162 ], [ 73.02972305, 17.99086821 ], [ 73.03274143, 17.98910773 ], [ 73.03292704, 17.98711264 ], [ 73.03343177, 17.98658955 ], [ 73.03753054, 17.98409843 ], [ 73.03927362, 17.98786926 ], [ 73.03802228, 17.99112058 ], [ 73.04099441, 17.98800206 ], [ 73.04361773, 17.98797238 ], [ 73.04926741, 17.99067056 ], [ 73.05915892, 17.99148357 ], [ 73.06385636, 17.99287915 ], [ 73.07192695, 17.99170828 ], [ 73.07654321, 17.99324596 ], [ 73.07894826, 17.99244046 ], [ 73.08331442, 17.99352062 ], [ 73.09582722, 17.99113846 ], [ 73.10048795, 17.98908293 ], [ 73.10115635, 17.98692107 ], [ 73.10324061, 17.98533416 ], [ 73.11223185, 17.98145783 ], [ 73.11674285, 17.98564971 ], [ 73.1203469, 17.99556911 ], [ 73.12052751, 17.99594498 ], [ 73.125, 18.00306904 ], [ 73.125, 18.00362706 ], [ 73.13230288, 18.01652384 ], [ 73.13617587, 18.01893926 ], [ 73.14798975, 18.02178431 ], [ 73.14913952, 18.02409756 ], [ 73.14925063, 18.03133965 ], [ 73.15123212, 18.03536832 ], [ 73.15364206, 18.03927755 ], [ 73.15774453, 18.04280806 ], [ 73.15990937, 18.04667997 ], [ 73.16796875, 18.05200136 ], [ 73.16921854, 18.05649853 ], [ 73.1701951, 18.05818236 ], [ 73.17230487, 18.06018472 ], [ 73.17611241, 18.06181681 ], [ 73.18093777, 18.06212401 ], [ 73.18811786, 18.05976391 ], [ 73.19061983, 18.05962384 ], [ 73.19116104, 18.05983305 ], [ 73.19476736, 18.06212783 ], [ 73.19927764, 18.06963372 ], [ 73.19959915, 18.06994235 ], [ 73.20134294, 18.07088912 ], [ 73.20543194, 18.07112014 ], [ 73.21148956, 18.06870341 ], [ 73.21493912, 18.06220865 ], [ 73.21963894, 18.05898595 ], [ 73.22894585, 18.05778623 ], [ 73.24102652, 18.06274974 ], [ 73.25271893, 18.06365645 ], [ 73.25520134, 18.06518745 ], [ 73.25732005, 18.06992352 ], [ 73.26132917, 18.07269955 ], [ 73.26535821, 18.07246315 ], [ 73.27665651, 18.06786585 ], [ 73.28522193, 18.07137275 ], [ 73.28851175, 18.07529712 ], [ 73.29083383, 18.07644415 ], [ 73.29830766, 18.07721555 ], [ 73.29941285, 18.07721543 ], [ 73.30380511, 18.07642102 ], [ 73.30622888, 18.07419646 ], [ 73.30730092, 18.07100964 ], [ 73.30659246, 18.06327784 ], [ 73.3088423, 18.06212604 ], [ 73.31160045, 18.06231117 ], [ 73.3162775, 18.06531155 ], [ 73.32339716, 18.07221472 ], [ 73.33131111, 18.07461917 ], [ 73.33582401, 18.08168376 ], [ 73.34500158, 18.08566451 ], [ 73.34635675, 18.0871824 ], [ 73.34681535, 18.09369135 ], [ 73.33484197, 18.0984112 ], [ 73.33429766, 18.09885812 ], [ 73.33148575, 18.10391951 ], [ 73.33142185, 18.10546875 ], [ 73.33111048, 18.10584426 ], [ 73.33272886, 18.10655677 ], [ 73.33335495, 18.10546875 ], [ 73.33347452, 18.10546875 ], [ 73.33544183, 18.09936035 ], [ 73.33753073, 18.09848142 ], [ 73.34220242, 18.09886956 ], [ 73.34107184, 18.09735191 ], [ 73.34773338, 18.09393895 ], [ 73.34847295, 18.09137726 ], [ 73.35141993, 18.09259474 ], [ 73.35354304, 18.09104586 ], [ 73.34919477, 18.09050417 ], [ 73.34823787, 18.08547318 ], [ 73.34178364, 18.08193815 ], [ 73.34984303, 18.08109653 ], [ 73.35623252, 18.08549285 ], [ 73.35847771, 18.08869314 ], [ 73.36329508, 18.09005034 ], [ 73.37513018, 18.08580828 ], [ 73.38496983, 18.08697212 ], [ 73.38986433, 18.08507085 ], [ 73.39460182, 18.08058214 ], [ 73.39473295, 18.08018124 ], [ 73.39547372, 18.07284403 ], [ 73.39434206, 18.07323456 ], [ 73.39238441, 18.08108532 ], [ 73.39047825, 18.08339155 ], [ 73.38338482, 18.08558583 ], [ 73.37653995, 18.08376026 ], [ 73.37328625, 18.08403766 ], [ 73.36733186, 18.08741045 ], [ 73.36181557, 18.08786035 ], [ 73.34932554, 18.07972026 ], [ 73.34087956, 18.08083272 ], [ 73.33714581, 18.0797857 ], [ 73.33616102, 18.0756278 ], [ 73.33244824, 18.07087052 ], [ 73.32980168, 18.0708096 ], [ 73.32335031, 18.06633496 ], [ 73.31508255, 18.06253505 ], [ 73.31128824, 18.05919647 ], [ 73.3078804, 18.05838335 ], [ 73.30540621, 18.05890477 ], [ 73.30317616, 18.06183147 ], [ 73.30466461, 18.06602454 ], [ 73.30294812, 18.07236028 ], [ 73.29860222, 18.07413507 ], [ 73.29513955, 18.07345092 ], [ 73.28677094, 18.0682857 ], [ 73.27874553, 18.06504023 ], [ 73.27230132, 18.06559825 ], [ 73.26949716, 18.06817317 ], [ 73.26643205, 18.06847 ], [ 73.26006997, 18.06592071 ], [ 73.25709331, 18.06201637 ], [ 73.25296152, 18.05952096 ], [ 73.24245501, 18.05967832 ], [ 73.23584473, 18.05670762 ], [ 73.22872281, 18.05515575 ], [ 73.21739686, 18.056216 ], [ 73.21361792, 18.05797625 ], [ 73.20807457, 18.06128073 ], [ 73.20577431, 18.06655014 ], [ 73.20332718, 18.06717217 ], [ 73.200109, 18.06588447 ], [ 73.1973716, 18.06016362 ], [ 73.19181836, 18.05611956 ], [ 73.18793857, 18.0558331 ], [ 73.18147182, 18.05952764 ], [ 73.17635727, 18.05926001 ], [ 73.16837323, 18.04875004 ], [ 73.16283596, 18.04528451 ], [ 73.15260375, 18.03189886 ], [ 73.15194654, 18.02279413 ], [ 73.15011597, 18.01930225 ], [ 73.14719915, 18.01734292 ], [ 73.13893366, 18.01614654 ], [ 73.13458967, 18.01335394 ], [ 73.13334656, 18.01182973 ], [ 73.12992394, 18.00237334 ], [ 73.125, 17.99553573 ], [ 73.12474287, 17.99528766 ], [ 73.12174237, 17.98342145 ], [ 73.12126625, 17.98228002 ], [ 73.11903894, 17.97891438 ], [ 73.11871457, 17.97860575 ], [ 73.11616552, 17.97697473 ], [ 73.11284172, 17.97687018 ], [ 73.11015987, 17.9782294 ], [ 73.10494578, 17.97826612 ], [ 73.10147715, 17.97941947 ], [ 73.09611762, 17.98161435 ], [ 73.08996284, 17.98622668 ], [ 73.08761477, 17.98698115 ], [ 73.08680665, 17.98709345 ], [ 73.06971002, 17.98629546 ], [ 73.06647694, 17.98289347 ], [ 73.04924405, 17.98110104 ], [ 73.04848194, 17.98091793 ], [ 73.04695058, 17.97948575 ], [ 73.04073286, 17.97820663 ], [ 73.03714883, 17.97325993 ], [ 73.03423858, 17.97110808 ], [ 73.02971947, 17.96721196 ], [ 73.02971363, 17.96719825 ], [ 73.02973771, 17.96145225 ], [ 73.03139245, 17.95610285 ], [ 73.02898252, 17.95365512 ], [ 73.02860844, 17.94905746 ], [ 73.03206933, 17.94055891 ], [ 73.03546107, 17.93869317 ], [ 73.03786516, 17.93431103 ], [ 73.04187083, 17.93235075 ], [ 73.04239404, 17.93227136 ], [ 73.04516506, 17.93381035 ], [ 73.05132186, 17.93165433 ], [ 73.05688035, 17.93159604 ], [ 73.067384, 17.93374121 ], [ 73.06866443, 17.93307865 ], [ 73.06928945, 17.9296875 ], [ 73.07097232, 17.92891145 ], [ 73.07188976, 17.92903256 ], [ 73.07310116, 17.9296875 ], [ 73.07313216, 17.93064225 ], [ 73.07659304, 17.93514466 ], [ 73.08562911, 17.93970227 ], [ 73.08935595, 17.94087434 ], [ 73.09236944, 17.94043076 ], [ 73.08527172, 17.93839407 ], [ 73.08326328, 17.93746173 ], [ 73.07710683, 17.93347836 ], [ 73.07664394, 17.93309617 ], [ 73.07515383, 17.9296875 ], [ 73.07460928, 17.9296875 ], [ 73.07466316, 17.92957246 ], [ 73.07271504, 17.92755795 ], [ 73.07220757, 17.92727137 ], [ 73.06963694, 17.92662215 ], [ 73.06821966, 17.92712212 ], [ 73.06699204, 17.9296875 ], [ 73.06694365, 17.9296875 ], [ 73.06593788, 17.93241406 ], [ 73.06403351, 17.93146801 ], [ 73.0634253, 17.9296875 ], [ 73.06289065, 17.9296875 ], [ 73.06234491, 17.92741466 ], [ 73.06240094, 17.92711234 ], [ 73.06674147, 17.92742395 ], [ 73.0671277, 17.92672062 ], [ 73.06672168, 17.92648184 ], [ 73.06158054, 17.92623246 ], [ 73.05869651, 17.92795634 ], [ 73.05671155, 17.92637718 ], [ 73.05410564, 17.92849183 ], [ 73.05256975, 17.92879534 ], [ 73.05211866, 17.92841506 ], [ 73.05403745, 17.92226851 ], [ 73.05505836, 17.91297221 ], [ 73.05340815, 17.90775144 ], [ 73.05068064, 17.90650618 ], [ 73.05523133, 17.89923906 ], [ 73.06151521, 17.89184904 ], [ 73.06367564, 17.89082873 ], [ 73.06916344, 17.89129186 ], [ 73.07148075, 17.89464581 ], [ 73.07659447, 17.89638507 ], [ 73.07204533, 17.89280117 ], [ 73.0713557, 17.88895035 ], [ 73.07440555, 17.88215494 ], [ 73.07520247, 17.87488985 ], [ 73.07656765, 17.87195981 ], [ 73.07924426, 17.86980522 ], [ 73.08190274, 17.86422896 ], [ 73.08014464, 17.86255395 ], [ 73.08053672, 17.86125457 ], [ 73.08408463, 17.85782278 ], [ 73.08581042, 17.85065126 ], [ 73.08595741, 17.85031664 ], [ 73.08995307, 17.84428692 ], [ 73.09048104, 17.84376526 ], [ 73.09230161, 17.84354067 ], [ 73.09287405, 17.84363556 ], [ 73.09667146, 17.8453449 ], [ 73.10204518, 17.84439564 ], [ 73.10247874, 17.84316242 ], [ 73.09844506, 17.84453607 ], [ 73.09686172, 17.84372663 ], [ 73.10526061, 17.84073377 ], [ 73.11401594, 17.83472621 ], [ 73.125, 17.83677447 ], [ 73.12875831, 17.83464253 ], [ 73.13116252, 17.83236134 ], [ 73.13255894, 17.82980394 ], [ 73.13406456, 17.8246237 ], [ 73.13245821, 17.82527363 ], [ 73.13229322, 17.82798552 ], [ 73.12930417, 17.83303571 ], [ 73.125, 17.8359375 ], [ 73.11552942, 17.83358181 ], [ 73.11017907, 17.83504021 ], [ 73.10315466, 17.83991134 ], [ 73.09369373, 17.84171975 ], [ 73.08958006, 17.84119701 ], [ 73.08945811, 17.8411622 ], [ 73.08763874, 17.8386234 ], [ 73.08757973, 17.83832288 ], [ 73.08959365, 17.83576345 ], [ 73.08902347, 17.83461916 ], [ 73.09153664, 17.83288026 ], [ 73.09416807, 17.8268218 ], [ 73.09473312, 17.82444108 ], [ 73.09478128, 17.82094765 ], [ 73.0933063, 17.81987905 ], [ 73.09314525, 17.81925547 ], [ 73.09358501, 17.81742394 ], [ 73.09334743, 17.81708395 ], [ 73.08951056, 17.81622875 ], [ 73.09087026, 17.81325257 ], [ 73.08927023, 17.81263876 ], [ 73.08880496, 17.80824196 ], [ 73.08952856, 17.8078835 ], [ 73.09076858, 17.81154656 ], [ 73.09571683, 17.81052017 ], [ 73.09643745, 17.80797935 ], [ 73.10046387, 17.80570817 ], [ 73.10077763, 17.80314171 ], [ 73.10312104, 17.80266595 ], [ 73.10380256, 17.79833651 ], [ 73.10795605, 17.79096794 ], [ 73.11208665, 17.78916264 ], [ 73.11234176, 17.78670442 ], [ 73.11086488, 17.78673637 ], [ 73.11096835, 17.78536403 ], [ 73.11307895, 17.77661908 ], [ 73.11850774, 17.76554453 ], [ 73.119789, 17.7587558 ], [ 73.12265623, 17.75390625 ], [ 73.12265825, 17.75390625 ], [ 73.12415314, 17.75231957 ], [ 73.12356794, 17.74792886 ], [ 73.125, 17.74441958 ], [ 73.12513971, 17.74451566 ], [ 73.125597, 17.74294925 ], [ 73.125, 17.74246645 ], [ 73.125, 17.74135041 ], [ 73.12747204, 17.74047494 ], [ 73.1281594, 17.73927498 ], [ 73.12826288, 17.73897767 ], [ 73.12795806, 17.73312676 ], [ 73.12913501, 17.73016632 ], [ 73.13140845, 17.72837555 ], [ 73.13151824, 17.72809136 ], [ 73.13514972, 17.71584368 ], [ 73.13472331, 17.70883346 ], [ 73.13574433, 17.70770121 ], [ 73.12885571, 17.70548964 ], [ 73.1281296, 17.70505846 ], [ 73.12701535, 17.7025423 ], [ 73.125, 17.70172977 ], [ 73.125, 17.70117176 ], [ 73.12517548, 17.70112526 ], [ 73.12523413, 17.7010324 ], [ 73.12517548, 17.70093942 ], [ 73.125, 17.70089281 ], [ 73.125, 17.70033467 ], [ 73.11745465, 17.69845605 ], [ 73.11437404, 17.69433677 ], [ 73.11395144, 17.69038022 ], [ 73.1139518, 17.68965185 ], [ 73.11448491, 17.68457067 ], [ 73.11555874, 17.68345594 ], [ 73.11583853, 17.67954135 ], [ 73.11596894, 17.67922413 ], [ 73.11781025, 17.67766392 ], [ 73.11878204, 17.67199135 ], [ 73.12133038, 17.67040193 ], [ 73.12189198, 17.66523516 ], [ 73.12224317, 17.66475403 ], [ 73.125, 17.6640625 ], [ 73.12549221, 17.66414261 ], [ 73.12689626, 17.65844154 ], [ 73.12959695, 17.65845776 ], [ 73.13141668, 17.656515 ], [ 73.13303804, 17.65373814 ], [ 73.13430524, 17.64997292 ], [ 73.13504624, 17.64506745 ], [ 73.13801837, 17.64354575 ], [ 73.13724172, 17.64279306 ], [ 73.13572943, 17.64428842 ], [ 73.13096726, 17.64351106 ], [ 73.12831807, 17.6410892 ], [ 73.12812722, 17.64077628 ], [ 73.12709725, 17.63742578 ], [ 73.12708843, 17.63711095 ], [ 73.13117838, 17.63339591 ], [ 73.13607407, 17.61394763 ], [ 73.14504921, 17.60047555 ], [ 73.14920545, 17.59771645 ], [ 73.15304804, 17.59789312 ], [ 73.15237474, 17.59493625 ], [ 73.15557945, 17.59208775 ], [ 73.16190684, 17.59117627 ], [ 73.16754651, 17.58223414 ], [ 73.17154443, 17.58279371 ], [ 73.1729058, 17.58317673 ], [ 73.17852521, 17.58636236 ], [ 73.18953741, 17.58976162 ], [ 73.20048332, 17.59042966 ], [ 73.20052946, 17.59136283 ], [ 73.19822085, 17.5913974 ], [ 73.19790256, 17.59199965 ], [ 73.19791162, 17.59235382 ], [ 73.20033956, 17.59343445 ], [ 73.20095062, 17.59346282 ], [ 73.20204151, 17.59245086 ], [ 73.21192837, 17.59260428 ], [ 73.21549225, 17.59200776 ], [ 73.21730673, 17.59121835 ], [ 73.21836281, 17.58968627 ], [ 73.22238708, 17.58873343 ], [ 73.22441936, 17.58596516 ], [ 73.22834742, 17.58395958 ], [ 73.23242986, 17.578125 ], [ 73.23263311, 17.578125 ], [ 73.23415816, 17.57544363 ], [ 73.23531842, 17.57429326 ], [ 73.23834884, 17.57295871 ], [ 73.24959695, 17.578125 ], [ 73.24970067, 17.578125 ], [ 73.25128424, 17.57992685 ], [ 73.25382984, 17.58802915 ], [ 73.25836802, 17.59314144 ], [ 73.26638544, 17.59815276 ], [ 73.26833606, 17.60069394 ], [ 73.27674592, 17.60073245 ], [ 73.28684747, 17.60598934 ], [ 73.28882265, 17.60661316 ], [ 73.29128623, 17.60638464 ], [ 73.29234076, 17.60608482 ], [ 73.29847503, 17.60284746 ], [ 73.30040395, 17.60077024 ], [ 73.30076766, 17.60021901 ], [ 73.30353105, 17.59272611 ], [ 73.30480397, 17.58276224 ], [ 73.30675995, 17.57953083 ], [ 73.31098914, 17.57925534 ], [ 73.31884706, 17.58264196 ], [ 73.32392895, 17.58328056 ], [ 73.32513082, 17.58309603 ], [ 73.32679474, 17.58255565 ], [ 73.33166373, 17.578125 ], [ 73.33178425, 17.578125 ], [ 73.33538854, 17.57429647 ], [ 73.33989143, 17.57177591 ], [ 73.34275711, 17.57079947 ], [ 73.35052776, 17.57084131 ], [ 73.36332464, 17.56898606 ], [ 73.36428297, 17.56898856 ], [ 73.37170184, 17.57080865 ], [ 73.38062847, 17.578125 ], [ 73.38113415, 17.578125 ], [ 73.38105667, 17.57824874 ], [ 73.38315642, 17.57977128 ], [ 73.39942694, 17.58590722 ], [ 73.40615284, 17.58590806 ], [ 73.41173291, 17.58345485 ], [ 73.41815412, 17.58383095 ], [ 73.42616737, 17.58178175 ], [ 73.43005955, 17.58173764 ], [ 73.43356252, 17.58358777 ], [ 73.43391705, 17.5841397 ], [ 73.43424737, 17.58812463 ], [ 73.432392, 17.59193611 ], [ 73.43235266, 17.59692574 ], [ 73.43107808, 17.59894037 ], [ 73.41640544, 17.60692072 ], [ 73.40988934, 17.60873008 ], [ 73.40108001, 17.61541557 ], [ 73.40117156, 17.61695874 ], [ 73.40473127, 17.61539912 ], [ 73.40826595, 17.61135244 ], [ 73.42549098, 17.60524297 ], [ 73.43407154, 17.59944165 ], [ 73.43858635, 17.59358096 ], [ 73.43965185, 17.58774745 ], [ 73.44369221, 17.58801782 ], [ 73.45320332, 17.58507931 ], [ 73.45459187, 17.58315134 ], [ 73.46019053, 17.58117032 ], [ 73.46235752, 17.57978666 ], [ 73.46368265, 17.578125 ], [ 73.4639858, 17.578125 ], [ 73.46391046, 17.57682884 ], [ 73.46823645, 17.57595706 ], [ 73.46859336, 17.57575655 ], [ 73.4765625, 17.56975436 ], [ 73.4765625, 17.56947541 ], [ 73.4765625, 17.56808031 ], [ 73.4765625, 17.56780136 ], [ 73.47580898, 17.56783438 ], [ 73.46966875, 17.57091248 ], [ 73.46620595, 17.57398272 ], [ 73.46009672, 17.57627404 ], [ 73.45336413, 17.57598054 ], [ 73.44489646, 17.57798195 ], [ 73.44497454, 17.578125 ], [ 73.4426347, 17.578125 ], [ 73.4426347, 17.57798553 ], [ 73.43519688, 17.57786524 ], [ 73.43444514, 17.578125 ], [ 73.43294644, 17.578125 ], [ 73.42151201, 17.58028507 ], [ 73.41087556, 17.57982922 ], [ 73.40495515, 17.58252716 ], [ 73.40413952, 17.58252335 ], [ 73.39767313, 17.58035707 ], [ 73.39489233, 17.578125 ], [ 73.39466774, 17.578125 ], [ 73.39469361, 17.57798195 ], [ 73.38695288, 17.57501721 ], [ 73.37903488, 17.56914735 ], [ 73.37701035, 17.56804502 ], [ 73.36849058, 17.56473208 ], [ 73.36472261, 17.56475985 ], [ 73.35998738, 17.56693316 ], [ 73.34326255, 17.56687546 ], [ 73.34282625, 17.56699622 ], [ 73.33485091, 17.57069194 ], [ 73.32808423, 17.57725883 ], [ 73.32651961, 17.578125 ], [ 73.32580924, 17.578125 ], [ 73.32348001, 17.57938635 ], [ 73.3219465, 17.57973576 ], [ 73.31974876, 17.57946992 ], [ 73.31585646, 17.578125 ], [ 73.31511283, 17.578125 ], [ 73.31170475, 17.57648015 ], [ 73.30417132, 17.5778805 ], [ 73.30399847, 17.578125 ], [ 73.30385482, 17.578125 ], [ 73.30144274, 17.58406615 ], [ 73.29969251, 17.59476495 ], [ 73.29701233, 17.59920847 ], [ 73.29135227, 17.60372281 ], [ 73.29090941, 17.60372007 ], [ 73.2794044, 17.59814727 ], [ 73.27897441, 17.59800327 ], [ 73.27063811, 17.59742725 ], [ 73.26770127, 17.59594572 ], [ 73.25783145, 17.58749127 ], [ 73.25610936, 17.58465815 ], [ 73.25610983, 17.58134222 ], [ 73.25467706, 17.578125 ], [ 73.25456905, 17.578125 ], [ 73.25261176, 17.57434034 ], [ 73.25237131, 17.57404244 ], [ 73.24855888, 17.57063305 ], [ 73.24603975, 17.57000446 ], [ 73.24457252, 17.56817007 ], [ 73.24270165, 17.56744862 ], [ 73.23919237, 17.56696606 ], [ 73.23270202, 17.56764746 ], [ 73.23230493, 17.56789815 ], [ 73.23023975, 17.57324195 ], [ 73.22619855, 17.578125 ], [ 73.22540462, 17.578125 ], [ 73.22199035, 17.58230305 ], [ 73.22139883, 17.58271146 ], [ 73.21383452, 17.58646643 ], [ 73.20481455, 17.5867424 ], [ 73.20361126, 17.58647585 ], [ 73.18889952, 17.57916105 ], [ 73.18806446, 17.57902515 ], [ 73.18001008, 17.58031261 ], [ 73.17949045, 17.58010685 ], [ 73.17669368, 17.578125 ], [ 73.17440557, 17.57397103 ], [ 73.17197025, 17.57460046 ], [ 73.17083788, 17.57656515 ], [ 73.16537654, 17.57700491 ], [ 73.16407633, 17.57702065 ], [ 73.16237831, 17.57529485 ], [ 73.16182065, 17.57128096 ], [ 73.16349184, 17.56965065 ], [ 73.16322064, 17.56884086 ], [ 73.16262686, 17.56840372 ], [ 73.15706182, 17.56690454 ], [ 73.15577924, 17.56702375 ], [ 73.15557444, 17.56734562 ], [ 73.15421915, 17.57212245 ], [ 73.15358532, 17.57276535 ], [ 73.15186036, 17.5735687 ], [ 73.14994693, 17.57338345 ], [ 73.14392245, 17.57058835 ], [ 73.13997662, 17.56776977 ], [ 73.13997114, 17.56295371 ], [ 73.13868356, 17.56181836 ], [ 73.13850307, 17.56137371 ], [ 73.13737297, 17.55681062 ], [ 73.13752008, 17.55605543 ], [ 73.13907731, 17.55103803 ], [ 73.14134872, 17.54897141 ], [ 73.14255595, 17.5448873 ], [ 73.14946365, 17.53826082 ], [ 73.15344393, 17.53780794 ], [ 73.15166962, 17.53443265 ], [ 73.15378427, 17.53429675 ], [ 73.15454066, 17.52943635 ], [ 73.15612805, 17.52815115 ], [ 73.16232514, 17.52979565 ], [ 73.16631413, 17.52593851 ], [ 73.17084003, 17.51867187 ], [ 73.17349005, 17.51857924 ], [ 73.17559421, 17.51705074 ], [ 73.17726767, 17.51144207 ], [ 73.17998028, 17.51028526 ], [ 73.18158543, 17.50753295 ], [ 73.18184245, 17.50445521 ], [ 73.18271816, 17.50393915 ], [ 73.18395591, 17.50554025 ], [ 73.18153751, 17.50214148 ], [ 73.18302095, 17.49562705 ], [ 73.18443024, 17.49454236 ], [ 73.18498635, 17.48862874 ], [ 73.19364095, 17.46823645 ], [ 73.19264424, 17.46355295 ], [ 73.18425465, 17.45575035 ], [ 73.18451655, 17.45349693 ], [ 73.18674684, 17.45161366 ], [ 73.18613517, 17.4418596 ], [ 73.18990493, 17.44118714 ], [ 73.19317484, 17.44258988 ], [ 73.20570076, 17.43868816 ], [ 73.19683027, 17.43711138 ], [ 73.19304955, 17.43206191 ], [ 73.19040596, 17.43229365 ], [ 73.18737686, 17.43065155 ], [ 73.18717396, 17.42321861 ], [ 73.18544376, 17.42298877 ], [ 73.18616044, 17.4198302 ], [ 73.18502748, 17.41698515 ], [ 73.18718433, 17.41438794 ], [ 73.18452084, 17.41392875 ], [ 73.18411386, 17.41191804 ], [ 73.18038535, 17.41180265 ], [ 73.17866921, 17.40997148 ], [ 73.17875075, 17.40697944 ], [ 73.17572117, 17.40655434 ], [ 73.17494071, 17.40790117 ], [ 73.17320514, 17.40668273 ], [ 73.17279792, 17.4066689 ], [ 73.16906655, 17.40759075 ], [ 73.16844714, 17.40745628 ], [ 73.16717136, 17.40576577 ], [ 73.16717935, 17.40534186 ], [ 73.16828716, 17.40234375 ], [ 73.16854346, 17.40234375 ], [ 73.17308331, 17.39573801 ], [ 73.17471135, 17.39018714 ], [ 73.17688, 17.38730562 ], [ 73.18095612, 17.38685536 ], [ 73.18481731, 17.38467312 ], [ 73.18809795, 17.38524652 ], [ 73.18985724, 17.38421166 ], [ 73.19047666, 17.38812685 ], [ 73.19117415, 17.38864732 ], [ 73.19263983, 17.38860726 ], [ 73.19728792, 17.38622487 ], [ 73.19790113, 17.38746595 ], [ 73.19981384, 17.38771248 ], [ 73.20182681, 17.38498533 ], [ 73.20411253, 17.38408804 ], [ 73.20622957, 17.38487577 ], [ 73.20823276, 17.38220382 ], [ 73.21059477, 17.37708473 ], [ 73.20894861, 17.37198794 ], [ 73.20914626, 17.37140894 ], [ 73.20968103, 17.37064517 ], [ 73.21602404, 17.37074614 ], [ 73.21642578, 17.37057877 ], [ 73.216977, 17.36927247 ], [ 73.21697676, 17.36899745 ], [ 73.21387374, 17.36295986 ], [ 73.21651411, 17.35759222 ], [ 73.21971488, 17.35593104 ], [ 73.22032118, 17.35281765 ], [ 73.21499622, 17.34876001 ], [ 73.21447861, 17.3470757 ], [ 73.21477151, 17.34597003 ], [ 73.215047, 17.34529805 ], [ 73.21920025, 17.34261572 ], [ 73.22279751, 17.33846545 ], [ 73.22584581, 17.33747554 ], [ 73.22543287, 17.33621454 ], [ 73.22695506, 17.33401895 ], [ 73.22666585, 17.33347654 ], [ 73.22071552, 17.3331151 ], [ 73.21899605, 17.33101475 ], [ 73.21887732, 17.33044255 ], [ 73.21920085, 17.32912791 ], [ 73.22087204, 17.3269186 ], [ 73.22663581, 17.32298684 ], [ 73.22748876, 17.3225857 ], [ 73.22935963, 17.3189944 ], [ 73.23029065, 17.31899333 ], [ 73.23731887, 17.31862986 ], [ 73.23981905, 17.31728828 ], [ 73.24265611, 17.31851566 ], [ 73.24166656, 17.31620944 ], [ 73.24173212, 17.30871034 ], [ 73.24426794, 17.30700362 ], [ 73.24123561, 17.30633545 ], [ 73.23944867, 17.30462015 ], [ 73.2397747, 17.30155504 ], [ 73.23904204, 17.29954565 ], [ 73.23501396, 17.29278147 ], [ 73.23524427, 17.29254854 ], [ 73.23657763, 17.29245174 ], [ 73.24233365, 17.29520094 ], [ 73.25084102, 17.29584026 ], [ 73.25606954, 17.29785097 ], [ 73.26014924, 17.29637897 ], [ 73.26996613, 17.29680908 ], [ 73.27569652, 17.29288256 ], [ 73.27699471, 17.29003727 ], [ 73.27915776, 17.28863716 ], [ 73.28399265, 17.29179752 ], [ 73.29464853, 17.29411066 ], [ 73.2967478, 17.2816869 ], [ 73.29657447, 17.27442563 ], [ 73.29794991, 17.27231443 ], [ 73.29848111, 17.27189946 ], [ 73.30219984, 17.26974678 ], [ 73.30568814, 17.27030027 ], [ 73.31241631, 17.26738048 ], [ 73.32281995, 17.26862204 ], [ 73.32375884, 17.26861763 ], [ 73.33069837, 17.26811635 ], [ 73.33419836, 17.26625955 ], [ 73.3383044, 17.26241505 ], [ 73.34047115, 17.25777352 ], [ 73.34058273, 17.25695395 ], [ 73.3408128, 17.24565554 ], [ 73.34075081, 17.24518537 ], [ 73.3378067, 17.23619235 ], [ 73.33917415, 17.23235285 ], [ 73.33976352, 17.23180676 ], [ 73.34410286, 17.22996354 ], [ 73.34982824, 17.22992516 ], [ 73.35540426, 17.23386443 ], [ 73.35725355, 17.23672771 ], [ 73.35787046, 17.23704123 ], [ 73.36300397, 17.23870933 ], [ 73.36486125, 17.23851514 ], [ 73.36625075, 17.23824263 ], [ 73.36663127, 17.23800611 ], [ 73.36924255, 17.23466206 ], [ 73.36998725, 17.23247576 ], [ 73.37065613, 17.2265625 ], [ 73.3708775, 17.21776366 ], [ 73.37488735, 17.21515131 ], [ 73.38799214, 17.21815217 ], [ 73.39823413, 17.21688378 ], [ 73.41600931, 17.21055424 ], [ 73.42035282, 17.21171367 ], [ 73.42517602, 17.21531761 ], [ 73.42958188, 17.22143054 ], [ 73.42900658, 17.2265625 ], [ 73.42918932, 17.2269994 ], [ 73.42986906, 17.22788346 ], [ 73.43281865, 17.22790301 ], [ 73.43360353, 17.2265625 ], [ 73.43396652, 17.2265625 ], [ 73.43232262, 17.22527063 ], [ 73.43087006, 17.21998072 ], [ 73.42888856, 17.21840358 ], [ 73.42752671, 17.21418524 ], [ 73.42446434, 17.21109653 ], [ 73.42411315, 17.20857465 ], [ 73.42774463, 17.20602667 ], [ 73.43442845, 17.20653725 ], [ 73.44261825, 17.20356655 ], [ 73.44721627, 17.19511032 ], [ 73.44968975, 17.19279945 ], [ 73.45656693, 17.19327557 ], [ 73.46401155, 17.19551885 ], [ 73.46848416, 17.19447243 ], [ 73.47153008, 17.1891638 ], [ 73.47241271, 17.18308425 ], [ 73.47017467, 17.17730713 ], [ 73.47011244, 17.17342091 ], [ 73.4720031, 17.17035222 ], [ 73.4765625, 17.16657364 ], [ 73.4785974, 17.16517675 ], [ 73.4765625, 17.16434145 ], [ 73.4765625, 17.16462052 ], [ 73.46921444, 17.17062068 ], [ 73.47034895, 17.18774116 ], [ 73.46909165, 17.19148636 ], [ 73.46710706, 17.19314516 ], [ 73.46679485, 17.19331431 ], [ 73.46295142, 17.19412386 ], [ 73.4556272, 17.19077027 ], [ 73.44887614, 17.19104636 ], [ 73.44575012, 17.19373775 ], [ 73.44385171, 17.19904327 ], [ 73.43690705, 17.20364213 ], [ 73.43321431, 17.20504844 ], [ 73.42594886, 17.20467603 ], [ 73.42057753, 17.20832336 ], [ 73.41107285, 17.20809114 ], [ 73.39816415, 17.21333384 ], [ 73.38808918, 17.21382701 ], [ 73.37897444, 17.21145618 ], [ 73.37547934, 17.21196854 ], [ 73.36902034, 17.21650398 ], [ 73.36887503, 17.22416842 ], [ 73.36866641, 17.22483242 ], [ 73.3677386, 17.2265625 ], [ 73.36784995, 17.2265625 ], [ 73.36557651, 17.23199856 ], [ 73.36230445, 17.23595715 ], [ 73.36167204, 17.23612678 ], [ 73.35090005, 17.2265625 ], [ 73.35052514, 17.2265625 ], [ 73.34323132, 17.2265625 ], [ 73.34271741, 17.2265625 ], [ 73.33867466, 17.22844064 ], [ 73.3350805, 17.23363292 ], [ 73.33760321, 17.24279976 ], [ 73.3359307, 17.25647116 ], [ 73.33578134, 17.25714672 ], [ 73.3336668, 17.26297116 ], [ 73.33245564, 17.26459825 ], [ 73.33082843, 17.26575041 ], [ 73.32964206, 17.26617467 ], [ 73.32690763, 17.26615346 ], [ 73.31620812, 17.26370132 ], [ 73.31045735, 17.26370132 ], [ 73.30359876, 17.26583874 ], [ 73.29407263, 17.26147461 ], [ 73.29453194, 17.26290035 ], [ 73.29971683, 17.26603246 ], [ 73.2956171, 17.27020645 ], [ 73.29268324, 17.28440726 ], [ 73.2904191, 17.28784573 ], [ 73.28427315, 17.2868278 ], [ 73.28185976, 17.28189445 ], [ 73.27482295, 17.28176582 ], [ 73.26835215, 17.29101622 ], [ 73.25983036, 17.28812695 ], [ 73.25746405, 17.28421831 ], [ 73.25936091, 17.27801692 ], [ 73.25762343, 17.27442265 ], [ 73.25906444, 17.27135324 ], [ 73.25879502, 17.26476896 ], [ 73.25835431, 17.26480687 ], [ 73.25712538, 17.26981485 ], [ 73.25136733, 17.27151334 ], [ 73.25078726, 17.27186072 ], [ 73.24892294, 17.27431011 ], [ 73.24856603, 17.274948 ], [ 73.24849713, 17.2763288 ], [ 73.25000274, 17.28049076 ], [ 73.24839342, 17.28292084 ], [ 73.24617767, 17.28364575 ], [ 73.24397206, 17.28142536 ], [ 73.24353528, 17.28449786 ], [ 73.24115562, 17.28568423 ], [ 73.23271382, 17.28596187 ], [ 73.22797406, 17.28197241 ], [ 73.22618544, 17.28167045 ], [ 73.22474945, 17.28415096 ], [ 73.22426033, 17.29089785 ], [ 73.22326255, 17.29141176 ], [ 73.22413325, 17.29248345 ], [ 73.22208142, 17.29500234 ], [ 73.22405803, 17.30036914 ], [ 73.22203445, 17.30261147 ], [ 73.22156668, 17.30270195 ], [ 73.22125041, 17.30226648 ], [ 73.21677661, 17.30241132 ], [ 73.21530735, 17.30235624 ], [ 73.21077621, 17.30419672 ], [ 73.20729268, 17.29970086 ], [ 73.20521748, 17.29861426 ], [ 73.20072568, 17.30153346 ], [ 73.20047545, 17.30176234 ], [ 73.1994518, 17.30458474 ], [ 73.19680011, 17.30635965 ], [ 73.19610453, 17.30659545 ], [ 73.19576025, 17.30653322 ], [ 73.19458032, 17.30481255 ], [ 73.19161785, 17.30476487 ], [ 73.19183576, 17.30088353 ], [ 73.18957305, 17.29922724 ], [ 73.18935728, 17.29851294 ], [ 73.18950152, 17.29790306 ], [ 73.19048131, 17.29708052 ], [ 73.19441044, 17.29612851 ], [ 73.19781256, 17.28991425 ], [ 73.20198607, 17.28807855 ], [ 73.20233357, 17.28778243 ], [ 73.20312464, 17.28594005 ], [ 73.20312452, 17.28526604 ], [ 73.20047927, 17.28211391 ], [ 73.20380664, 17.26962304 ], [ 73.20419097, 17.26915026 ], [ 73.20587337, 17.26857615 ], [ 73.21005094, 17.27040827 ], [ 73.21159756, 17.27571976 ], [ 73.21211481, 17.27468896 ], [ 73.21467864, 17.27437675 ], [ 73.21770346, 17.26971734 ], [ 73.22083962, 17.26986051 ], [ 73.22068596, 17.26831508 ], [ 73.22345281, 17.26628172 ], [ 73.22293067, 17.26311266 ], [ 73.22091734, 17.26046455 ], [ 73.22230756, 17.25765276 ], [ 73.22200394, 17.25556314 ], [ 73.22644866, 17.25582135 ], [ 73.22875226, 17.25126267 ], [ 73.22745311, 17.24954104 ], [ 73.22466171, 17.24924564 ], [ 73.22329092, 17.24770784 ], [ 73.2286787, 17.24616516 ], [ 73.230654, 17.24685705 ], [ 73.23094738, 17.24658465 ], [ 73.23160255, 17.24572063 ], [ 73.23169863, 17.24204707 ], [ 73.23424745, 17.23809874 ], [ 73.23199141, 17.23354506 ], [ 73.23517382, 17.2265625 ], [ 73.23692715, 17.2265625 ], [ 73.23687851, 17.22670507 ], [ 73.23997593, 17.22832942 ], [ 73.24160302, 17.2265625 ], [ 73.24255896, 17.22606397 ], [ 73.24395931, 17.22330844 ], [ 73.24600303, 17.21666563 ], [ 73.24704123, 17.21037722 ], [ 73.24503171, 17.20496225 ], [ 73.24634993, 17.20434904 ], [ 73.24323225, 17.20003784 ], [ 73.24372721, 17.19833982 ], [ 73.24558735, 17.19732261 ], [ 73.24536025, 17.19684577 ], [ 73.24453807, 17.19652021 ], [ 73.23897016, 17.20057583 ], [ 73.23453224, 17.20185947 ], [ 73.23401725, 17.20195913 ], [ 73.23185587, 17.20138383 ], [ 73.23154533, 17.20109951 ], [ 73.23124135, 17.19959724 ], [ 73.23142874, 17.19882882 ], [ 73.23267031, 17.19660676 ], [ 73.23585296, 17.19387603 ], [ 73.23919761, 17.19399905 ], [ 73.24417376, 17.19072914 ], [ 73.24835336, 17.19180691 ], [ 73.24948132, 17.19173717 ], [ 73.25094295, 17.19104815 ], [ 73.25264513, 17.18926692 ], [ 73.25890374, 17.17194486 ], [ 73.26003683, 17.17170095 ], [ 73.25935161, 17.16758013 ], [ 73.25952804, 17.16587424 ], [ 73.26082397, 17.16157007 ], [ 73.26124644, 17.16073596 ], [ 73.26513326, 17.15655077 ], [ 73.2636224, 17.15610838 ], [ 73.26373017, 17.15223813 ], [ 73.26780212, 17.13918555 ], [ 73.26796508, 17.13357615 ], [ 73.26946521, 17.12975562 ], [ 73.270998, 17.12865996 ], [ 73.27123857, 17.12777448 ], [ 73.27254426, 17.11994541 ], [ 73.27244997, 17.11898983 ], [ 73.26980662, 17.11764085 ], [ 73.26620984, 17.11230052 ], [ 73.27730453, 17.11227894 ], [ 73.28329647, 17.09992421 ], [ 73.28511775, 17.09965837 ], [ 73.28470933, 17.09085763 ], [ 73.28619385, 17.08690536 ], [ 73.28357935, 17.07960665 ], [ 73.29050505, 17.07791734 ], [ 73.29716444, 17.07866454 ], [ 73.29774177, 17.07850611 ], [ 73.29817188, 17.07783985 ], [ 73.29881823, 17.07539237 ], [ 73.29849255, 17.07488561 ], [ 73.29814982, 17.07488585 ], [ 73.29654741, 17.07702684 ], [ 73.29581976, 17.07553792 ], [ 73.29041934, 17.07725906 ], [ 73.28856921, 17.07525706 ], [ 73.28864264, 17.05801392 ], [ 73.28772843, 17.05344987 ], [ 73.28620565, 17.05078125 ], [ 73.28510165, 17.04840183 ], [ 73.27866077, 17.04033685 ], [ 73.27892625, 17.04012263 ], [ 73.28005481, 17.03921115 ], [ 73.28767204, 17.04697525 ], [ 73.28897905, 17.04736257 ], [ 73.28986442, 17.04736257 ], [ 73.29159534, 17.04693747 ], [ 73.28868353, 17.04631686 ], [ 73.28728378, 17.04434371 ], [ 73.29483354, 17.04433978 ], [ 73.29830587, 17.0404824 ], [ 73.30354655, 17.03919923 ], [ 73.30297601, 17.03752601 ], [ 73.31078291, 17.03741157 ], [ 73.31554675, 17.03953958 ], [ 73.31720591, 17.03866017 ], [ 73.31665671, 17.03742945 ], [ 73.32001626, 17.0377866 ], [ 73.31828177, 17.03641415 ], [ 73.3192203, 17.03547573 ], [ 73.31404758, 17.03753114 ], [ 73.31375825, 17.03658664 ], [ 73.31656182, 17.03559101 ], [ 73.31596816, 17.03366792 ], [ 73.31429303, 17.03326142 ], [ 73.30856132, 17.0351634 ], [ 73.30415976, 17.03436506 ], [ 73.29535043, 17.03959787 ], [ 73.29469192, 17.03823924 ], [ 73.29368246, 17.03938723 ], [ 73.29177058, 17.03924453 ], [ 73.29239345, 17.03692508 ], [ 73.29129875, 17.03686285 ], [ 73.29021943, 17.03875291 ], [ 73.28821313, 17.03744686 ], [ 73.28587556, 17.03772604 ], [ 73.28530622, 17.03866887 ], [ 73.28754401, 17.03865421 ], [ 73.28820646, 17.03971672 ], [ 73.28623962, 17.04064906 ], [ 73.28465855, 17.03988898 ], [ 73.28384352, 17.03692174 ], [ 73.28068042, 17.03469408 ], [ 73.28041875, 17.03234947 ], [ 73.28848064, 17.02904487 ], [ 73.29311025, 17.02216327 ], [ 73.28866065, 17.01216853 ], [ 73.29009295, 17.01038694 ], [ 73.28874874, 17.00965047 ], [ 73.28876376, 17.00673366 ], [ 73.28652024, 17.00931013 ], [ 73.28652024, 17.01466882 ], [ 73.28783667, 17.01685786 ], [ 73.28652871, 17.01766098 ], [ 73.2882601, 17.01843905 ], [ 73.28994048, 17.0215342 ], [ 73.28731215, 17.02138746 ], [ 73.28270984, 17.01795387 ], [ 73.27882898, 17.02331185 ], [ 73.27552164, 17.02545452 ], [ 73.27771366, 17.03049195 ], [ 73.27797914, 17.03279054 ], [ 73.27772152, 17.0337007 ], [ 73.27498496, 17.03702211 ], [ 73.27326345, 17.03896773 ], [ 73.27265525, 17.03929865 ], [ 73.26995277, 17.03865898 ], [ 73.26971674, 17.03890836 ], [ 73.2701112, 17.04018307 ], [ 73.26905155, 17.04088986 ], [ 73.26993716, 17.04284465 ], [ 73.26852155, 17.04511023 ], [ 73.26591003, 17.04738057 ], [ 73.26332331, 17.04851973 ], [ 73.2625221, 17.04863572 ], [ 73.25705946, 17.0482645 ], [ 73.25646007, 17.04780471 ], [ 73.25594115, 17.04693794 ], [ 73.25567126, 17.04317844 ], [ 73.25760663, 17.03632832 ], [ 73.25748897, 17.0321722 ], [ 73.25454354, 17.0272454 ], [ 73.25740767, 17.01973867 ], [ 73.25778365, 17.01955998 ], [ 73.26479685, 17.02071762 ], [ 73.26731861, 17.0245136 ], [ 73.27130616, 17.02410388 ], [ 73.27172136, 17.0226444 ], [ 73.27388775, 17.02366757 ], [ 73.27591717, 17.02330565 ], [ 73.27662361, 17.02304387 ], [ 73.27991664, 17.0187726 ], [ 73.28411365, 17.01110601 ], [ 73.28426027, 17.01069951 ], [ 73.28280914, 17.00072134 ], [ 73.27759385, 17.00096667 ], [ 73.27610445, 16.99837863 ], [ 73.27422166, 16.99747884 ], [ 73.27322471, 16.99986112 ], [ 73.27087772, 16.99892402 ], [ 73.26952565, 16.99991155 ], [ 73.26818585, 16.99538267 ], [ 73.26857853, 16.9905014 ], [ 73.27102864, 16.98651767 ], [ 73.27252388, 16.98571408 ], [ 73.27389801, 16.9856379 ], [ 73.27436197, 16.98609567 ], [ 73.27686441, 16.99163413 ], [ 73.27860546, 16.99210966 ], [ 73.2849251, 16.98884714 ], [ 73.29046214, 16.98877871 ], [ 73.29552186, 16.98450434 ], [ 73.29799128, 16.98210001 ], [ 73.30417633, 16.98372078 ], [ 73.30658054, 16.98058414 ], [ 73.30639505, 16.97539735 ], [ 73.30819166, 16.97141063 ], [ 73.30915344, 16.9728744 ], [ 73.30998063, 16.9720633 ], [ 73.31151998, 16.97290206 ], [ 73.31078315, 16.96743846 ], [ 73.31012034, 16.96655703 ], [ 73.30890632, 16.96693444 ], [ 73.30946887, 16.96954596 ], [ 73.30870891, 16.96972501 ], [ 73.3078835, 16.96518517 ], [ 73.30974233, 16.96328962 ], [ 73.31375337, 16.96149552 ], [ 73.31697142, 16.96152651 ], [ 73.31755674, 16.96054625 ], [ 73.31806374, 16.96044362 ], [ 73.32332516, 16.96207654 ], [ 73.32520783, 16.96782494 ], [ 73.33234561, 16.97579467 ], [ 73.33638406, 16.97704744 ], [ 73.34423816, 16.97539151 ], [ 73.34450817, 16.97504103 ], [ 73.34452248, 16.97448504 ], [ 73.34441864, 16.9739778 ], [ 73.33310986, 16.97501862 ], [ 73.33008397, 16.97203255 ], [ 73.32702065, 16.96407306 ], [ 73.32317185, 16.95876181 ], [ 73.31620252, 16.95923614 ], [ 73.31134045, 16.95822883 ], [ 73.31040013, 16.95860827 ], [ 73.31073165, 16.95977223 ], [ 73.30600905, 16.96312296 ], [ 73.30450034, 16.97070074 ], [ 73.30220282, 16.97499025 ], [ 73.29515767, 16.98066855 ], [ 73.29496872, 16.98063087 ], [ 73.29385996, 16.97781062 ], [ 73.29399371, 16.96699154 ], [ 73.29181111, 16.96280944 ], [ 73.29199874, 16.95625031 ], [ 73.28773522, 16.95204127 ], [ 73.28408444, 16.95339727 ], [ 73.28190792, 16.94906461 ], [ 73.28442812, 16.94411683 ], [ 73.28377295, 16.94178295 ], [ 73.28617501, 16.93847644 ], [ 73.28731334, 16.93436897 ], [ 73.28698695, 16.93182325 ], [ 73.28289378, 16.93105543 ], [ 73.28220177, 16.92855906 ], [ 73.28259122, 16.92452586 ], [ 73.28675306, 16.91706133 ], [ 73.28500807, 16.91475975 ], [ 73.28583956, 16.91306746 ], [ 73.28408384, 16.91034663 ], [ 73.28416526, 16.90832555 ], [ 73.27936733, 16.90389895 ], [ 73.28033662, 16.89751673 ], [ 73.27718115, 16.8930186 ], [ 73.27719104, 16.89244223 ], [ 73.27881336, 16.89162576 ], [ 73.28133392, 16.89156806 ], [ 73.2863456, 16.89259601 ], [ 73.28745675, 16.89356995 ], [ 73.28778565, 16.89660466 ], [ 73.29544437, 16.89760101 ], [ 73.29776084, 16.89665437 ], [ 73.3007009, 16.89257884 ], [ 73.30352783, 16.89123154 ], [ 73.30416453, 16.89105046 ], [ 73.30904412, 16.89143157 ], [ 73.31052625, 16.89097512 ], [ 73.31331146, 16.88932776 ], [ 73.31343257, 16.88787258 ], [ 73.31263852, 16.88758707 ], [ 73.31171107, 16.88920045 ], [ 73.30881643, 16.89026034 ], [ 73.30506194, 16.88932335 ], [ 73.30177307, 16.89065421 ], [ 73.29715645, 16.88964057 ], [ 73.29661345, 16.88938868 ], [ 73.29389691, 16.88745368 ], [ 73.29133153, 16.88367915 ], [ 73.28650105, 16.88149846 ], [ 73.28610313, 16.88072944 ], [ 73.28607213, 16.875 ], [ 73.28593504, 16.87348771 ], [ 73.28819954, 16.87280691 ], [ 73.29003727, 16.87039185 ], [ 73.29294646, 16.87039363 ], [ 73.29509437, 16.8615787 ], [ 73.29511642, 16.85800683 ], [ 73.29406464, 16.85964775 ], [ 73.29260194, 16.85985815 ], [ 73.28813052, 16.85778451 ], [ 73.28854752, 16.85653734 ], [ 73.29260004, 16.85474634 ], [ 73.29218554, 16.85311055 ], [ 73.29016686, 16.85206044 ], [ 73.29258335, 16.85137928 ], [ 73.29338813, 16.84909356 ], [ 73.28802252, 16.84455895 ], [ 73.28902757, 16.84308362 ], [ 73.29088068, 16.84379935 ], [ 73.294173, 16.83858144 ], [ 73.29285204, 16.83557951 ], [ 73.29472673, 16.83350563 ], [ 73.29429221, 16.83113265 ], [ 73.2965734, 16.82793832 ], [ 73.29697263, 16.82365704 ], [ 73.29528081, 16.82155037 ], [ 73.29559541, 16.81656754 ], [ 73.29573405, 16.81621325 ], [ 73.30366588, 16.80865216 ], [ 73.30801725, 16.80858564 ], [ 73.31172204, 16.80670321 ], [ 73.31560087, 16.80691874 ], [ 73.32215607, 16.81185675 ], [ 73.32664061, 16.82044554 ], [ 73.33074582, 16.81963432 ], [ 73.33110356, 16.81929421 ], [ 73.33710945, 16.81154442 ], [ 73.34143353, 16.80261338 ], [ 73.34498, 16.79996657 ], [ 73.34380257, 16.79280853 ], [ 73.33912182, 16.78641701 ], [ 73.3402791, 16.77469063 ], [ 73.34147084, 16.77169752 ], [ 73.34440255, 16.76655591 ], [ 73.35485351, 16.75859666 ], [ 73.35746396, 16.75316286 ], [ 73.36336303, 16.74706554 ], [ 73.36296582, 16.74568796 ], [ 73.36163843, 16.74583566 ], [ 73.35664535, 16.75120163 ], [ 73.35590386, 16.75219905 ], [ 73.35240936, 16.75878525 ], [ 73.34104085, 16.76631355 ], [ 73.34057212, 16.76716053 ], [ 73.33654201, 16.78475666 ], [ 73.33726084, 16.78783906 ], [ 73.34080005, 16.79282916 ], [ 73.34133887, 16.79528975 ], [ 73.34121573, 16.79570508 ], [ 73.33314705, 16.81099975 ], [ 73.33285451, 16.81138122 ], [ 73.32957137, 16.81274974 ], [ 73.32644057, 16.81279898 ], [ 73.32245135, 16.80793774 ], [ 73.31801975, 16.80577171 ], [ 73.31796646, 16.80564904 ], [ 73.31643963, 16.80125105 ], [ 73.31760156, 16.7952075 ], [ 73.31135416, 16.78783691 ], [ 73.31002355, 16.78560495 ], [ 73.30768681, 16.77978861 ], [ 73.30754948, 16.77910376 ], [ 73.30716026, 16.77089512 ], [ 73.30701983, 16.77018654 ], [ 73.30529594, 16.76688063 ], [ 73.30503583, 16.75054002 ], [ 73.30728757, 16.74797881 ], [ 73.30582094, 16.74620116 ], [ 73.30669272, 16.73231411 ], [ 73.30575812, 16.72893715 ], [ 73.30967724, 16.72616482 ], [ 73.31012726, 16.7226932 ], [ 73.31170392, 16.72140062 ], [ 73.31130326, 16.71575165 ], [ 73.31536484, 16.71250963 ], [ 73.31864512, 16.70537198 ], [ 73.31736982, 16.69921875 ], [ 73.31740117, 16.69851983 ], [ 73.31866038, 16.69624984 ], [ 73.32453537, 16.69088721 ], [ 73.33032596, 16.68751872 ], [ 73.33445215, 16.68763101 ], [ 73.33585036, 16.68601656 ], [ 73.33863401, 16.68633926 ], [ 73.3398391, 16.68514216 ], [ 73.33806443, 16.68448591 ], [ 73.33410263, 16.68569374 ], [ 73.32959294, 16.6854074 ], [ 73.32933295, 16.67957628 ], [ 73.33336985, 16.65365756 ], [ 73.32986188, 16.64722717 ], [ 73.32914937, 16.64675105 ], [ 73.32830167, 16.64653087 ], [ 73.32434273, 16.64838111 ], [ 73.32217693, 16.64401782 ], [ 73.32283163, 16.63890314 ], [ 73.32402611, 16.63630641 ], [ 73.32713687, 16.63675547 ], [ 73.32965565, 16.63846564 ], [ 73.32879937, 16.64011681 ], [ 73.32939756, 16.64107907 ], [ 73.33003676, 16.64144838 ], [ 73.33296084, 16.64143062 ], [ 73.33752644, 16.63800454 ], [ 73.34005642, 16.63780272 ], [ 73.34059322, 16.63418245 ], [ 73.33956337, 16.63204372 ], [ 73.34216571, 16.628515 ], [ 73.34195793, 16.62812424 ], [ 73.34082246, 16.62684906 ], [ 73.3405261, 16.62677968 ], [ 73.33847487, 16.62802303 ], [ 73.33562827, 16.62697613 ], [ 73.33163023, 16.62346542 ], [ 73.33008802, 16.62164581 ], [ 73.33038378, 16.62077475 ], [ 73.33356488, 16.61922336 ], [ 73.33446467, 16.61927891 ], [ 73.33554494, 16.61969686 ], [ 73.33777607, 16.62372613 ], [ 73.33948135, 16.62317085 ], [ 73.34075952, 16.62076783 ], [ 73.3454082, 16.62084413 ], [ 73.34830046, 16.62195754 ], [ 73.34995878, 16.62338257 ], [ 73.35951805, 16.63047516 ], [ 73.35991216, 16.63071752 ], [ 73.36264813, 16.63224733 ], [ 73.36495304, 16.63225436 ], [ 73.36629367, 16.63361323 ], [ 73.36570704, 16.63681722 ], [ 73.36781454, 16.63767636 ], [ 73.36832047, 16.63782084 ], [ 73.36912954, 16.6373713 ], [ 73.37106085, 16.63217425 ], [ 73.37607717, 16.63185227 ], [ 73.38028014, 16.63330317 ], [ 73.38765693, 16.63290465 ], [ 73.39155126, 16.62568867 ], [ 73.39293563, 16.61914945 ], [ 73.39519775, 16.61791885 ], [ 73.39447105, 16.61698234 ], [ 73.38828325, 16.61690271 ], [ 73.38548875, 16.6153661 ], [ 73.38146281, 16.60602987 ], [ 73.38190985, 16.60386908 ], [ 73.38509715, 16.60103261 ], [ 73.39378786, 16.59678996 ], [ 73.39847076, 16.59210801 ], [ 73.40030515, 16.59159136 ], [ 73.40804744, 16.59455657 ], [ 73.41622806, 16.59266341 ], [ 73.42041552, 16.59266341 ], [ 73.42548788, 16.59353781 ], [ 73.43370986, 16.59601164 ], [ 73.43606985, 16.59522104 ], [ 73.43615651, 16.59454513 ], [ 73.43605185, 16.59393382 ], [ 73.43247974, 16.5939995 ], [ 73.42082274, 16.59071016 ], [ 73.41651106, 16.59071016 ], [ 73.40999353, 16.59316242 ], [ 73.40715313, 16.59316325 ], [ 73.40155447, 16.59058177 ], [ 73.39857996, 16.59078121 ], [ 73.39794457, 16.5909965 ], [ 73.38053834, 16.60316253 ], [ 73.38194728, 16.61506498 ], [ 73.38029873, 16.61927295 ], [ 73.37893474, 16.62129295 ], [ 73.37368345, 16.6280061 ], [ 73.37183654, 16.62950802 ], [ 73.37104082, 16.62996686 ], [ 73.36761212, 16.63006055 ], [ 73.36481071, 16.62964821 ], [ 73.36437094, 16.62946415 ], [ 73.3618834, 16.62657773 ], [ 73.35880005, 16.62563264 ], [ 73.35744393, 16.62402022 ], [ 73.35508394, 16.62431586 ], [ 73.35479808, 16.62415755 ], [ 73.35401428, 16.6222378 ], [ 73.3521229, 16.6224122 ], [ 73.35192037, 16.62210143 ], [ 73.35197091, 16.61370826 ], [ 73.35120571, 16.61200511 ], [ 73.35101426, 16.61167765 ], [ 73.35041904, 16.61139512 ], [ 73.34825373, 16.61302948 ], [ 73.34689975, 16.61267734 ], [ 73.34058857, 16.60627735 ], [ 73.34103215, 16.60502052 ], [ 73.34482014, 16.60353172 ], [ 73.34654415, 16.60142076 ], [ 73.34852874, 16.60303855 ], [ 73.34961927, 16.6027323 ], [ 73.35046494, 16.59777081 ], [ 73.35272586, 16.59669971 ], [ 73.35196435, 16.59484184 ], [ 73.34895051, 16.59628797 ], [ 73.34695327, 16.59551132 ], [ 73.34682858, 16.59863734 ], [ 73.34104323, 16.60122335 ], [ 73.34053755, 16.60155535 ], [ 73.34067702, 16.60328674 ], [ 73.33936822, 16.60457778 ], [ 73.33581674, 16.60536885 ], [ 73.33322465, 16.60748482 ], [ 73.33107901, 16.60805476 ], [ 73.32943833, 16.60793698 ], [ 73.32474661, 16.60566151 ], [ 73.32087338, 16.60717952 ], [ 73.3203603, 16.6067059 ], [ 73.31900942, 16.60307455 ], [ 73.31682801, 16.60141921 ], [ 73.31683517, 16.60113323 ], [ 73.31971967, 16.59858274 ], [ 73.31859601, 16.59616578 ], [ 73.31934893, 16.59304404 ], [ 73.32269752, 16.58969545 ], [ 73.32260764, 16.58336246 ], [ 73.33150208, 16.57703125 ], [ 73.33413136, 16.57684517 ], [ 73.33470047, 16.57708645 ], [ 73.33642948, 16.57948864 ], [ 73.33677697, 16.57960284 ], [ 73.34026456, 16.58026898 ], [ 73.34068692, 16.58013284 ], [ 73.34171247, 16.57946146 ], [ 73.34508455, 16.57601094 ], [ 73.3442291, 16.57506764 ], [ 73.34519696, 16.57248485 ], [ 73.34512663, 16.57183635 ], [ 73.34218013, 16.56758511 ], [ 73.34224307, 16.56723154 ], [ 73.34406722, 16.56563675 ], [ 73.34713018, 16.56449842 ], [ 73.35158706, 16.56498027 ], [ 73.35273421, 16.56423461 ], [ 73.35462916, 16.56665611 ], [ 73.35764027, 16.5682013 ], [ 73.36030102, 16.56730247 ], [ 73.36229956, 16.56826556 ], [ 73.36214972, 16.56625891 ], [ 73.35501456, 16.56567895 ], [ 73.35685945, 16.56169414 ], [ 73.35555577, 16.55659521 ], [ 73.35637867, 16.55543566 ], [ 73.35763371, 16.55592728 ], [ 73.36404502, 16.55334568 ], [ 73.36609125, 16.55396664 ], [ 73.37164497, 16.55202532 ], [ 73.37475085, 16.55207276 ], [ 73.38101316, 16.55744243 ], [ 73.38090205, 16.55540597 ], [ 73.38321376, 16.55599403 ], [ 73.39268756, 16.55435693 ], [ 73.3939079, 16.55395973 ], [ 73.39415765, 16.5527817 ], [ 73.39358222, 16.55249476 ], [ 73.38765323, 16.55409968 ], [ 73.37892604, 16.55381751 ], [ 73.37745404, 16.55275917 ], [ 73.37717426, 16.55058515 ], [ 73.37383628, 16.55001175 ], [ 73.36631525, 16.55136883 ], [ 73.36085916, 16.55107892 ], [ 73.35856175, 16.55282438 ], [ 73.35698962, 16.55265725 ], [ 73.3518846, 16.556988 ], [ 73.35132682, 16.55714905 ], [ 73.34629691, 16.55664265 ], [ 73.34608614, 16.55629873 ], [ 73.34717274, 16.55170774 ], [ 73.35226345, 16.55018628 ], [ 73.34996581, 16.54963541 ], [ 73.34884453, 16.54724896 ], [ 73.34910166, 16.54631031 ], [ 73.35069084, 16.54369235 ], [ 73.35111535, 16.54334593 ], [ 73.35335004, 16.54341125 ], [ 73.35413444, 16.54187453 ], [ 73.35848892, 16.54064143 ], [ 73.35994124, 16.54233003 ], [ 73.36426115, 16.54212976 ], [ 73.36772573, 16.54461098 ], [ 73.37279785, 16.54004705 ], [ 73.37200975, 16.53915775 ], [ 73.36835861, 16.54245615 ], [ 73.36589956, 16.54129207 ], [ 73.36618996, 16.53953481 ], [ 73.35870755, 16.53904188 ], [ 73.35595596, 16.53984201 ], [ 73.35440373, 16.53922975 ], [ 73.35416055, 16.53875387 ], [ 73.35570014, 16.5333302 ], [ 73.35510802, 16.53076804 ], [ 73.35568643, 16.52941835 ], [ 73.35830987, 16.52625716 ], [ 73.36519682, 16.52355826 ], [ 73.36905634, 16.52165318 ], [ 73.37589943, 16.5170331 ], [ 73.38226545, 16.51684487 ], [ 73.38268745, 16.51672125 ], [ 73.38541794, 16.5138849 ], [ 73.38811874, 16.51317775 ], [ 73.39036715, 16.51416552 ], [ 73.39095783, 16.51405478 ], [ 73.39722586, 16.51162803 ], [ 73.39906478, 16.51151621 ], [ 73.40429378, 16.51221895 ], [ 73.41196346, 16.51701236 ], [ 73.42159951, 16.5158745 ], [ 73.43511522, 16.50487864 ], [ 73.44242334, 16.50237346 ], [ 73.44578254, 16.49997056 ], [ 73.46395767, 16.49444914 ], [ 73.46678925, 16.49444914 ], [ 73.47029281, 16.49574065 ], [ 73.47584546, 16.49896276 ], [ 73.4765625, 16.49972093 ], [ 73.4765625, 16.5 ], [ 73.48019338, 16.50845742 ], [ 73.48059964, 16.50896347 ], [ 73.49370241, 16.51959097 ], [ 73.49526358, 16.52030635 ], [ 73.50198305, 16.52147734 ], [ 73.50953591, 16.51725686 ], [ 73.51305628, 16.51367176 ], [ 73.51462448, 16.51516044 ], [ 73.51519954, 16.51900661 ], [ 73.51666594, 16.51999724 ], [ 73.51759756, 16.5234375 ], [ 73.51799333, 16.52416587 ], [ 73.52007115, 16.52511156 ], [ 73.52263665, 16.52512705 ], [ 73.52603734, 16.5234375 ], [ 73.52993631, 16.52258944 ], [ 73.53264475, 16.52051806 ], [ 73.53437912, 16.51781094 ], [ 73.53430736, 16.51725757 ], [ 73.53292155, 16.51708782 ], [ 73.53251195, 16.51736104 ], [ 73.52767515, 16.52220404 ], [ 73.52729487, 16.52239931 ], [ 73.52390861, 16.52329445 ], [ 73.52051342, 16.52381074 ], [ 73.51963472, 16.5234375 ], [ 73.51851034, 16.52275407 ], [ 73.51647484, 16.51545727 ], [ 73.51615131, 16.51502383 ], [ 73.51348007, 16.51330376 ], [ 73.51191366, 16.51317561 ], [ 73.51092875, 16.51341033 ], [ 73.50901401, 16.51636124 ], [ 73.50783992, 16.51695371 ], [ 73.50084317, 16.51978064 ], [ 73.49764335, 16.51978076 ], [ 73.49493933, 16.51856661 ], [ 73.49404073, 16.51794148 ], [ 73.48244107, 16.50798106 ], [ 73.4765625, 16.49637282 ], [ 73.4765625, 16.49581456 ], [ 73.47390664, 16.49327135 ], [ 73.46887708, 16.49378896 ], [ 73.46709132, 16.49305236 ], [ 73.45593047, 16.49305403 ], [ 73.45132554, 16.49409342 ], [ 73.44064724, 16.50006688 ], [ 73.44028628, 16.50021195 ], [ 73.43253171, 16.50196195 ], [ 73.43016374, 16.50375545 ], [ 73.42838621, 16.50723696 ], [ 73.41680396, 16.51324916 ], [ 73.41175783, 16.51295757 ], [ 73.40750504, 16.51025474 ], [ 73.40151835, 16.50900817 ], [ 73.391819, 16.50900841 ], [ 73.38589895, 16.50995135 ], [ 73.38148344, 16.51193213 ], [ 73.36953032, 16.51091397 ], [ 73.36704075, 16.51298344 ], [ 73.36458874, 16.51025176 ], [ 73.35196066, 16.50666475 ], [ 73.35014725, 16.50462711 ], [ 73.35076058, 16.50269091 ], [ 73.35639894, 16.4968096 ], [ 73.35756385, 16.49177086 ], [ 73.36329305, 16.47962976 ], [ 73.36573791, 16.48044336 ], [ 73.36697912, 16.48895705 ], [ 73.36903656, 16.49114835 ], [ 73.37230492, 16.4926542 ], [ 73.37986696, 16.4929986 ], [ 73.37566793, 16.49074221 ], [ 73.37646806, 16.48970485 ], [ 73.38479531, 16.49411404 ], [ 73.37959504, 16.49016476 ], [ 73.38057005, 16.4896512 ], [ 73.38731873, 16.49377155 ], [ 73.38353085, 16.49072266 ], [ 73.38406146, 16.4865123 ], [ 73.38278961, 16.48400867 ], [ 73.38149655, 16.48379171 ], [ 73.37809944, 16.48669791 ], [ 73.3754909, 16.48643446 ], [ 73.37350595, 16.48824406 ], [ 73.36929715, 16.48780715 ], [ 73.36982775, 16.47843373 ], [ 73.36556447, 16.47496307 ], [ 73.36085963, 16.48006427 ], [ 73.35988665, 16.48567164 ], [ 73.34923875, 16.50471461 ], [ 73.35061336, 16.5070734 ], [ 73.35137665, 16.50748718 ], [ 73.36270034, 16.51136172 ], [ 73.36399412, 16.51326466 ], [ 73.36403286, 16.51577568 ], [ 73.36234713, 16.51812232 ], [ 73.35925615, 16.52025676 ], [ 73.3529284, 16.52303612 ], [ 73.35297763, 16.5234375 ], [ 73.35258424, 16.5234375 ], [ 73.34756756, 16.52930582 ], [ 73.34566724, 16.54158175 ], [ 73.3406471, 16.54677772 ], [ 73.34056628, 16.55124497 ], [ 73.33793068, 16.55620241 ], [ 73.33629882, 16.55738974 ], [ 73.33538246, 16.56072414 ], [ 73.33418667, 16.56184924 ], [ 73.33353746, 16.5621351 ], [ 73.33192265, 16.56193483 ], [ 73.3315134, 16.56157112 ], [ 73.33153141, 16.56065917 ], [ 73.33340025, 16.55800807 ], [ 73.33213496, 16.55665624 ], [ 73.32648766, 16.55761886 ], [ 73.3245095, 16.55294025 ], [ 73.32170725, 16.55169404 ], [ 73.32185113, 16.55372047 ], [ 73.31978893, 16.55635345 ], [ 73.31782746, 16.55603516 ], [ 73.31920576, 16.55009258 ], [ 73.31538343, 16.54559612 ], [ 73.3144505, 16.54143393 ], [ 73.31102765, 16.54180253 ], [ 73.31244516, 16.53912056 ], [ 73.31031811, 16.53922057 ], [ 73.31715906, 16.53071511 ], [ 73.31729448, 16.53025746 ], [ 73.31599057, 16.5274173 ], [ 73.31599033, 16.52705574 ], [ 73.31677556, 16.5234375 ], [ 73.31721067, 16.5234375 ], [ 73.31850612, 16.51892591 ], [ 73.31650555, 16.51345742 ], [ 73.32240474, 16.51649916 ], [ 73.32540643, 16.51307833 ], [ 73.33220232, 16.48812246 ], [ 73.33681023, 16.48031235 ], [ 73.34039474, 16.47926664 ], [ 73.34170985, 16.47779608 ], [ 73.34243286, 16.46688175 ], [ 73.3468014, 16.45835066 ], [ 73.34796154, 16.45125973 ], [ 73.35082543, 16.44570005 ], [ 73.35296488, 16.44451463 ], [ 73.35517907, 16.44618046 ], [ 73.35837316, 16.44283617 ], [ 73.36209297, 16.4425168 ], [ 73.36492217, 16.43932021 ], [ 73.36336017, 16.43917596 ], [ 73.36150765, 16.44088292 ], [ 73.35833037, 16.44127238 ], [ 73.35743105, 16.44098115 ], [ 73.35710263, 16.44016886 ], [ 73.35969651, 16.42827988 ], [ 73.35822475, 16.42668545 ], [ 73.35790932, 16.42502606 ], [ 73.35803306, 16.42430067 ], [ 73.36096883, 16.42309845 ], [ 73.36223531, 16.41857088 ], [ 73.36251986, 16.41800535 ], [ 73.36486924, 16.41559374 ], [ 73.36541045, 16.41444707 ], [ 73.36707366, 16.40972376 ], [ 73.36709726, 16.40923667 ], [ 73.36515987, 16.40726244 ], [ 73.36540711, 16.40504467 ], [ 73.36599481, 16.40275621 ], [ 73.36760104, 16.40080273 ], [ 73.36537087, 16.39870918 ], [ 73.36617255, 16.39723384 ], [ 73.36914682, 16.39575064 ], [ 73.36941957, 16.39569712 ], [ 73.37614155, 16.39690638 ], [ 73.37759435, 16.39581895 ], [ 73.37834275, 16.39571404 ], [ 73.38030875, 16.39602542 ], [ 73.38091111, 16.39624357 ], [ 73.38369215, 16.39854217 ], [ 73.38665688, 16.40334821 ], [ 73.39251232, 16.40057945 ], [ 73.39830983, 16.40126443 ], [ 73.39887154, 16.40146208 ], [ 73.40383625, 16.40499234 ], [ 73.40652525, 16.40997934 ], [ 73.40895236, 16.41112578 ], [ 73.40988123, 16.41028464 ], [ 73.41217268, 16.41100955 ], [ 73.41354847, 16.41320741 ], [ 73.41480506, 16.4120543 ], [ 73.42896342, 16.41018558 ], [ 73.4348948, 16.41204715 ], [ 73.43731678, 16.41102242 ], [ 73.439767, 16.41262555 ], [ 73.44500172, 16.41216171 ], [ 73.44797337, 16.41343725 ], [ 73.45927918, 16.41382503 ], [ 73.45909822, 16.41235483 ], [ 73.45777714, 16.41185725 ], [ 73.42982995, 16.40682244 ], [ 73.42887914, 16.40843022 ], [ 73.4222573, 16.40828872 ], [ 73.42057943, 16.40787697 ], [ 73.42090416, 16.40711653 ], [ 73.41334057, 16.40868056 ], [ 73.41066611, 16.40776706 ], [ 73.40760088, 16.40647793 ], [ 73.40559614, 16.40518105 ], [ 73.40518022, 16.40378916 ], [ 73.40557873, 16.39695501 ], [ 73.40497243, 16.39502406 ], [ 73.4012475, 16.38964164 ], [ 73.39610565, 16.38958097 ], [ 73.39164627, 16.39434051 ], [ 73.38862336, 16.39490104 ], [ 73.38476312, 16.39094305 ], [ 73.38001776, 16.38824666 ], [ 73.37806201, 16.38012993 ], [ 73.37407672, 16.37631774 ], [ 73.37311876, 16.37664962 ], [ 73.37307346, 16.37960613 ], [ 73.37529254, 16.38585866 ], [ 73.37401366, 16.38920474 ], [ 73.37206376, 16.39000523 ], [ 73.37035537, 16.38791466 ], [ 73.36920786, 16.38060665 ], [ 73.36720181, 16.37948942 ], [ 73.36671841, 16.37780786 ], [ 73.3678236, 16.37574935 ], [ 73.36819458, 16.37549245 ], [ 73.37112927, 16.37498546 ], [ 73.37195754, 16.37355506 ], [ 73.37210393, 16.3720957 ], [ 73.37196207, 16.37152076 ], [ 73.36828518, 16.36479151 ], [ 73.36813796, 16.36368406 ], [ 73.36922204, 16.36210716 ], [ 73.37262821, 16.35962665 ], [ 73.37544715, 16.35955596 ], [ 73.37744594, 16.36192834 ], [ 73.37781036, 16.3619796 ], [ 73.38159585, 16.36111176 ], [ 73.38210452, 16.36085773 ], [ 73.38363576, 16.35860026 ], [ 73.38530362, 16.3593564 ], [ 73.3869946, 16.36285281 ], [ 73.3909893, 16.36542022 ], [ 73.3934859, 16.35865474 ], [ 73.39922965, 16.35957742 ], [ 73.40522945, 16.3589015 ], [ 73.4066354, 16.35782146 ], [ 73.40700364, 16.35787225 ], [ 73.40811312, 16.3598783 ], [ 73.41068411, 16.36166811 ], [ 73.41126573, 16.36186922 ], [ 73.41184723, 16.36014652 ], [ 73.41171014, 16.35922766 ], [ 73.41034663, 16.35800946 ], [ 73.40430045, 16.35594213 ], [ 73.3944149, 16.35463154 ], [ 73.39030576, 16.36135018 ], [ 73.38937032, 16.36151505 ], [ 73.38874435, 16.36114121 ], [ 73.38736701, 16.35726297 ], [ 73.39019835, 16.34765625 ], [ 73.39056027, 16.34765625 ], [ 73.39056027, 16.34667957 ], [ 73.38817823, 16.34418094 ], [ 73.38800764, 16.34380984 ], [ 73.38571572, 16.33671606 ], [ 73.39559817, 16.33113491 ], [ 73.39440346, 16.32627976 ], [ 73.3963325, 16.32034016 ], [ 73.39590693, 16.31859016 ], [ 73.39376295, 16.31715083 ], [ 73.3938179, 16.31458426 ], [ 73.3980844, 16.30861068 ], [ 73.39897215, 16.30152535 ], [ 73.40063632, 16.29946125 ], [ 73.40427637, 16.29866767 ], [ 73.40519941, 16.29705477 ], [ 73.41077316, 16.2777878 ], [ 73.41094625, 16.27786136 ], [ 73.41201866, 16.27951813 ], [ 73.41120684, 16.28495967 ], [ 73.41493571, 16.28750551 ], [ 73.41718137, 16.29201555 ], [ 73.41792583, 16.29205894 ], [ 73.41810906, 16.28870881 ], [ 73.41599762, 16.28696418 ], [ 73.41770732, 16.28569973 ], [ 73.43182206, 16.28439558 ], [ 73.43573475, 16.28642464 ], [ 73.43421924, 16.28406215 ], [ 73.42975998, 16.28329015 ], [ 73.42183816, 16.28398287 ], [ 73.41499984, 16.28323436 ], [ 73.41157675, 16.27527964 ], [ 73.41137648, 16.27297401 ], [ 73.41213596, 16.26769292 ], [ 73.41663134, 16.25091565 ], [ 73.41644931, 16.24737084 ], [ 73.41970146, 16.24328792 ], [ 73.42051744, 16.23764527 ], [ 73.42423284, 16.22699261 ], [ 73.42471302, 16.21795094 ], [ 73.42738354, 16.21372521 ], [ 73.42767525, 16.20863914 ], [ 73.42661905, 16.20442462 ], [ 73.43014944, 16.19887185 ], [ 73.43507767, 16.20190501 ], [ 73.43671501, 16.20318794 ], [ 73.43968952, 16.20800543 ], [ 73.44287205, 16.21068382 ], [ 73.44348264, 16.21170425 ], [ 73.44344735, 16.21495247 ], [ 73.44582236, 16.22209585 ], [ 73.44732761, 16.224509 ], [ 73.44746566, 16.22423696 ], [ 73.44428134, 16.20909071 ], [ 73.44267964, 16.20693696 ], [ 73.44387877, 16.20633686 ], [ 73.44662702, 16.20730507 ], [ 73.44904983, 16.21205795 ], [ 73.44883585, 16.20781243 ], [ 73.44730341, 16.20565021 ], [ 73.44301951, 16.20434988 ], [ 73.44088936, 16.20608175 ], [ 73.43922484, 16.20358372 ], [ 73.43951285, 16.20128751 ], [ 73.44427335, 16.20225966 ], [ 73.44458997, 16.19887841 ], [ 73.44339037, 16.19821191 ], [ 73.44140673, 16.19992495 ], [ 73.44097543, 16.20012331 ], [ 73.43679965, 16.20135677 ], [ 73.43596005, 16.20069444 ], [ 73.43582416, 16.20052493 ], [ 73.44166505, 16.18540823 ], [ 73.44172752, 16.17987764 ], [ 73.44402123, 16.171875 ], [ 73.44404805, 16.171875 ], [ 73.44671822, 16.15965354 ], [ 73.44976401, 16.15270114 ], [ 73.45268774, 16.13552594 ], [ 73.45730758, 16.12046087 ], [ 73.45772314, 16.10423934 ], [ 73.46074104, 16.09753013 ], [ 73.46099842, 16.09729397 ], [ 73.46178818, 16.09750021 ], [ 73.46172607, 16.10022593 ], [ 73.45950985, 16.11461151 ], [ 73.46172595, 16.11927998 ], [ 73.46167386, 16.12193084 ], [ 73.46109867, 16.12975264 ], [ 73.46090507, 16.13068271 ], [ 73.4594655, 16.13234842 ], [ 73.45863736, 16.13525104 ], [ 73.45888245, 16.13648307 ], [ 73.46409261, 16.14484942 ], [ 73.46516073, 16.14803243 ], [ 73.46407163, 16.15219116 ], [ 73.46527004, 16.15379512 ], [ 73.47583854, 16.16179812 ], [ 73.4765625, 16.16183031 ], [ 73.4765625, 16.16210926 ], [ 73.47972524, 16.16416335 ], [ 73.48149765, 16.171875 ], [ 73.4849385, 16.17398787 ], [ 73.48999321, 16.17970192 ], [ 73.49075735, 16.18003118 ], [ 73.49274588, 16.18050587 ], [ 73.50267923, 16.18018413 ], [ 73.50701094, 16.17892277 ], [ 73.51040626, 16.17947686 ], [ 73.51243257, 16.17999578 ], [ 73.51652753, 16.18130445 ], [ 73.52408516, 16.1852113 ], [ 73.52920353, 16.1890434 ], [ 73.52957892, 16.18923485 ], [ 73.53608036, 16.19236934 ], [ 73.53669167, 16.19172537 ], [ 73.53646457, 16.19064927 ], [ 73.52783585, 16.18634605 ], [ 73.52123582, 16.18149793 ], [ 73.51730037, 16.17975307 ], [ 73.51560914, 16.17915893 ], [ 73.50946772, 16.17748475 ], [ 73.50631523, 16.17725241 ], [ 73.49714446, 16.17798376 ], [ 73.49127805, 16.17696404 ], [ 73.48819053, 16.1759727 ], [ 73.48498142, 16.171875 ], [ 73.48446703, 16.17081952 ], [ 73.48115373, 16.15948915 ], [ 73.47759414, 16.15597165 ], [ 73.4765625, 16.15597093 ], [ 73.47606552, 16.15599275 ], [ 73.47455466, 16.15772796 ], [ 73.47317123, 16.15776253 ], [ 73.47269988, 16.15761554 ], [ 73.46788347, 16.15351772 ], [ 73.46726584, 16.14840937 ], [ 73.46553743, 16.14465225 ], [ 73.46559298, 16.14157104 ], [ 73.4682101, 16.13767433 ], [ 73.46922565, 16.13356745 ], [ 73.46909988, 16.13246143 ], [ 73.46872723, 16.13164926 ], [ 73.46440303, 16.12819254 ], [ 73.46386445, 16.12509215 ], [ 73.46574545, 16.11635387 ], [ 73.46530283, 16.10531366 ], [ 73.46893144, 16.09624004 ], [ 73.4688549, 16.09565127 ], [ 73.46461666, 16.08694816 ], [ 73.46070385, 16.08572543 ], [ 73.45991588, 16.08573484 ], [ 73.45872891, 16.08610237 ], [ 73.45817387, 16.08608055 ], [ 73.45806003, 16.08569694 ], [ 73.45906508, 16.08373022 ], [ 73.45719123, 16.08096087 ], [ 73.45730424, 16.08044982 ], [ 73.45795417, 16.07989621 ], [ 73.46229768, 16.0799731 ], [ 73.46339214, 16.07910311 ], [ 73.46788394, 16.07002735 ], [ 73.4668771, 16.06958616 ], [ 73.46513712, 16.07136214 ], [ 73.46356738, 16.07051778 ], [ 73.46399868, 16.06738281 ], [ 73.46132672, 16.06297636 ], [ 73.45520604, 16.06264245 ], [ 73.45536995, 16.05845416 ], [ 73.45685673, 16.05701256 ], [ 73.45515037, 16.05513692 ], [ 73.45538068, 16.05431747 ], [ 73.45696354, 16.05288255 ], [ 73.45984757, 16.05543125 ], [ 73.46628654, 16.05409455 ], [ 73.46661353, 16.05390906 ], [ 73.46822083, 16.05200136 ], [ 73.46855331, 16.04637325 ], [ 73.4765625, 16.04380584 ], [ 73.47752917, 16.04349744 ], [ 73.48088205, 16.03999555 ], [ 73.48231852, 16.03750134 ], [ 73.48320878, 16.03584576 ], [ 73.49094546, 16.01101923 ], [ 73.48885572, 15.99844742 ], [ 73.48874533, 15.99609375 ], [ 73.48875272, 15.98792458 ], [ 73.48997986, 15.98504674 ], [ 73.49167538, 15.98200452 ], [ 73.50025415, 15.96964514 ], [ 73.50193906, 15.96826506 ], [ 73.50227416, 15.96834266 ], [ 73.50263357, 15.96862781 ], [ 73.50147772, 15.97524905 ], [ 73.49812996, 15.98099625 ], [ 73.49457753, 15.98372746 ], [ 73.49186671, 15.98813331 ], [ 73.49119365, 15.99097157 ], [ 73.49272156, 15.98965621 ], [ 73.49025822, 15.99311614 ], [ 73.49135601, 15.99609375 ], [ 73.49136805, 15.99609375 ], [ 73.4915632, 15.9968425 ], [ 73.49169004, 16.00209332 ], [ 73.49475682, 16.00725043 ], [ 73.49913013, 16.01033783 ], [ 73.50543475, 16.01107943 ], [ 73.51594663, 16.01652777 ], [ 73.51667893, 16.01667404 ], [ 73.53163612, 16.01804864 ], [ 73.54231095, 16.01654768 ], [ 73.55689323, 16.01693487 ], [ 73.57013476, 16.01318598 ], [ 73.57498443, 16.01529467 ], [ 73.57857895, 16.02056801 ], [ 73.57897353, 16.02081144 ], [ 73.58499241, 16.02260041 ], [ 73.58760631, 16.02257085 ], [ 73.59685636, 16.01782608 ], [ 73.60283875, 16.01175785 ], [ 73.60502636, 16.01025581 ], [ 73.60788393, 16.00933313 ], [ 73.60980368, 16.00946176 ], [ 73.61301815, 16.01000261 ], [ 73.61330831, 16.01013434 ], [ 73.62167001, 16.01515603 ], [ 73.62340117, 16.01678348 ], [ 73.62478316, 16.02158535 ], [ 73.62652445, 16.02175713 ], [ 73.62309444, 16.01371324 ], [ 73.60913873, 16.00808764 ], [ 73.60551965, 16.00844884 ], [ 73.59924853, 16.01397085 ], [ 73.58688784, 16.02155876 ], [ 73.58594894, 16.02168667 ], [ 73.58486807, 16.02169144 ], [ 73.57857394, 16.01943076 ], [ 73.57523775, 16.01300526 ], [ 73.57256401, 16.0110625 ], [ 73.57188833, 16.01095796 ], [ 73.56760573, 16.01305473 ], [ 73.55617607, 16.01531553 ], [ 73.54375768, 16.01402271 ], [ 73.53884614, 16.01584482 ], [ 73.53382325, 16.01510417 ], [ 73.52552843, 16.01587296 ], [ 73.51463115, 16.01152134 ], [ 73.51145744, 16.00879467 ], [ 73.50115645, 16.00591934 ], [ 73.49752593, 16.00210285 ], [ 73.49637413, 15.99679732 ], [ 73.49659371, 15.99609375 ], [ 73.49696171, 15.99595726 ], [ 73.49711168, 15.99525714 ], [ 73.49516821, 15.99361944 ], [ 73.49523425, 15.99314535 ], [ 73.49573255, 15.99237931 ], [ 73.49778521, 15.99182844 ], [ 73.49782205, 15.9883908 ], [ 73.49895453, 15.98619902 ], [ 73.50036907, 15.98399782 ], [ 73.50078952, 15.98371255 ], [ 73.50409043, 15.98300087 ], [ 73.50651026, 15.9736551 ], [ 73.50551605, 15.97007096 ], [ 73.50669956, 15.96519065 ], [ 73.50669897, 15.96251547 ], [ 73.50407636, 15.95716155 ], [ 73.50158298, 15.95578766 ], [ 73.50872028, 15.94297278 ], [ 73.51026142, 15.93701816 ], [ 73.51293755, 15.93701243 ], [ 73.51481915, 15.93907845 ], [ 73.51697314, 15.93796611 ], [ 73.52168953, 15.93830216 ], [ 73.52796078, 15.93398798 ], [ 73.5319885, 15.93272996 ], [ 73.53505456, 15.93706906 ], [ 73.53704774, 15.93735862 ], [ 73.54034042, 15.93617702 ], [ 73.54957485, 15.92755687 ], [ 73.55389893, 15.92642415 ], [ 73.56570375, 15.91957045 ], [ 73.56907141, 15.91268253 ], [ 73.57782745, 15.91167605 ], [ 73.57908118, 15.90991294 ], [ 73.58606362, 15.90942454 ], [ 73.59054625, 15.91229224 ], [ 73.59060442, 15.90942121 ], [ 73.58802772, 15.90917957 ], [ 73.59032881, 15.90611172 ], [ 73.59142602, 15.90067065 ], [ 73.59591866, 15.89633787 ], [ 73.59681225, 15.89133012 ], [ 73.59980595, 15.88910782 ], [ 73.59864211, 15.88806665 ], [ 73.59920895, 15.88667834 ], [ 73.60285985, 15.88497448 ], [ 73.60626364, 15.87467563 ], [ 73.60985303, 15.8685714 ], [ 73.60996032, 15.86453021 ], [ 73.61301637, 15.85473144 ], [ 73.61864626, 15.85212231 ], [ 73.61920392, 15.85339296 ], [ 73.61798716, 15.85680997 ], [ 73.62103522, 15.85845006 ], [ 73.62307251, 15.85481083 ], [ 73.62592304, 15.85247755 ], [ 73.62949193, 15.84585047 ], [ 73.63871038, 15.8203125 ], [ 73.63915646, 15.8203125 ], [ 73.63899374, 15.81784892 ], [ 73.63662887, 15.81748676 ], [ 73.63640583, 15.81712532 ], [ 73.63654947, 15.81570327 ], [ 73.63703442, 15.81484664 ], [ 73.64064646, 15.81096184 ], [ 73.64363134, 15.8108021 ], [ 73.64494145, 15.80532324 ], [ 73.64999092, 15.80269897 ], [ 73.65281177, 15.79430187 ], [ 73.65335596, 15.79420793 ], [ 73.65448046, 15.79530632 ], [ 73.65656722, 15.8011564 ], [ 73.65990162, 15.80248475 ], [ 73.66113341, 15.80369043 ], [ 73.66134715, 15.80409312 ], [ 73.66176164, 15.80758286 ], [ 73.66310096, 15.80767107 ], [ 73.66329336, 15.80744576 ], [ 73.66182816, 15.80339444 ], [ 73.65808856, 15.80015743 ], [ 73.65636992, 15.79253328 ], [ 73.65439022, 15.79181492 ], [ 73.65412951, 15.79132247 ], [ 73.65401351, 15.79058754 ], [ 73.65541744, 15.78531551 ], [ 73.66112375, 15.77056074 ], [ 73.66227353, 15.76637685 ], [ 73.66318154, 15.76264131 ], [ 73.66309607, 15.75794125 ], [ 73.66323614, 15.75768185 ], [ 73.66799533, 15.75834024 ], [ 73.67346215, 15.75554013 ], [ 73.67484236, 15.75323415 ], [ 73.67228675, 15.75285137 ], [ 73.66652644, 15.75651205 ], [ 73.66584134, 15.75471842 ], [ 73.66137397, 15.75194335 ], [ 73.65787494, 15.74740458 ], [ 73.65368724, 15.74856913 ], [ 73.65295422, 15.74654627 ], [ 73.64840281, 15.74580204 ], [ 73.65277708, 15.74564588 ], [ 73.65579915, 15.74119473 ], [ 73.66439784, 15.73752356 ], [ 73.66838396, 15.73111582 ], [ 73.67159295, 15.73102331 ], [ 73.67526054, 15.72704732 ], [ 73.68002582, 15.72503126 ], [ 73.67984354, 15.72103691 ], [ 73.68021154, 15.72080123 ], [ 73.68245971, 15.72178197 ], [ 73.68332207, 15.72012246 ], [ 73.68638015, 15.72026873 ], [ 73.68722141, 15.72092664 ], [ 73.68837142, 15.72230351 ], [ 73.68915844, 15.72256231 ], [ 73.69582474, 15.72125578 ], [ 73.69675922, 15.72258496 ], [ 73.69637084, 15.7257452 ], [ 73.70045495, 15.72715783 ], [ 73.70451403, 15.73013532 ], [ 73.7048316, 15.73020732 ], [ 73.70521057, 15.72904766 ], [ 73.70505476, 15.72841334 ], [ 73.70302355, 15.72640002 ], [ 73.70355821, 15.72584021 ], [ 73.71090114, 15.72784138 ], [ 73.72059214, 15.72513795 ], [ 73.72198892, 15.72537506 ], [ 73.73143256, 15.72824907 ], [ 73.73334551, 15.72934902 ], [ 73.73363197, 15.72955275 ], [ 73.73521447, 15.73287988 ], [ 73.74164963, 15.73697615 ], [ 73.74236202, 15.73709285 ], [ 73.75149131, 15.73579955 ], [ 73.75612557, 15.73653436 ], [ 73.75708604, 15.73627484 ], [ 73.76145434, 15.73435914 ], [ 73.76124656, 15.73379707 ], [ 73.76076937, 15.73359418 ], [ 73.75314462, 15.7339009 ], [ 73.74705684, 15.73541856 ], [ 73.74153781, 15.73422563 ], [ 73.73715246, 15.7322247 ], [ 73.7354902, 15.73032928 ], [ 73.73264611, 15.72384954 ], [ 73.72526133, 15.72226465 ], [ 73.72509527, 15.72033215 ], [ 73.72480333, 15.72026181 ], [ 73.72004116, 15.72411394 ], [ 73.70961428, 15.72426546 ], [ 73.70329964, 15.71878004 ], [ 73.70217955, 15.7184031 ], [ 73.69401753, 15.71821451 ], [ 73.69117844, 15.71981263 ], [ 73.69003344, 15.71813774 ], [ 73.68967152, 15.7169131 ], [ 73.68974686, 15.71655905 ], [ 73.69272983, 15.70982075 ], [ 73.69358325, 15.70649326 ], [ 73.69352376, 15.70263183 ], [ 73.69521618, 15.69959581 ], [ 73.69707036, 15.699072 ], [ 73.69789732, 15.69205916 ], [ 73.70002496, 15.69202316 ], [ 73.70153594, 15.69071686 ], [ 73.70546305, 15.67588937 ], [ 73.71098387, 15.66841197 ], [ 73.71329784, 15.65667725 ], [ 73.71559572, 15.65349185 ], [ 73.71515644, 15.64960504 ], [ 73.71529675, 15.64903724 ], [ 73.71712053, 15.64453125 ], [ 73.71721184, 15.64453125 ], [ 73.72296965, 15.63020694 ], [ 73.72771311, 15.62751532 ], [ 73.73316956, 15.61686504 ], [ 73.73499978, 15.61591434 ], [ 73.73617995, 15.61411834 ], [ 73.73744547, 15.61546123 ], [ 73.73845136, 15.61701596 ], [ 73.74027812, 15.62329662 ], [ 73.74070001, 15.62370014 ], [ 73.75136662, 15.63006258 ], [ 73.75411487, 15.63456082 ], [ 73.75948882, 15.63481092 ], [ 73.76034975, 15.63523686 ], [ 73.76324642, 15.6395961 ], [ 73.76739812, 15.64103663 ], [ 73.77010572, 15.64298475 ], [ 73.77136517, 15.64453125 ], [ 73.77189815, 15.64453125 ], [ 73.77505314, 15.64809346 ], [ 73.77581477, 15.65220201 ], [ 73.77626956, 15.65301275 ], [ 73.77739406, 15.65398085 ], [ 73.77942395, 15.65450144 ], [ 73.78570426, 15.65466642 ], [ 73.78724182, 15.65424132 ], [ 73.79524887, 15.64960575 ], [ 73.80017614, 15.65098298 ], [ 73.80247724, 15.65312576 ], [ 73.80399942, 15.65212011 ], [ 73.80654204, 15.65255606 ], [ 73.80998075, 15.65563321 ], [ 73.81374896, 15.65594172 ], [ 73.81889605, 15.65465796 ], [ 73.82304001, 15.65534794 ], [ 73.828125, 15.65429676 ], [ 73.83278728, 15.65286136 ], [ 73.83717501, 15.64878416 ], [ 73.8376466, 15.64851046 ], [ 73.83893216, 15.64834976 ], [ 73.83950257, 15.64869905 ], [ 73.84049261, 15.65033007 ], [ 73.84011066, 15.66498745 ], [ 73.84857202, 15.66947567 ], [ 73.85440755, 15.67680407 ], [ 73.85725617, 15.67807055 ], [ 73.85903585, 15.6776309 ], [ 73.85917556, 15.67738652 ], [ 73.85497725, 15.67464066 ], [ 73.85090685, 15.66974366 ], [ 73.84849822, 15.66799784 ], [ 73.84148765, 15.66474032 ], [ 73.84215355, 15.64904797 ], [ 73.83981955, 15.64628208 ], [ 73.82823515, 15.65027535 ], [ 73.81853855, 15.65368521 ], [ 73.81739044, 15.65367985 ], [ 73.81361055, 15.65314805 ], [ 73.80189538, 15.64790952 ], [ 73.79578876, 15.64817226 ], [ 73.78852141, 15.65147734 ], [ 73.78395796, 15.65147722 ], [ 73.77842617, 15.64961708 ], [ 73.77804351, 15.6494385 ], [ 73.77566588, 15.64453125 ], [ 73.77599871, 15.64453125 ], [ 73.77345085, 15.63823044 ], [ 73.77200091, 15.63646996 ], [ 73.77034402, 15.63508105 ], [ 73.76918435, 15.63463807 ], [ 73.76868796, 15.63456905 ], [ 73.76689255, 15.63556492 ], [ 73.75973666, 15.63103843 ], [ 73.75492072, 15.63064766 ], [ 73.75119257, 15.62588954 ], [ 73.7485975, 15.62428868 ], [ 73.7482146, 15.62120688 ], [ 73.75481653, 15.61666834 ], [ 73.75188065, 15.60946083 ], [ 73.74237323, 15.60466886 ], [ 73.73916864, 15.60881627 ], [ 73.73521948, 15.60871816 ], [ 73.73110712, 15.60789955 ], [ 73.73340023, 15.60393405 ], [ 73.73332763, 15.60105956 ], [ 73.73229575, 15.59998977 ], [ 73.73412645, 15.59331441 ], [ 73.73143423, 15.59054232 ], [ 73.73639894, 15.58553565 ], [ 73.73729873, 15.58081305 ], [ 73.7397387, 15.57646084 ], [ 73.74181891, 15.57043135 ], [ 73.74080861, 15.56392574 ], [ 73.74508846, 15.56055236 ], [ 73.74807382, 15.56147635 ], [ 73.74837744, 15.56127691 ], [ 73.75103045, 15.55742705 ], [ 73.75116813, 15.55704725 ], [ 73.76637995, 15.50598752 ], [ 73.76724684, 15.49982381 ], [ 73.76452303, 15.49750793 ], [ 73.76438522, 15.49514127 ], [ 73.76694477, 15.49341154 ], [ 73.76793301, 15.4905858 ], [ 73.77498317, 15.48968685 ], [ 73.7790364, 15.49238324 ], [ 73.78104222, 15.49177361 ], [ 73.7860589, 15.49241734 ], [ 73.78708148, 15.4930166 ], [ 73.78793538, 15.49468708 ], [ 73.78789711, 15.4952234 ], [ 73.78588045, 15.49731326 ], [ 73.78916562, 15.49959505 ], [ 73.78946471, 15.49965656 ], [ 73.79640377, 15.49810493 ], [ 73.80204415, 15.49538696 ], [ 73.80441332, 15.4948709 ], [ 73.80492652, 15.49477768 ], [ 73.81004095, 15.49585044 ], [ 73.81259131, 15.50016546 ], [ 73.81210792, 15.50534022 ], [ 73.81514013, 15.50977945 ], [ 73.81560862, 15.51002204 ], [ 73.81820774, 15.51051784 ], [ 73.82106066, 15.50971222 ], [ 73.82420981, 15.50557697 ], [ 73.828125, 15.50474334 ], [ 73.82989264, 15.50540853 ], [ 73.83171725, 15.50544631 ], [ 73.83476007, 15.50425041 ], [ 73.84281147, 15.50632155 ], [ 73.84310091, 15.50652313 ], [ 73.84434605, 15.51280665 ], [ 73.84727001, 15.50973368 ], [ 73.85721576, 15.51128995 ], [ 73.85868216, 15.51041555 ], [ 73.86730194, 15.51095235 ], [ 73.86765385, 15.51105905 ], [ 73.8714478, 15.51303124 ], [ 73.88131964, 15.51989281 ], [ 73.88513935, 15.5237112 ], [ 73.88998616, 15.53173947 ], [ 73.89731348, 15.53696835 ], [ 73.89712286, 15.54207838 ], [ 73.89831316, 15.54481006 ], [ 73.90645194, 15.54713571 ], [ 73.90817046, 15.54940081 ], [ 73.91167176, 15.5491786 ], [ 73.91719306, 15.54650617 ], [ 73.92063212, 15.54138911 ], [ 73.92479324, 15.54015696 ], [ 73.92585766, 15.53819001 ], [ 73.9282099, 15.53772295 ], [ 73.94057906, 15.54468703 ], [ 73.94544291, 15.54868984 ], [ 73.94932282, 15.55025876 ], [ 73.95059025, 15.55016625 ], [ 73.95606172, 15.54809451 ], [ 73.95963895, 15.54462016 ], [ 73.9631654, 15.54294646 ], [ 73.96438563, 15.54053867 ], [ 73.96660531, 15.53976464 ], [ 73.97034442, 15.52909005 ], [ 73.97236598, 15.52704215 ], [ 73.98300922, 15.52329683 ], [ 73.99704373, 15.51447833 ], [ 73.99924207, 15.50901186 ], [ 73.99989295, 15.50241065 ], [ 74.01838696, 15.49759495 ], [ 74.02147782, 15.49457705 ], [ 74.02323365, 15.49095404 ], [ 74.02321577, 15.48257637 ], [ 74.02861512, 15.48071313 ], [ 74.02873731, 15.4803164 ], [ 74.02780414, 15.47906804 ], [ 74.02525616, 15.47908473 ], [ 74.02233565, 15.48104453 ], [ 74.02206731, 15.48828924 ], [ 74.01906204, 15.49438322 ], [ 74.01433063, 15.4969604 ], [ 74.00405097, 15.49807632 ], [ 74.00061953, 15.49974418 ], [ 73.9981451, 15.50356746 ], [ 73.99517357, 15.51267874 ], [ 73.99160922, 15.51608622 ], [ 73.98501003, 15.51950073 ], [ 73.97814941, 15.52077365 ], [ 73.97023284, 15.52456915 ], [ 73.96470642, 15.53588247 ], [ 73.95962214, 15.53871322 ], [ 73.95485306, 15.54596055 ], [ 73.9498651, 15.54907894 ], [ 73.9495753, 15.54906142 ], [ 73.94524717, 15.54650831 ], [ 73.9373852, 15.53853345 ], [ 73.93356943, 15.53633428 ], [ 73.92872453, 15.53534055 ], [ 73.93263447, 15.53166378 ], [ 73.93317044, 15.52910972 ], [ 73.93259954, 15.52774262 ], [ 73.9323467, 15.5272454 ], [ 73.92907906, 15.52563393 ], [ 73.92703581, 15.52100444 ], [ 73.92400515, 15.51906455 ], [ 73.92334306, 15.51802647 ], [ 73.92134237, 15.51241696 ], [ 73.91805184, 15.50924575 ], [ 73.91600585, 15.50814867 ], [ 73.90987134, 15.50516892 ], [ 73.90920007, 15.50495446 ], [ 73.90385366, 15.50443184 ], [ 73.901564, 15.50198185 ], [ 73.88995254, 15.5 ], [ 73.88017404, 15.50000608 ], [ 73.87113714, 15.50254095 ], [ 73.86973512, 15.50309896 ], [ 73.86678517, 15.50560033 ], [ 73.86562693, 15.50579953 ], [ 73.86446845, 15.50583935 ], [ 73.86111176, 15.50357676 ], [ 73.84091985, 15.49975038 ], [ 73.83531058, 15.49975038 ], [ 73.828125, 15.50223207 ], [ 73.82131445, 15.50063431 ], [ 73.81811225, 15.49897146 ], [ 73.81416798, 15.49041724 ], [ 73.80667877, 15.48437464 ], [ 73.80618775, 15.48241437 ], [ 73.80743134, 15.4792515 ], [ 73.80640566, 15.46972644 ], [ 73.8061161, 15.46875 ], [ 73.8058449, 15.46875 ], [ 73.804744, 15.46553123 ], [ 73.80197728, 15.46184134 ], [ 73.80085063, 15.46069086 ], [ 73.79823124, 15.46016371 ], [ 73.79778051, 15.46029997 ], [ 73.79007423, 15.46509421 ], [ 73.78800726, 15.46494424 ], [ 73.78760946, 15.46462226 ], [ 73.78711402, 15.46328962 ], [ 73.78734064, 15.46223581 ], [ 73.78775144, 15.46157515 ], [ 73.79069126, 15.46084332 ], [ 73.80339503, 15.44989824 ], [ 73.80383432, 15.45383847 ], [ 73.80792725, 15.45374584 ], [ 73.81236672, 15.45549822 ], [ 73.81413674, 15.45504725 ], [ 73.81614721, 15.45233333 ], [ 73.81903315, 15.45397425 ], [ 73.82483947, 15.45410764 ], [ 73.828125, 15.45284593 ], [ 73.82942605, 15.45337546 ], [ 73.83449244, 15.45067465 ], [ 73.83701634, 15.45094812 ], [ 73.83785021, 15.45059335 ], [ 73.84184515, 15.44754481 ], [ 73.84377325, 15.45101416 ], [ 73.84690332, 15.45223331 ], [ 73.84907615, 15.45173752 ], [ 73.85662043, 15.44279587 ], [ 73.85947824, 15.44155276 ], [ 73.86022723, 15.43489325 ], [ 73.86219275, 15.43090618 ], [ 73.86178255, 15.42821527 ], [ 73.8644067, 15.42829943 ], [ 73.86938047, 15.43105686 ], [ 73.87571406, 15.43037236 ], [ 73.87939215, 15.4325211 ], [ 73.88478363, 15.43216693 ], [ 73.88728333, 15.43045032 ], [ 73.89316785, 15.41947937 ], [ 73.89585388, 15.41625786 ], [ 73.89673424, 15.41497743 ], [ 73.91455448, 15.41372335 ], [ 73.92552197, 15.42281771 ], [ 73.92626107, 15.42984056 ], [ 73.93086672, 15.43504906 ], [ 73.93303275, 15.43646157 ], [ 73.94251394, 15.43825245 ], [ 73.94229293, 15.43654704 ], [ 73.93435335, 15.43475854 ], [ 73.9284296, 15.43162703 ], [ 73.92820942, 15.42312992 ], [ 73.92390037, 15.41727126 ], [ 73.92399275, 15.41204047 ], [ 73.92659712, 15.41021585 ], [ 73.93214905, 15.40972316 ], [ 73.93652844, 15.40743792 ], [ 73.94157171, 15.40787578 ], [ 73.94820476, 15.40572095 ], [ 73.95461822, 15.41277003 ], [ 73.96029425, 15.41201222 ], [ 73.96050692, 15.40799642 ], [ 73.95587206, 15.4082787 ], [ 73.95247591, 15.40491188 ], [ 73.95344603, 15.39794791 ], [ 73.95566905, 15.39487934 ], [ 73.95809817, 15.38767326 ], [ 73.95885181, 15.37428463 ], [ 73.96054637, 15.3722409 ], [ 73.96542251, 15.37000752 ], [ 73.97294354, 15.37046444 ], [ 73.97778547, 15.36907566 ], [ 73.98345995, 15.36460447 ], [ 73.98112237, 15.36820138 ], [ 73.97770417, 15.37071848 ], [ 73.97906435, 15.37329626 ], [ 73.98135996, 15.37359035 ], [ 73.98773265, 15.36316085 ], [ 73.98970008, 15.36236417 ], [ 73.9899435, 15.35929191 ], [ 73.99269664, 15.35838378 ], [ 73.99261344, 15.35690105 ], [ 73.99875104, 15.35383356 ], [ 74.00225163, 15.35030282 ], [ 74.00594544, 15.34844887 ], [ 74.00774455, 15.34361947 ], [ 74.00665498, 15.34137833 ], [ 74.00724173, 15.33452022 ], [ 74.00889981, 15.33471596 ], [ 74.01290107, 15.33870685 ], [ 74.01492774, 15.33887994 ], [ 74.01089275, 15.33307564 ], [ 74.00882554, 15.33233774 ], [ 74.00754464, 15.33305991 ], [ 74.01015794, 15.31688487 ], [ 74.01240861, 15.31154394 ], [ 74.01216841, 15.30561936 ], [ 74.01350105, 15.3044244 ], [ 74.02197838, 15.30252397 ], [ 74.02743745, 15.30314934 ], [ 74.03662753, 15.30740714 ], [ 74.03874004, 15.30743885 ], [ 74.04121971, 15.30603445 ], [ 74.04226565, 15.30187356 ], [ 74.04449725, 15.30003464 ], [ 74.05414534, 15.30103076 ], [ 74.06031942, 15.29972196 ], [ 74.06329787, 15.29889643 ], [ 74.06648934, 15.29749322 ], [ 74.07059038, 15.29433668 ], [ 74.07054675, 15.29393661 ], [ 74.06973374, 15.29296875 ], [ 74.06944442, 15.29296875 ], [ 74.06702912, 15.29542935 ], [ 74.06353354, 15.29709613 ], [ 74.06062055, 15.29792404 ], [ 74.05477512, 15.29907763 ], [ 74.04431903, 15.29862344 ], [ 74.03819883, 15.30641174 ], [ 74.02631032, 15.30058193 ], [ 74.01660526, 15.30142593 ], [ 74.01232624, 15.30304813 ], [ 74.01086342, 15.30934536 ], [ 74.00796807, 15.31003904 ], [ 74.00398767, 15.31428587 ], [ 74.00268137, 15.31336212 ], [ 73.99871707, 15.31679595 ], [ 73.99457634, 15.32508898 ], [ 73.99629486, 15.32806444 ], [ 74.00152504, 15.32950115 ], [ 74.00355065, 15.32191515 ], [ 74.00660455, 15.32119048 ], [ 74.00308871, 15.33344352 ], [ 74.00319815, 15.33783865 ], [ 74.00184321, 15.33542836 ], [ 73.99982846, 15.33466232 ], [ 74.00156927, 15.33472598 ], [ 74.00234497, 15.33188546 ], [ 74.00061142, 15.33004642 ], [ 73.99565613, 15.33080971 ], [ 73.99425507, 15.33324611 ], [ 73.99546313, 15.33518755 ], [ 74.001248, 15.33795786 ], [ 74.00145566, 15.34279418 ], [ 74.00390983, 15.34118867 ], [ 74.00507975, 15.34310126 ], [ 74.00460255, 15.34757245 ], [ 74.00193906, 15.34777164 ], [ 74.00080407, 15.34400821 ], [ 73.99572837, 15.34665561 ], [ 73.99280035, 15.34609151 ], [ 73.99247575, 15.34719324 ], [ 73.99461377, 15.34895945 ], [ 73.99815857, 15.34727943 ], [ 73.99960446, 15.34886193 ], [ 74.00204778, 15.34897673 ], [ 73.99034917, 15.35369384 ], [ 73.99145341, 15.35058832 ], [ 73.99329221, 15.35046995 ], [ 73.99056947, 15.34646332 ], [ 73.98901248, 15.34675777 ], [ 73.98753238, 15.34967875 ], [ 73.9856534, 15.35080373 ], [ 73.98139191, 15.35000086 ], [ 73.98076427, 15.35132122 ], [ 73.97895217, 15.35056353 ], [ 73.97788262, 15.35508525 ], [ 73.97255838, 15.35922241 ], [ 73.96754456, 15.36622286 ], [ 73.97683275, 15.36583126 ], [ 73.97713137, 15.36615145 ], [ 73.97668386, 15.36661482 ], [ 73.97474277, 15.36740136 ], [ 73.96613967, 15.36753178 ], [ 73.96571243, 15.36767888 ], [ 73.95774794, 15.37249196 ], [ 73.9574095, 15.37304962 ], [ 73.95300877, 15.38904202 ], [ 73.95055222, 15.39327335 ], [ 73.94916403, 15.40053284 ], [ 73.94870245, 15.40114152 ], [ 73.94763815, 15.40167093 ], [ 73.93899727, 15.40228164 ], [ 73.93327534, 15.40173924 ], [ 73.94102287, 15.40079176 ], [ 73.94006813, 15.39636874 ], [ 73.92908084, 15.39924681 ], [ 73.92865026, 15.39735556 ], [ 73.92606366, 15.39599335 ], [ 73.92229426, 15.3972404 ], [ 73.92035675, 15.39913845 ], [ 73.92764342, 15.40101671 ], [ 73.92878366, 15.40164804 ], [ 73.92876804, 15.40315163 ], [ 73.91738594, 15.40460885 ], [ 73.91662216, 15.40236127 ], [ 73.91557133, 15.40215075 ], [ 73.90756762, 15.40952575 ], [ 73.90631366, 15.40907896 ], [ 73.90663326, 15.40470922 ], [ 73.90191245, 15.40382111 ], [ 73.89279556, 15.40854764 ], [ 73.89162636, 15.40868354 ], [ 73.88816667, 15.40769684 ], [ 73.88639927, 15.40609372 ], [ 73.88640094, 15.40250993 ], [ 73.88251007, 15.39841688 ], [ 73.87919796, 15.39876366 ], [ 73.8766731, 15.39682674 ], [ 73.87264812, 15.39682925 ], [ 73.87157524, 15.39713597 ], [ 73.87111473, 15.39772665 ], [ 73.87134278, 15.40037835 ], [ 73.86522353, 15.40270603 ], [ 73.86157978, 15.40119398 ], [ 73.85893464, 15.39844 ], [ 73.85630155, 15.40062821 ], [ 73.85202801, 15.40209424 ], [ 73.84891236, 15.39991832 ], [ 73.84610558, 15.39974535 ], [ 73.84409416, 15.40213907 ], [ 73.84511971, 15.40355694 ], [ 73.84420347, 15.40833044 ], [ 73.84001565, 15.41079152 ], [ 73.83957374, 15.41084886 ], [ 73.83463645, 15.41000533 ], [ 73.83259344, 15.40670288 ], [ 73.828125, 15.40680802 ], [ 73.828125, 15.40429676 ], [ 73.828125, 15.40345967 ], [ 73.82772374, 15.40343905 ], [ 73.82400525, 15.40559173 ], [ 73.82301831, 15.40927184 ], [ 73.82189715, 15.41011465 ], [ 73.81847262, 15.41104436 ], [ 73.81646156, 15.41064882 ], [ 73.8160727, 15.41037357 ], [ 73.81656325, 15.40437734 ], [ 73.80983436, 15.40098691 ], [ 73.80749392, 15.40706134 ], [ 73.80113864, 15.41179764 ], [ 73.79721367, 15.41289675 ], [ 73.79213226, 15.41870105 ], [ 73.78975046, 15.41439652 ], [ 73.78451526, 15.41432703 ], [ 73.78300273, 15.41292083 ], [ 73.78276205, 15.41094816 ], [ 73.78809237, 15.40113294 ], [ 73.79027605, 15.39978874 ], [ 73.78912616, 15.39670634 ], [ 73.79117215, 15.39411712 ], [ 73.80337298, 15.39474046 ], [ 73.80639303, 15.39243937 ], [ 73.80787027, 15.38574207 ], [ 73.8070755, 15.37846637 ], [ 73.80829954, 15.37670231 ], [ 73.81275046, 15.37622321 ], [ 73.81437206, 15.37566614 ], [ 73.81464064, 15.37548995 ], [ 73.81551635, 15.37378836 ], [ 73.82082534, 15.37284124 ], [ 73.82154715, 15.37247264 ], [ 73.82230341, 15.37054801 ], [ 73.828125, 15.36914063 ], [ 73.83150637, 15.37073314 ], [ 73.83400655, 15.36939478 ], [ 73.83781958, 15.36219227 ], [ 73.84229636, 15.36027896 ], [ 73.85169315, 15.36090231 ], [ 73.85340238, 15.36540568 ], [ 73.85426128, 15.36600554 ], [ 73.86097884, 15.36562645 ], [ 73.86137414, 15.36573517 ], [ 73.86263812, 15.36673355 ], [ 73.86317134, 15.36923647 ], [ 73.86355186, 15.36938763 ], [ 73.87155271, 15.37046194 ], [ 73.87220216, 15.37034321 ], [ 73.87549353, 15.36793864 ], [ 73.88296723, 15.35706866 ], [ 73.88317084, 15.35672605 ], [ 73.89069891, 15.34164512 ], [ 73.89577878, 15.32929206 ], [ 73.89982414, 15.31792617 ], [ 73.89946401, 15.31645465 ], [ 73.90763116, 15.29296875 ], [ 73.91251612, 15.27968633 ], [ 73.92837822, 15.22581577 ], [ 73.93111885, 15.21189904 ], [ 73.93126917, 15.21135223 ], [ 73.93477738, 15.20214951 ], [ 73.93618405, 15.19254184 ], [ 73.94200516, 15.17166197 ], [ 73.94412076, 15.15863633 ], [ 73.94961095, 15.14385295 ], [ 73.94961262, 15.14385223 ], [ 73.95052314, 15.14399075 ], [ 73.95134652, 15.14660621 ], [ 73.95038974, 15.15155888 ], [ 73.95265794, 15.15771782 ], [ 73.95154607, 15.16057491 ], [ 73.94629836, 15.16671872 ], [ 73.94613945, 15.16700494 ], [ 73.94540668, 15.17066658 ], [ 73.94554281, 15.17113423 ], [ 73.94987798, 15.17402244 ], [ 73.9525876, 15.17407584 ], [ 73.95488393, 15.17209065 ], [ 73.95745957, 15.17159176 ], [ 73.95958447, 15.17814791 ], [ 73.96177888, 15.18000686 ], [ 73.96306705, 15.18367565 ], [ 73.96014214, 15.18679762 ], [ 73.96007323, 15.18798566 ], [ 73.96029127, 15.18865788 ], [ 73.96295393, 15.18868685 ], [ 73.96622777, 15.18213356 ], [ 73.96058345, 15.17677283 ], [ 73.96035886, 15.17632747 ], [ 73.96193051, 15.17467308 ], [ 73.96195507, 15.17429543 ], [ 73.96137071, 15.17199743 ], [ 73.96071458, 15.17135465 ], [ 73.95897984, 15.17056155 ], [ 73.9560796, 15.17051017 ], [ 73.95198834, 15.17208874 ], [ 73.94941175, 15.17145491 ], [ 73.94931424, 15.17111433 ], [ 73.95349312, 15.16115832 ], [ 73.95381486, 15.15741777 ], [ 73.95192885, 15.14848804 ], [ 73.95433915, 15.14337671 ], [ 73.95402014, 15.14012682 ], [ 73.94966054, 15.14217985 ], [ 73.94873273, 15.14249444 ], [ 73.94595706, 15.14227915 ], [ 73.94162238, 15.13579631 ], [ 73.93577266, 15.13317525 ], [ 73.9352777, 15.13238394 ], [ 73.93512773, 15.13186526 ], [ 73.93672526, 15.13152516 ], [ 73.94046855, 15.12739575 ], [ 73.94052458, 15.12710166 ], [ 73.93979585, 15.12474144 ], [ 73.94084251, 15.12001967 ], [ 73.94065118, 15.11950755 ], [ 73.93773031, 15.11838603 ], [ 73.93703127, 15.1171875 ], [ 73.93569553, 15.11244142 ], [ 73.93302715, 15.11346865 ], [ 73.91755426, 15.1082046 ], [ 73.91874242, 15.10720265 ], [ 73.92144465, 15.10736406 ], [ 73.92509592, 15.10423708 ], [ 73.92632997, 15.09696007 ], [ 73.92238176, 15.09182501 ], [ 73.91693115, 15.08897746 ], [ 73.91196156, 15.08413124 ], [ 73.91585195, 15.08411467 ], [ 73.91730642, 15.0830754 ], [ 73.92240226, 15.08573234 ], [ 73.92577791, 15.08556533 ], [ 73.92948592, 15.08316934 ], [ 73.92939127, 15.08097374 ], [ 73.93187678, 15.07799864 ], [ 73.93519735, 15.07805336 ], [ 73.94208455, 15.07492936 ], [ 73.94986391, 15.07484496 ], [ 73.95353961, 15.07290482 ], [ 73.95417178, 15.07021451 ], [ 73.95848632, 15.06997907 ], [ 73.96391666, 15.06598377 ], [ 73.96691406, 15.06549525 ], [ 73.96740305, 15.06435955 ], [ 73.96625745, 15.06240392 ], [ 73.97002995, 15.05948675 ], [ 73.97111964, 15.05223834 ], [ 73.97490525, 15.0502882 ], [ 73.98026848, 15.05201387 ], [ 73.98311067, 15.04997015 ], [ 73.98665476, 15.04311955 ], [ 73.9901098, 15.03369212 ], [ 73.98896468, 15.03045106 ], [ 73.98562932, 15.02879107 ], [ 73.98560357, 15.02559721 ], [ 73.98802233, 15.02377522 ], [ 73.98913455, 15.02018905 ], [ 73.99263644, 15.01805735 ], [ 73.99560201, 15.01905024 ], [ 73.99740577, 15.02122164 ], [ 73.99903154, 15.01857388 ], [ 74.00170147, 15.01844382 ], [ 74.00265694, 15.01649463 ], [ 74.00518835, 15.01606035 ], [ 74.00712097, 15.01778996 ], [ 74.00878644, 15.01437116 ], [ 74.01202798, 15.01210451 ], [ 74.01298332, 15.00995314 ], [ 74.01162016, 15.00861621 ], [ 74.01397312, 15.00653446 ], [ 74.01386893, 15.01043737 ], [ 74.01722705, 15.01388884 ], [ 74.01687741, 15.01256692 ], [ 74.0219748, 15.0113039 ], [ 74.02676952, 15.00675344 ], [ 74.02638495, 15.00406754 ], [ 74.02437246, 15.00290024 ], [ 74.02565861, 15.00073671 ], [ 74.02758181, 15.00243056 ], [ 74.02994823, 15.00105464 ], [ 74.028915593928858, 15.0 ], [ 69.713942604360867, 15.0 ], [ 69.72438176, 15.00829343 ], [ 69.72583704, 15.00944628 ], [ 69.72875246, 15.01174934 ], [ 69.7302114, 15.01289862 ], [ 69.73605693, 15.01749037 ], [ 69.73751917, 15.01863574 ], [ 69.74044769, 15.02092318 ], [ 69.74191278, 15.02206433 ], [ 69.75365778, 15.03118618 ], [ 69.7551262, 15.03232336 ], [ 69.75806787, 15.03459505 ], [ 69.75953991, 15.03572862 ], [ 69.76543779, 15.04025747 ], [ 69.76691308, 15.0413871 ], [ 69.76986769, 15.04364302 ], [ 69.77134579, 15.04476841 ], [ 69.78319478, 15.05376385 ], [ 69.78467616, 15.05488524 ], [ 69.78764373, 15.05712527 ], [ 69.7891287, 15.058243 ], [ 69.79507821, 15.06270838 ], [ 69.79656639, 15.06382213 ], [ 69.79954672, 15.06604626 ], [ 69.80103765, 15.06715574 ], [ 69.81298922, 15.07602368 ], [ 69.81448339, 15.07712912 ], [ 69.8174765, 15.07933722 ], [ 69.81897422, 15.08043897 ], [ 69.82497466, 15.08484033 ], [ 69.82647553, 15.08593807 ], [ 69.82948122, 15.08813013 ], [ 69.83098481, 15.08922356 ], [ 69.84303752, 15.09796291 ], [ 69.8445443, 15.09905227 ], [ 69.8475626, 15.10122817 ], [ 69.84907288, 15.1023138 ], [ 69.85512352, 15.1066506 ], [ 69.85663692, 15.10773219 ], [ 69.85966761, 15.10989191 ], [ 69.86118367, 15.11096917 ], [ 69.87333607, 15.11957884 ], [ 69.87485528, 15.12065199 ], [ 69.8778984, 15.12279541 ], [ 69.87942107, 15.1238648 ], [ 69.88552118, 15.1281365 ], [ 69.88704692, 15.12920181 ], [ 69.89010225, 15.13132893 ], [ 69.8916306, 15.13238987 ], [ 69.90388123, 15.14086881 ], [ 69.90541268, 15.14192562 ], [ 69.90848025, 15.1440363 ], [ 69.91001512, 15.14508931 ], [ 69.91616397, 15.14929538 ], [ 69.91770186, 15.15034427 ], [ 69.92078147, 15.15243853 ], [ 69.92232192, 15.15348303 ], [ 69.9346693, 15.16183018 ], [ 69.93621281, 15.16287052 ], [ 69.93930447, 15.1649482 ], [ 69.94085136, 15.1659847 ], [ 69.94704821, 15.17012463 ], [ 69.94859807, 15.17115698 ], [ 69.95170158, 15.17321811 ], [ 69.95325395, 15.17424604 ], [ 69.96569659, 15.18246038 ], [ 69.96725197, 15.18348411 ], [ 69.97036734, 15.18552854 ], [ 69.97192606, 15.1865484 ], [ 69.97817016, 15.19062168 ], [ 69.97973181, 15.19163736 ], [ 69.98285883, 15.1936651 ], [ 69.98442294, 15.19467634 ], [ 69.99695934, 15.20275685 ], [ 69.99852641, 15.20376385 ], [ 70.00166511, 15.20577477 ], [ 70.00323547, 15.20677786 ], [ 70.00952606, 15.21078399 ], [ 70.0110993, 15.21178287 ], [ 70.01424948, 15.21377699 ], [ 70.01582513, 15.2147714 ], [ 70.02845377, 15.22271708 ], [ 70.03003233, 15.22370723 ], [ 70.033194, 15.2256844 ], [ 70.03477581, 15.2266706 ], [ 70.04111213, 15.23060908 ], [ 70.04269678, 15.23159104 ], [ 70.04586972, 15.23355128 ], [ 70.04745672, 15.23452875 ], [ 70.06017607, 15.24233862 ], [ 70.06176594, 15.24331179 ], [ 70.06329272, 15.24431897 ], [ 70.06306462, 15.24522637 ], [ 70.0628539, 15.24610351 ], [ 70.06264272, 15.24698253 ], [ 70.06243162, 15.24786121 ], [ 70.06222052, 15.24873988 ], [ 70.06200951, 15.24961822 ], [ 70.06179841, 15.25049689 ], [ 70.06158685, 15.25137746 ], [ 70.06137612, 15.2522546 ], [ 70.06116502, 15.25313327 ], [ 70.06095391, 15.25401195 ], [ 70.06074289, 15.25489028 ], [ 70.06053179, 15.25576896 ], [ 70.0603206, 15.25664799 ], [ 70.06010912, 15.25752821 ], [ 70.05989838, 15.25840535 ], [ 70.05968727, 15.25928402 ], [ 70.05947624, 15.26016236 ], [ 70.05926513, 15.26104104 ], [ 70.05905357, 15.2619216 ], [ 70.05884282, 15.26279874 ], [ 70.05863171, 15.26367742 ], [ 70.05842068, 15.26455575 ], [ 70.05820956, 15.26543443 ], [ 70.05799836, 15.26631346 ], [ 70.05778724, 15.26719214 ], [ 70.05757575, 15.26807236 ], [ 70.057365, 15.2689495 ], [ 70.05715396, 15.26982784 ], [ 70.05694284, 15.27070652 ], [ 70.05673164, 15.27158554 ], [ 70.05652051, 15.27246422 ], [ 70.05630939, 15.27334291 ], [ 70.05609789, 15.27422313 ], [ 70.05588722, 15.27509993 ], [ 70.05567609, 15.27597861 ], [ 70.05546488, 15.27685763 ], [ 70.05525375, 15.27773632 ], [ 70.05504262, 15.278615 ], [ 70.05483157, 15.27949334 ], [ 70.05462007, 15.28037356 ], [ 70.05440922, 15.28125105 ], [ 70.05419809, 15.28212973 ], [ 70.05398695, 15.28300841 ], [ 70.05377582, 15.2838871 ], [ 70.05356476, 15.28476543 ], [ 70.05335362, 15.28564412 ], [ 70.05314203, 15.28652469 ], [ 70.05293126, 15.28740183 ], [ 70.05272012, 15.28828051 ], [ 70.05250906, 15.28915885 ], [ 70.05229792, 15.29003754 ], [ 70.05208669, 15.29091656 ], [ 70.05187555, 15.29179525 ], [ 70.05166403, 15.29267548 ], [ 70.05145326, 15.29355262 ], [ 70.05124219, 15.29443096 ], [ 70.05103104, 15.29530964 ], [ 70.05081981, 15.29618868 ], [ 70.05060829, 15.2970689 ], [ 70.05039751, 15.29794605 ], [ 70.05018636, 15.29882473 ], [ 70.04997529, 15.29970307 ], [ 70.04976413, 15.30058176 ], [ 70.04955289, 15.30146079 ], [ 70.04934174, 15.30233948 ], [ 70.04913021, 15.3032197 ], [ 70.04891951, 15.30409651 ], [ 70.04870835, 15.30497519 ], [ 70.0484971, 15.30585422 ], [ 70.04828594, 15.30673291 ], [ 70.04807478, 15.3076116 ], [ 70.04786362, 15.30849029 ], [ 70.04765217, 15.30937017 ], [ 70.04744137, 15.31024732 ], [ 70.04723012, 15.31112635 ], [ 70.04701896, 15.31200504 ], [ 70.04680779, 15.31288372 ], [ 70.04659662, 15.31376241 ], [ 70.04638554, 15.31464076 ], [ 70.04617399, 15.31552098 ], [ 70.04596311, 15.31639848 ], [ 70.04575194, 15.31727717 ], [ 70.04554077, 15.31815586 ], [ 70.04532967, 15.3190342 ], [ 70.0451185, 15.31991289 ], [ 70.04490724, 15.32079192 ], [ 70.04469569, 15.32167215 ], [ 70.04448489, 15.32254931 ], [ 70.04427371, 15.32342799 ], [ 70.04406261, 15.32430634 ], [ 70.04385143, 15.32518503 ], [ 70.04364016, 15.32606406 ], [ 70.04342898, 15.32694276 ], [ 70.04321743, 15.32782299 ], [ 70.04300661, 15.32870014 ], [ 70.04279551, 15.32957848 ], [ 70.04258432, 15.33045717 ], [ 70.04237305, 15.33133621 ], [ 70.0421615, 15.33221644 ], [ 70.04195068, 15.33309359 ], [ 70.04173957, 15.33397194 ], [ 70.04152838, 15.33485063 ], [ 70.0413171, 15.33572967 ], [ 70.04110591, 15.33660836 ], [ 70.04089471, 15.33748706 ], [ 70.04068315, 15.33836729 ], [ 70.04047241, 15.3392441 ], [ 70.04026121, 15.34012279 ], [ 70.04004993, 15.34100182 ], [ 70.03983873, 15.34188052 ], [ 70.03962753, 15.34275921 ], [ 70.03941633, 15.34363791 ], [ 70.03920484, 15.34451779 ], [ 70.03899401, 15.34539495 ], [ 70.03878272, 15.34627398 ], [ 70.03857152, 15.34715268 ], [ 70.03836031, 15.34803137 ], [ 70.03814919, 15.34890972 ], [ 70.03793798, 15.34978842 ], [ 70.03772632, 15.350669 ], [ 70.03751548, 15.35154615 ], [ 70.03730427, 15.35242485 ], [ 70.03709306, 15.35330354 ], [ 70.03688193, 15.35418189 ], [ 70.03667072, 15.35506059 ], [ 70.03645942, 15.35593963 ], [ 70.03624783, 15.35681986 ], [ 70.03603699, 15.35769702 ], [ 70.03582577, 15.35857572 ], [ 70.03561464, 15.35945407 ], [ 70.03540342, 15.36033276 ], [ 70.03519212, 15.3612118 ], [ 70.03498089, 15.3620905 ], [ 70.0347693, 15.36297074 ], [ 70.03455853, 15.36384755 ], [ 70.03434731, 15.36472624 ], [ 70.034136, 15.36560529 ], [ 70.03392478, 15.36648399 ], [ 70.03371318, 15.36736422 ], [ 70.03350232, 15.36824138 ], [ 70.03329118, 15.36911973 ], [ 70.03307995, 15.36999843 ], [ 70.03286864, 15.37087747 ], [ 70.0326574, 15.37175617 ], [ 70.03244617, 15.37263487 ], [ 70.03223465, 15.37351476 ], [ 70.03202379, 15.37439192 ], [ 70.03181247, 15.37527097 ], [ 70.03160123, 15.37614967 ], [ 70.03139, 15.37702837 ], [ 70.03117876, 15.37790706 ], [ 70.0309676, 15.37878542 ], [ 70.03075599, 15.37966566 ], [ 70.03054504, 15.38054316 ], [ 70.0303338, 15.38142186 ], [ 70.03012256, 15.38230056 ], [ 70.02991131, 15.38317926 ], [ 70.02970015, 15.38405762 ], [ 70.02948891, 15.38493632 ], [ 70.02927721, 15.3858169 ], [ 70.02906633, 15.38669407 ], [ 70.02885508, 15.38757276 ], [ 70.02864391, 15.38845112 ], [ 70.02843267, 15.38932982 ], [ 70.02822133, 15.39020887 ], [ 70.02801008, 15.39108757 ], [ 70.02779846, 15.39196781 ], [ 70.02758757, 15.39284498 ], [ 70.0273764, 15.39372333 ], [ 70.02716514, 15.39460203 ], [ 70.0269538, 15.39548108 ], [ 70.02674255, 15.39635978 ], [ 70.02653129, 15.39723849 ], [ 70.02631966, 15.39811873 ], [ 70.02610885, 15.39899555 ], [ 70.02589759, 15.39987425 ], [ 70.02568624, 15.4007533 ], [ 70.02547498, 15.401632 ], [ 70.02526335, 15.40251224 ], [ 70.02505253, 15.40338906 ], [ 70.02484127, 15.40426777 ], [ 70.02462992, 15.40514681 ], [ 70.02441865, 15.40602552 ], [ 70.02420738, 15.40690422 ], [ 70.02399611, 15.40778293 ], [ 70.02378455, 15.40866283 ], [ 70.02357365, 15.40953999 ], [ 70.02336229, 15.41041904 ], [ 70.02315102, 15.41129775 ], [ 70.02293974, 15.41217645 ], [ 70.02272847, 15.41305516 ], [ 70.02251727, 15.41393352 ], [ 70.02230563, 15.41481376 ], [ 70.02209463, 15.41569127 ], [ 70.02188335, 15.41656998 ], [ 70.02167207, 15.41744868 ], [ 70.02146136, 15.41832503 ], [ 70.02058873, 15.42200089 ], [ 70.01974268, 15.42561107 ], [ 70.01962057, 15.42611263 ], [ 70.01940666, 15.42699131 ], [ 70.01919294, 15.42786916 ], [ 70.01897892, 15.42874826 ], [ 70.01876526, 15.4296259 ], [ 70.01855134, 15.43050456 ], [ 70.01833752, 15.43138284 ], [ 70.01812368, 15.43226119 ], [ 70.0179105, 15.43313683 ], [ 70.01769781, 15.43401045 ], [ 70.01745072, 15.4350289 ], [ 70.01695814, 15.4370663 ], [ 70.01671273, 15.43808491 ], [ 70.01573406, 15.4421613 ], [ 70.01549028, 15.44318028 ], [ 70.01500422, 15.44521915 ], [ 70.01476202, 15.44623871 ], [ 70.01455522, 15.44711238 ], [ 70.0143471, 15.4479916 ], [ 70.0141388, 15.4488716 ], [ 70.01393096, 15.44974963 ], [ 70.01372187, 15.45063294 ], [ 70.01351433, 15.4515097 ], [ 70.01330601, 15.45238974 ], [ 70.01309775, 15.45326953 ], [ 70.01288952, 15.45414918 ], [ 70.01278704, 15.45458212 ], [ 70.01218381, 15.45700208 ], [ 70.01089481, 15.46226574 ], [ 70.01068425, 15.46314126 ], [ 70.01047292, 15.46401997 ], [ 70.01026151, 15.46489903 ], [ 70.01005017, 15.46577775 ], [ 70.00983884, 15.46665646 ], [ 70.0096275, 15.46753518 ], [ 70.00941588, 15.46841508 ], [ 70.00920492, 15.46929226 ], [ 70.00899349, 15.47017132 ], [ 70.00878216, 15.47105003 ], [ 70.00857082, 15.47192875 ], [ 70.00835956, 15.47280712 ], [ 70.00814822, 15.47368584 ], [ 70.00793642, 15.47456643 ], [ 70.00772545, 15.47544361 ], [ 70.0075141, 15.47632233 ], [ 70.00730276, 15.47720104 ], [ 70.00709149, 15.47807942 ], [ 70.00687978, 15.47895967 ], [ 70.00666872, 15.4798372 ], [ 70.00645737, 15.48071591 ], [ 70.00624602, 15.48159463 ], [ 70.00603467, 15.48247334 ], [ 70.00582349, 15.48335135 ], [ 70.00342336, 15.49369904 ], [ 70.00205275, 15.49926733 ], [ 70.00138471, 15.5019983 ], [ 70.00046425, 15.50579664 ], [ 70.00018373, 15.50695726 ], [ 69.99955063, 15.50958433 ], [ 69.99895621, 15.51204048 ], [ 69.99843252, 15.51422071 ], [ 69.9982234, 15.51509792 ], [ 69.99801396, 15.5159765 ], [ 69.99780486, 15.5168536 ], [ 69.99759581, 15.51773051 ], [ 69.99712073, 15.51973733 ], [ 69.9962969, 15.52378825 ], [ 69.99605179, 15.5248364 ], [ 69.99589832, 15.52545363 ], [ 69.99342785, 15.53521642 ], [ 69.99318659, 15.536087 ], [ 69.99297052, 15.53696475 ], [ 69.99275463, 15.53784176 ], [ 69.99253822, 15.53872089 ], [ 69.99232246, 15.53959737 ], [ 69.99210649, 15.54047471 ], [ 69.99189041, 15.54135245 ], [ 69.99167452, 15.54222947 ], [ 69.99145846, 15.54310717 ], [ 69.99124239, 15.54398487 ], [ 69.99102593, 15.54486418 ], [ 69.99081876, 15.54574222 ], [ 69.99061127, 15.54662163 ], [ 69.99040376, 15.54750112 ], [ 69.99019627, 15.54838047 ], [ 69.98998826, 15.54926209 ], [ 69.98978106, 15.55014027 ], [ 69.98957356, 15.55101967 ], [ 69.98936597, 15.55189948 ], [ 69.98915855, 15.55277856 ], [ 69.98895097, 15.55365833 ], [ 69.98874338, 15.5545381 ], [ 69.98853545, 15.55541936 ], [ 69.98832824, 15.55629753 ], [ 69.98812082, 15.55717661 ], [ 69.98791323, 15.55805638 ], [ 69.98770564, 15.55893615 ], [ 69.98749805, 15.55981597 ], [ 69.98729054, 15.56069538 ], [ 69.9870761, 15.56160531 ], [ 69.98686649, 15.56244994 ], [ 69.98667901, 15.56333322 ], [ 69.98649062, 15.56421669 ], [ 69.98630141, 15.56509965 ], [ 69.98608088, 15.5659756 ], [ 69.98590077, 15.56686003 ], [ 69.98568922, 15.56773889 ], [ 69.98531771, 15.568588 ], [ 69.98510619, 15.56946708 ], [ 69.98489474, 15.57034581 ], [ 69.98468329, 15.57122454 ], [ 69.98447193, 15.57210293 ], [ 69.98426048, 15.57298166 ], [ 69.98404857, 15.57386228 ], [ 69.98383749, 15.57473947 ], [ 69.98362604, 15.57561821 ], [ 69.98341459, 15.57649694 ], [ 69.98320322, 15.57737533 ], [ 69.98299176, 15.57825406 ], [ 69.98278022, 15.57913314 ], [ 69.98256839, 15.58001341 ], [ 69.98235731, 15.58089061 ], [ 69.98214585, 15.58176934 ], [ 69.98193447, 15.58264772 ], [ 69.980714, 15.58803109 ], [ 69.98049961, 15.58890128 ], [ 69.98028332, 15.58977916 ], [ 69.98006709, 15.59065686 ], [ 69.97985077, 15.59153484 ], [ 69.9796345, 15.59241267 ], [ 69.97941821, 15.59329059 ], [ 69.97920201, 15.59416812 ], [ 69.97898587, 15.59504539 ], [ 69.97876955, 15.5959234 ], [ 69.97855335, 15.59680091 ], [ 69.97833707, 15.59767874 ], [ 69.97812122, 15.59855485 ], [ 69.97790532, 15.59943113 ], [ 69.97644515, 15.60548137 ], [ 69.97623795, 15.60635818 ], [ 69.97603011, 15.60723767 ], [ 69.97582218, 15.6081176 ], [ 69.97561432, 15.60899717 ], [ 69.97540649, 15.60987665 ], [ 69.97519873, 15.6107558 ], [ 69.97499015, 15.61163845 ], [ 69.97478281, 15.61251583 ], [ 69.97457487, 15.61339573 ], [ 69.97436704, 15.61427519 ], [ 69.9741592, 15.61515468 ], [ 69.97395115, 15.61603507 ], [ 69.97374339, 15.61691422 ], [ 69.97353491, 15.61779639 ], [ 69.97332754, 15.61867392 ], [ 69.97311972, 15.6195533 ], [ 69.97292952, 15.62035814 ], [ 69.97274531, 15.62113679 ], [ 69.97245339, 15.6223963 ], [ 69.97114857, 15.62746412 ], [ 69.97093716, 15.62834245 ], [ 69.97072565, 15.6292212 ], [ 69.97051414, 15.63009994 ], [ 69.97030262, 15.63097868 ], [ 69.97009082, 15.63185862 ], [ 69.96987968, 15.63273582 ], [ 69.96966808, 15.63361491 ], [ 69.96945656, 15.63449365 ], [ 69.96924505, 15.6353724 ], [ 69.96903353, 15.63625114 ], [ 69.96882209, 15.63712954 ], [ 69.9686102, 15.63800982 ], [ 69.96839897, 15.63888737 ], [ 69.96818745, 15.63976611 ], [ 69.96797592, 15.64064486 ], [ 69.96776448, 15.64152326 ], [ 69.96755296, 15.642402 ], [ 69.96734135, 15.64328109 ], [ 69.96712945, 15.64416137 ], [ 69.96691829, 15.64503858 ], [ 69.96670676, 15.64591733 ], [ 69.96649532, 15.64679573 ], [ 69.96628379, 15.64767447 ], [ 69.96607217, 15.64855356 ], [ 69.96586064, 15.64943231 ], [ 69.96564874, 15.65031259 ], [ 69.96543757, 15.6511898 ], [ 69.96522612, 15.6520682 ], [ 69.96501458, 15.65294694 ], [ 69.96480296, 15.65382604 ], [ 69.96459105, 15.65470632 ], [ 69.96437988, 15.65558353 ], [ 69.96416843, 15.65646193 ], [ 69.96395689, 15.65734068 ], [ 69.96374526, 15.65821977 ], [ 69.96353372, 15.65909852 ], [ 69.96332217, 15.65997727 ], [ 69.96311026, 15.66085755 ], [ 69.96289917, 15.66173442 ], [ 69.96268762, 15.66261316 ], [ 69.96247599, 15.66349225 ], [ 69.96226444, 15.664371 ], [ 69.96205289, 15.66524975 ], [ 69.96184134, 15.6661285 ], [ 69.9616295, 15.66700844 ], [ 69.96141832, 15.66788565 ], [ 69.96120668, 15.66876475 ], [ 69.96099513, 15.66964349 ], [ 69.96078357, 15.67052224 ], [ 69.9605721, 15.67140065 ], [ 69.96036054, 15.6722794 ], [ 69.96014853, 15.67316003 ], [ 69.95993734, 15.67403724 ], [ 69.95972578, 15.67491599 ], [ 69.95951422, 15.67579474 ], [ 69.95930274, 15.67667315 ], [ 69.95909118, 15.6775519 ], [ 69.95887953, 15.67843099 ], [ 69.95866759, 15.67931128 ], [ 69.9584564, 15.68018849 ], [ 69.95824491, 15.6810669 ], [ 69.95803335, 15.68194565 ], [ 69.95782169, 15.68282475 ], [ 69.95761012, 15.6837035 ], [ 69.95739855, 15.68458225 ], [ 69.95718661, 15.68546254 ], [ 69.95697549, 15.68633941 ], [ 69.95676392, 15.68721816 ], [ 69.95655226, 15.68809726 ], [ 69.95634068, 15.68897601 ], [ 69.95612911, 15.68985476 ], [ 69.95591753, 15.69073352 ], [ 69.95570566, 15.69161346 ], [ 69.95549445, 15.69249068 ], [ 69.95528279, 15.69336977 ], [ 69.95507121, 15.69424853 ], [ 69.95485963, 15.69512728 ], [ 69.95464776, 15.69600723 ], [ 69.95443654, 15.69688444 ], [ 69.95422488, 15.69776354 ], [ 69.95401329, 15.69864229 ], [ 69.9538017, 15.69952105 ], [ 69.95359011, 15.7003998 ], [ 69.95337861, 15.70127821 ], [ 69.95316665, 15.7021585 ], [ 69.95295534, 15.70303607 ], [ 69.95274375, 15.70391482 ], [ 69.95253216, 15.70479357 ], [ 69.95232057, 15.70567233 ], [ 69.95210905, 15.70655074 ], [ 69.95189746, 15.7074295 ], [ 69.95168541, 15.70831013 ], [ 69.95147418, 15.70918735 ], [ 69.95126258, 15.71006611 ], [ 69.95105107, 15.71094452 ], [ 69.95083946, 15.71182327 ], [ 69.95062778, 15.71270237 ], [ 69.95041618, 15.71358113 ], [ 69.9502042, 15.71446143 ], [ 69.94999297, 15.71533865 ], [ 69.94978145, 15.71621706 ], [ 69.94956984, 15.71709581 ], [ 69.94935815, 15.71797492 ], [ 69.94914654, 15.71885367 ], [ 69.94893493, 15.71973243 ], [ 69.94872295, 15.72061273 ], [ 69.9485118, 15.7214896 ], [ 69.94830018, 15.72236836 ], [ 69.94808849, 15.72324746 ], [ 69.94787687, 15.72412622 ], [ 69.94766526, 15.72500498 ], [ 69.94745372, 15.72588339 ], [ 69.94724174, 15.72676369 ], [ 69.94703041, 15.72764126 ], [ 69.94681879, 15.72852001 ], [ 69.94660717, 15.72939877 ], [ 69.94639555, 15.73027753 ], [ 69.94618364, 15.73115748 ], [ 69.94597239, 15.73203471 ], [ 69.94576068, 15.73291381 ], [ 69.94554906, 15.73379257 ], [ 69.94533743, 15.73467133 ], [ 69.9451258, 15.73555009 ], [ 69.94491426, 15.73642851 ], [ 69.94470226, 15.7373088 ], [ 69.94449092, 15.73818637 ], [ 69.94427929, 15.73906513 ], [ 69.94406766, 15.73994389 ], [ 69.94385611, 15.74082231 ], [ 69.94364448, 15.74170107 ], [ 69.94343276, 15.74258018 ], [ 69.94322075, 15.74346048 ], [ 69.94300949, 15.7443377 ], [ 69.94279785, 15.74521646 ], [ 69.9425863, 15.74609488 ], [ 69.94237466, 15.74697364 ], [ 69.94216293, 15.74785275 ], [ 69.94195129, 15.74873151 ], [ 69.94173928, 15.74961181 ], [ 69.94152809, 15.75048869 ], [ 69.94131645, 15.75136745 ], [ 69.94110472, 15.75224656 ], [ 69.94089307, 15.75312532 ], [ 69.94068143, 15.75400409 ], [ 69.94046978, 15.75488285 ], [ 69.94025785, 15.75576281 ], [ 69.94004657, 15.75664004 ], [ 69.93982189, 15.75757287 ], [ 69.9390094, 15.76077307 ], [ 69.93861847, 15.76231794 ], [ 69.93784016, 15.76540943 ], [ 69.9374529, 15.76695557 ], [ 69.93723654, 15.76782391 ], [ 69.93701949, 15.76869496 ], [ 69.93680193, 15.76956809 ], [ 69.93658488, 15.77043918 ], [ 69.93636759, 15.77131121 ], [ 69.9361504, 15.77218282 ], [ 69.93562343, 15.7743129 ], [ 69.93457661, 15.77857484 ], [ 69.93405684, 15.78070643 ], [ 69.93298701, 15.7851259 ], [ 69.93257923, 15.78681082 ], [ 69.93220563, 15.78832808 ], [ 69.93186942, 15.78969989 ], [ 69.93119937, 15.79244662 ], [ 69.93085667, 15.79385825 ], [ 69.93065485, 15.79469363 ], [ 69.92861312, 15.80298645 ], [ 69.92791318, 15.80585717 ], [ 69.92649826, 15.81171771 ], [ 69.92579775, 15.81464872 ], [ 69.9230209, 15.82638644 ], [ 69.92233375, 15.82932105 ], [ 69.92097264, 15.8351948 ], [ 69.92029912, 15.83813204 ], [ 69.91656556, 15.85458704 ], [ 69.91610259, 15.85664271 ], [ 69.91518278, 15.86075768 ], [ 69.91472632, 15.8628153 ], [ 69.91291278, 15.87105297 ], [ 69.91246296, 15.87311197 ], [ 69.91156972, 15.87723243 ], [ 69.91112667, 15.87929222 ], [ 69.9076054, 15.89579109 ], [ 69.90732784, 15.89709806 ], [ 69.90677491, 15.89971477 ], [ 69.90649987, 15.90102304 ], [ 69.90540427, 15.90626081 ], [ 69.90513185, 15.9075698 ], [ 69.90458956, 15.91018903 ], [ 69.90431991, 15.91149819 ], [ 69.90217112, 15.92198422 ], [ 69.90179239, 15.9238461 ], [ 69.90104008, 15.92757232 ], [ 69.90066674, 15.92943543 ], [ 69.89918353, 15.93689334 ], [ 69.89872421, 15.93922504 ], [ 69.89781388, 15.94389102 ], [ 69.89736299, 15.94622466 ], [ 69.89696057, 15.94832851 ], [ 69.89669314, 15.94973185 ], [ 69.89506679, 15.95829944 ], [ 69.89486044, 15.95939157 ], [ 69.89450781, 15.96126668 ], [ 69.89433086, 15.96221141 ], [ 69.89352469, 15.96653371 ], [ 69.89337954, 15.96731585 ], [ 69.89300212, 15.96935712 ], [ 69.89281448, 15.97037648 ], [ 69.88899985, 15.99119059 ], [ 69.88842181, 15.99438925 ], [ 69.8872812, 16.00079208 ], [ 69.88671904, 16.00399396 ], [ 69.88450125, 16.01681279 ], [ 69.88395508, 16.02001709 ], [ 69.88287845, 16.02642995 ], [ 69.88234843, 16.02963589 ], [ 69.87816826, 16.05531537 ], [ 69.87762434, 16.05871291 ], [ 69.87655394, 16.06551412 ], [ 69.87602788, 16.06891513 ], [ 69.8739585, 16.08253128 ], [ 69.87345035, 16.08593521 ], [ 69.8724518, 16.0927474 ], [ 69.87196168, 16.09615372 ], [ 69.86984425, 16.11115081 ], [ 69.86975729, 16.11176887 ], [ 69.86838178, 16.12111134 ], [ 69.86807094, 16.12324707 ], [ 69.86744339, 16.12760958 ], [ 69.86713339, 16.12979074 ], [ 69.86590737, 16.13852296 ], [ 69.86560465, 16.14070589 ], [ 69.86500644, 16.14507388 ], [ 69.86471104, 16.14725829 ], [ 69.86459188, 16.14815091 ], [ 69.8644724, 16.14904589 ], [ 69.86435312, 16.14993934 ], [ 69.86423407, 16.15083108 ], [ 69.8641148, 16.15172446 ], [ 69.86399532, 16.15261944 ], [ 69.86387605, 16.15351281 ], [ 69.86375696, 16.15440481 ], [ 69.86363747, 16.15529979 ], [ 69.86351821, 16.15619303 ], [ 69.86339915, 16.15708479 ], [ 69.86327988, 16.15797818 ], [ 69.86316039, 16.15887316 ], [ 69.86304113, 16.15976638 ], [ 69.86292204, 16.16065835 ], [ 69.86280276, 16.16155174 ], [ 69.86268326, 16.16244671 ], [ 69.86256399, 16.16334 ], [ 69.8624449, 16.1642319 ], [ 69.86232562, 16.16512529 ], [ 69.86220612, 16.16602027 ], [ 69.86208684, 16.16691358 ], [ 69.86196776, 16.16780546 ], [ 69.86184857, 16.16869808 ], [ 69.86155102, 16.17095667 ], [ 69.86096383, 16.17547495 ], [ 69.86073167, 16.17728112 ], [ 69.86066891, 16.17773964 ], [ 69.86055632, 16.17856081 ], [ 69.86010789, 16.18184675 ], [ 69.85999637, 16.18266786 ], [ 69.85977431, 16.18431066 ], [ 69.85966387, 16.18513168 ], [ 69.85878374, 16.19170579 ], [ 69.85867434, 16.19252694 ], [ 69.85845646, 16.19417025 ], [ 69.85834807, 16.19499175 ], [ 69.85791639, 16.1982798 ], [ 69.85780902, 16.19910162 ], [ 69.85759528, 16.20074584 ], [ 69.85748894, 16.20156796 ], [ 69.85737341, 16.20246566 ], [ 69.85725844, 16.20335905 ], [ 69.85714411, 16.20424736 ], [ 69.85702835, 16.20514678 ], [ 69.85691328, 16.20604094 ], [ 69.85679876, 16.20693073 ], [ 69.8566837, 16.20782465 ], [ 69.85656813, 16.20872266 ], [ 69.85645305, 16.20961681 ], [ 69.85633854, 16.21050647 ], [ 69.85621528, 16.21146412 ], [ 69.85597061, 16.21335514 ], [ 69.85584035, 16.21429555 ], [ 69.85572417, 16.21518986 ], [ 69.85559313, 16.21608027 ], [ 69.85546938, 16.21697366 ], [ 69.85534551, 16.2178679 ], [ 69.85522718, 16.21876182 ], [ 69.85509828, 16.21965262 ], [ 69.85497453, 16.22054601 ], [ 69.85485065, 16.22144025 ], [ 69.85473012, 16.22233424 ], [ 69.85460322, 16.22322644 ], [ 69.8544795, 16.22411952 ], [ 69.85435746, 16.22501243 ], [ 69.85423227, 16.22590424 ], [ 69.85410894, 16.22679448 ], [ 69.85398547, 16.22768577 ], [ 69.85349184, 16.2313247 ], [ 69.85274267, 16.23696694 ], [ 69.85265978, 16.2375936 ], [ 69.85254221, 16.23848563 ], [ 69.85245794, 16.23912752 ], [ 69.85236835, 16.23981084 ], [ 69.85205094, 16.24224585 ], [ 69.85193624, 16.24313881 ], [ 69.85182143, 16.2440327 ], [ 69.85170922, 16.24492881 ], [ 69.85159155, 16.24582245 ], [ 69.85147685, 16.24671543 ], [ 69.85136203, 16.2476093 ], [ 69.85103718, 16.25025812 ], [ 69.8507161, 16.25244596 ], [ 69.85020125, 16.256791 ], [ 69.84963618, 16.26073033 ], [ 69.8494862, 16.26162044 ], [ 69.84938578, 16.26251685 ], [ 69.84924, 16.26340464 ], [ 69.8491168, 16.26429748 ], [ 69.8489934, 16.2651918 ], [ 69.8488854, 16.26608691 ], [ 69.8487472, 16.266976 ], [ 69.84862379, 16.26787032 ], [ 69.84851007, 16.2687647 ], [ 69.84837759, 16.26965452 ], [ 69.84825439, 16.27054736 ], [ 69.84813098, 16.27144168 ], [ 69.84800966, 16.27233487 ], [ 69.84788476, 16.27322591 ], [ 69.84777018, 16.27411984 ], [ 69.8476554, 16.27501529 ], [ 69.84754803, 16.27591021 ], [ 69.84742641, 16.27680173 ], [ 69.84731182, 16.2776957 ], [ 69.84719704, 16.27859114 ], [ 69.84709927, 16.27948748 ], [ 69.84696802, 16.28037778 ], [ 69.84685345, 16.28127155 ], [ 69.84673867, 16.282167 ], [ 69.84665057, 16.28306418 ], [ 69.84650967, 16.28395345 ], [ 69.84639488, 16.28484889 ], [ 69.84631402, 16.28574696 ], [ 69.84616588, 16.28663534 ], [ 69.84605128, 16.2875293 ], [ 69.84593649, 16.28842475 ], [ 69.84582469, 16.28931658 ], [ 69.84570457, 16.29020826 ], [ 69.84559982, 16.29110295 ], [ 69.84549038, 16.29199883 ], [ 69.84541036, 16.29288563 ], [ 69.84513817, 16.29377409 ], [ 69.84501874, 16.29466749 ], [ 69.8448991, 16.29556248 ], [ 69.84477968, 16.29645581 ], [ 69.84466045, 16.29734769 ], [ 69.84454101, 16.29824109 ], [ 69.84442137, 16.29913608 ], [ 69.84430194, 16.30002942 ], [ 69.84418271, 16.3009213 ], [ 69.84406306, 16.30181628 ], [ 69.84394362, 16.30270969 ], [ 69.84382439, 16.3036015 ], [ 69.84370496, 16.3044949 ], [ 69.8435853, 16.30538989 ], [ 69.84346584, 16.30628347 ], [ 69.84284841, 16.3115365 ], [ 69.8427431, 16.312298 ], [ 69.84261937, 16.31319232 ], [ 69.84251203, 16.31408795 ], [ 69.84237248, 16.31497691 ], [ 69.84224891, 16.31587006 ], [ 69.84212519, 16.31676437 ], [ 69.84201375, 16.31765969 ], [ 69.84187819, 16.31854965 ], [ 69.84175454, 16.31944341 ], [ 69.84164011, 16.32033787 ], [ 69.84150764, 16.321228 ], [ 69.84138406, 16.32212115 ], [ 69.84126033, 16.32301547 ], [ 69.84114186, 16.32390915 ], [ 69.84101342, 16.32480006 ], [ 69.84088985, 16.32569321 ], [ 69.84076611, 16.32658753 ], [ 69.84064932, 16.32744886 ], [ 69.84056796, 16.3280474 ], [ 69.84044717, 16.32894049 ], [ 69.83968023, 16.33466228 ], [ 69.83956552, 16.33555566 ], [ 69.83945065, 16.33645024 ], [ 69.83933925, 16.33734566 ], [ 69.83922104, 16.33823845 ], [ 69.8391063, 16.33913203 ], [ 69.83899142, 16.34002668 ], [ 69.83888475, 16.34092226 ], [ 69.8387619, 16.3418141 ], [ 69.83864699, 16.34270901 ], [ 69.83854382, 16.34360508 ], [ 69.83841737, 16.34449713 ], [ 69.83830259, 16.345391 ], [ 69.8381853, 16.34630753 ], [ 69.83737321, 16.35184536 ], [ 69.83725373, 16.35273866 ], [ 69.83713402, 16.35363365 ], [ 69.83701453, 16.35452706 ], [ 69.83689525, 16.35541887 ], [ 69.83677575, 16.35631228 ], [ 69.83665604, 16.35720727 ], [ 69.83653654, 16.35810068 ], [ 69.83641725, 16.3589925 ], [ 69.83629754, 16.35988749 ], [ 69.83617805, 16.36078076 ], [ 69.83605874, 16.36167271 ], [ 69.83593924, 16.36256612 ], [ 69.83581952, 16.36346111 ], [ 69.83570001, 16.36435458 ], [ 69.83558072, 16.36524634 ], [ 69.83546121, 16.36613974 ], [ 69.83534149, 16.36703474 ], [ 69.83522199, 16.36792809 ], [ 69.83510268, 16.36881996 ], [ 69.83498317, 16.36971337 ], [ 69.83486344, 16.37060836 ], [ 69.83474393, 16.37150175 ], [ 69.83462463, 16.37239359 ], [ 69.83450509, 16.37328718 ], [ 69.83438536, 16.37418218 ], [ 69.83426588, 16.37507525 ], [ 69.83414656, 16.37596722 ], [ 69.83402682, 16.37686221 ], [ 69.83390729, 16.37775572 ], [ 69.83378799, 16.37864744 ], [ 69.83366847, 16.37954084 ], [ 69.83354873, 16.38043584 ], [ 69.8334292, 16.38132933 ], [ 69.83330989, 16.38222107 ], [ 69.83319037, 16.38311447 ], [ 69.83307063, 16.38400947 ], [ 69.8329511, 16.38490288 ], [ 69.83283178, 16.3857947 ], [ 69.83271225, 16.38668811 ], [ 69.8325925, 16.3875831 ], [ 69.83247297, 16.38847653 ], [ 69.83235365, 16.38936833 ], [ 69.83223412, 16.39026174 ], [ 69.83211437, 16.39115673 ], [ 69.83199482, 16.3920502 ], [ 69.8318755, 16.39294196 ], [ 69.83175575, 16.39383696 ], [ 69.83163622, 16.3947303 ], [ 69.83151688, 16.39562219 ], [ 69.83139734, 16.3965156 ], [ 69.83127759, 16.39741059 ], [ 69.83115803, 16.39830407 ], [ 69.83103871, 16.39919582 ], [ 69.83091916, 16.40008923 ], [ 69.8307994, 16.40098423 ], [ 69.83067986, 16.40187762 ], [ 69.83056052, 16.40276946 ], [ 69.83044097, 16.40366287 ], [ 69.83032118, 16.40455805 ], [ 69.83020163, 16.40545149 ], [ 69.83008232, 16.4063431 ], [ 69.82996276, 16.40723651 ], [ 69.82984299, 16.40813151 ], [ 69.82972345, 16.40902485 ], [ 69.82960409, 16.40991674 ], [ 69.82948454, 16.41081015 ], [ 69.82936476, 16.41170515 ], [ 69.82924519, 16.41259865 ], [ 69.82912586, 16.41349038 ], [ 69.82900608, 16.41438538 ], [ 69.82888649, 16.41527898 ], [ 69.82876717, 16.41617061 ], [ 69.8286476, 16.41706402 ], [ 69.82852782, 16.41795902 ], [ 69.82840827, 16.41885231 ], [ 69.8282889, 16.41974425 ], [ 69.82816933, 16.42063766 ], [ 69.82804955, 16.42153266 ], [ 69.82792998, 16.42242608 ], [ 69.82781062, 16.4233179 ], [ 69.82769105, 16.42421131 ], [ 69.82757126, 16.42510631 ], [ 69.82745168, 16.42599975 ], [ 69.82733233, 16.42689154 ], [ 69.82721275, 16.42778495 ], [ 69.82709296, 16.42867995 ], [ 69.82697337, 16.42957342 ], [ 69.82685401, 16.43046519 ], [ 69.82673422, 16.43136019 ], [ 69.82661463, 16.43225363 ], [ 69.82649527, 16.43314542 ], [ 69.82637568, 16.43403883 ], [ 69.82625589, 16.43493383 ], [ 69.82613628, 16.43582743 ], [ 69.8260169, 16.43671925 ], [ 69.82589734, 16.43761248 ], [ 69.82577754, 16.43850748 ], [ 69.82565794, 16.43940099 ], [ 69.82553857, 16.44029272 ], [ 69.82541898, 16.44118613 ], [ 69.82529917, 16.44208113 ], [ 69.82517958, 16.44297452 ], [ 69.8250602, 16.44386637 ], [ 69.8249406, 16.44475978 ], [ 69.82482079, 16.44565479 ], [ 69.82491999, 16.4462092 ], [ 69.82481352, 16.44657606 ], [ 69.82468642, 16.44726483 ], [ 69.82451816, 16.44814855 ], [ 69.82434996, 16.44903215 ], [ 69.82417357, 16.44987422 ], [ 69.82399479, 16.45082904 ], [ 69.82371787, 16.45147359 ], [ 69.82350034, 16.4523505 ], [ 69.82328302, 16.45322658 ], [ 69.8230654, 16.45410384 ], [ 69.82284748, 16.45498228 ], [ 69.82262986, 16.45585954 ], [ 69.82241253, 16.45673563 ], [ 69.82219491, 16.45761289 ], [ 69.82196836, 16.45852613 ], [ 69.82113867, 16.46149787 ], [ 69.81977357, 16.46644898 ], [ 69.81424837, 16.48679843 ], [ 69.81390494, 16.48806822 ], [ 69.8132199, 16.4906112 ], [ 69.81287875, 16.49188267 ], [ 69.81151818, 16.49697397 ], [ 69.81117951, 16.49824642 ], [ 69.81050454, 16.50079266 ], [ 69.81016853, 16.5020654 ], [ 69.80748773, 16.51226084 ], [ 69.80715417, 16.51353455 ], [ 69.80648928, 16.51608397 ], [ 69.80615821, 16.51735865 ], [ 69.80483836, 16.52246137 ], [ 69.80450978, 16.52373699 ], [ 69.80385502, 16.52628956 ], [ 69.80352894, 16.52756611 ], [ 69.80337448, 16.52817335 ], [ 69.80312259, 16.52916689 ], [ 69.80262036, 16.53115443 ], [ 69.80237009, 16.53214812 ], [ 69.80137185, 16.53612475 ], [ 69.80112321, 16.53711855 ], [ 69.80062735, 16.53910706 ], [ 69.80038034, 16.54010095 ], [ 69.79840881, 16.54806007 ], [ 69.7981634, 16.54905406 ], [ 69.7976739, 16.55104349 ], [ 69.79743, 16.55203811 ], [ 69.79645698, 16.55601947 ], [ 69.7962147, 16.55701417 ], [ 69.79573158, 16.55900448 ], [ 69.79549106, 16.55999873 ], [ 69.79164778, 16.57593949 ], [ 69.79117092, 16.57793093 ], [ 69.79022295, 16.58191738 ], [ 69.78975223, 16.58391076 ], [ 69.78788086, 16.5918913 ], [ 69.7874164, 16.59388604 ], [ 69.78649352, 16.59787797 ], [ 69.78603547, 16.59987352 ], [ 69.78239258, 16.61585808 ], [ 69.78194075, 16.61785496 ], [ 69.7810429, 16.62185221 ], [ 69.78059725, 16.62385095 ], [ 69.77882623, 16.6318528 ], [ 69.77838686, 16.63385283 ], [ 69.77751418, 16.63785526 ], [ 69.77708122, 16.63985603 ], [ 69.77512052, 16.64898552 ], [ 69.77475032, 16.65047605 ], [ 69.77453639, 16.65135284 ], [ 69.77432198, 16.65223157 ], [ 69.77410766, 16.65310995 ], [ 69.77389342, 16.65398799 ], [ 69.77367901, 16.65486672 ], [ 69.77346469, 16.65574511 ], [ 69.77325036, 16.65662349 ], [ 69.77303603, 16.65750188 ], [ 69.77282179, 16.65837992 ], [ 69.77260738, 16.65925865 ], [ 69.77239305, 16.66013704 ], [ 69.77217918, 16.66101355 ], [ 69.77196476, 16.66189228 ], [ 69.77175005, 16.66277219 ], [ 69.7715358, 16.66365024 ], [ 69.77132138, 16.66452897 ], [ 69.77110705, 16.66540735 ], [ 69.77089346, 16.66628266 ], [ 69.77058198, 16.6675648 ], [ 69.76996159, 16.67012979 ], [ 69.76965278, 16.67141222 ], [ 69.76842237, 16.67654462 ], [ 69.76811623, 16.67782732 ], [ 69.76750639, 16.68039398 ], [ 69.76720293, 16.68167691 ], [ 69.76478361, 16.69195094 ], [ 69.76448281, 16.69323409 ], [ 69.76388348, 16.69580236 ], [ 69.7635852, 16.69708643 ], [ 69.76239663, 16.7022266 ], [ 69.76210103, 16.70351088 ], [ 69.76151227, 16.70608069 ], [ 69.76121951, 16.70736447 ], [ 69.75654695, 16.72794776 ], [ 69.75625673, 16.72923209 ], [ 69.75567827, 16.73180408 ], [ 69.75539042, 16.73308999 ], [ 69.75424329, 16.73823893 ], [ 69.75395797, 16.73952574 ], [ 69.75338978, 16.74210059 ], [ 69.75310714, 16.74338758 ], [ 69.75085396, 16.75369674 ], [ 69.75057384, 16.75498459 ], [ 69.75001591, 16.75756223 ], [ 69.74973832, 16.75885096 ], [ 69.74863261, 16.76400972 ], [ 69.7471426, 16.77144073 ], [ 69.74654671, 16.77419568 ], [ 69.74617965, 16.77585659 ], [ 69.74599124, 16.77673852 ], [ 69.74580298, 16.77761976 ], [ 69.7456147, 16.7785011 ], [ 69.74542663, 16.77938141 ], [ 69.74523825, 16.7802632 ], [ 69.74504986, 16.78114505 ], [ 69.74486161, 16.78202622 ], [ 69.7446733, 16.78290764 ], [ 69.74448518, 16.78378819 ], [ 69.74429682, 16.78466992 ], [ 69.74410845, 16.78555162 ], [ 69.7439202, 16.78643277 ], [ 69.74373211, 16.78731317 ], [ 69.74354403, 16.78819348 ], [ 69.74352835, 16.78925221 ], [ 69.74330795, 16.79012864 ], [ 69.74272342, 16.7923372 ], [ 69.74250922, 16.79320859 ], [ 69.7423279, 16.79408855 ], [ 69.74212112, 16.79496605 ], [ 69.74189836, 16.79582497 ], [ 69.74104395, 16.79785756 ], [ 69.74031942, 16.8004251 ], [ 69.74000069, 16.80148815 ], [ 69.73978637, 16.80220444 ], [ 69.73905882, 16.80464113 ], [ 69.73868816, 16.80588318 ], [ 69.73836712, 16.80696108 ], [ 69.738056, 16.80800767 ], [ 69.73779775, 16.80887653 ], [ 69.73753938, 16.80974581 ], [ 69.73728116, 16.81061462 ], [ 69.73702331, 16.81148214 ], [ 69.73575142, 16.81581626 ], [ 69.73525504, 16.81752967 ], [ 69.73448844, 16.82012712 ], [ 69.73407011, 16.82155044 ], [ 69.73374782, 16.82265195 ], [ 69.73210893, 16.82826622 ], [ 69.73096836, 16.83197695 ], [ 69.72889526, 16.8388507 ], [ 69.72837949, 16.84056931 ], [ 69.72735241, 16.84400878 ], [ 69.72684125, 16.84572911 ], [ 69.72658518, 16.84659532 ], [ 69.72632845, 16.84746374 ], [ 69.72607159, 16.84833257 ], [ 69.72581461, 16.84920182 ], [ 69.72555776, 16.85007066 ], [ 69.7253009, 16.85093949 ], [ 69.72504416, 16.85180791 ], [ 69.72478793, 16.85267462 ], [ 69.72368696, 16.85644032 ], [ 69.72227033, 16.86133179 ], [ 69.7219757, 16.86231507 ], [ 69.72171553, 16.86318337 ], [ 69.72145542, 16.86405148 ], [ 69.72119531, 16.86491956 ], [ 69.72093511, 16.86578795 ], [ 69.72067504, 16.86665589 ], [ 69.72041652, 16.86751865 ], [ 69.7201584, 16.86838007 ], [ 69.71980927, 16.86954921 ], [ 69.71911315, 16.87188823 ], [ 69.71876628, 16.87305772 ], [ 69.71738276, 16.87773827 ], [ 69.71703807, 16.87890836 ], [ 69.7163507, 16.88124978 ], [ 69.71600813, 16.88242073 ], [ 69.7157555, 16.88328727 ], [ 69.7155022, 16.88415609 ], [ 69.71524879, 16.8850253 ], [ 69.71499517, 16.88589521 ], [ 69.7147413, 16.886766 ], [ 69.71448766, 16.88763596 ], [ 69.71423424, 16.88850517 ], [ 69.71397322, 16.88940048 ], [ 69.71215687, 16.89542786 ], [ 69.71117168, 16.89872759 ], [ 69.71091532, 16.89959455 ], [ 69.71065853, 16.90046298 ], [ 69.71040162, 16.90133182 ], [ 69.71014458, 16.90220108 ], [ 69.70988767, 16.90306993 ], [ 69.70963087, 16.90393836 ], [ 69.70937395, 16.90480721 ], [ 69.70911691, 16.90567647 ], [ 69.70885999, 16.90654531 ], [ 69.70860307, 16.90741416 ], [ 69.70834627, 16.90828259 ], [ 69.70808935, 16.90915144 ], [ 69.70783231, 16.9100207 ], [ 69.70757538, 16.91088955 ], [ 69.70731858, 16.91175798 ], [ 69.70706165, 16.91262683 ], [ 69.7068046, 16.91349609 ], [ 69.70654767, 16.91436494 ], [ 69.70629087, 16.91523338 ], [ 69.70603393, 16.91610222 ], [ 69.70577688, 16.91697149 ], [ 69.70551995, 16.91784033 ], [ 69.70526302, 16.91870918 ], [ 69.7050062, 16.91957762 ], [ 69.70474927, 16.92044647 ], [ 69.70449221, 16.92131573 ], [ 69.70423527, 16.92218458 ], [ 69.70397846, 16.92305302 ], [ 69.70372152, 16.92392187 ], [ 69.70346445, 16.92479113 ], [ 69.70320751, 16.92565998 ], [ 69.70295069, 16.92652842 ], [ 69.70269375, 16.92739727 ], [ 69.70243668, 16.92826653 ], [ 69.70217974, 16.92913539 ], [ 69.70192279, 16.93000424 ], [ 69.70166597, 16.93087268 ], [ 69.70140902, 16.93174153 ], [ 69.70115195, 16.93261079 ], [ 69.700895, 16.93347964 ], [ 69.70063817, 16.93434808 ], [ 69.70038122, 16.93521693 ], [ 69.7001098, 16.93613469 ], [ 69.69993652, 16.9366453 ], [ 69.69963747, 16.93750075 ], [ 69.69933875, 16.93835524 ], [ 69.69904037, 16.93920876 ], [ 69.69874097, 16.94006518 ], [ 69.69844208, 16.94092016 ], [ 69.69814319, 16.94177513 ], [ 69.6978443, 16.9426301 ], [ 69.69754524, 16.94348556 ], [ 69.69724651, 16.94434005 ], [ 69.69694667, 16.94519773 ], [ 69.69626261, 16.94701701 ], [ 69.69504998, 16.95026732 ], [ 69.69023041, 16.9632898 ], [ 69.68903461, 16.96654711 ], [ 69.6866597, 16.97306935 ], [ 69.64913233, 17.07268866 ], [ 69.64846143, 17.07439859 ], [ 69.64677565, 17.07871538 ], [ 69.6455558, 17.08186286 ], [ 69.64477265, 17.08389907 ], [ 69.6444902, 17.08463476 ], [ 69.64333443, 17.08765079 ], [ 69.64289488, 17.08880203 ], [ 69.64257235, 17.08964927 ], [ 69.64224922, 17.09049808 ], [ 69.64192708, 17.09134428 ], [ 69.6413423, 17.09288622 ], [ 69.6401766, 17.09597157 ], [ 69.63958868, 17.09753366 ], [ 69.63917411, 17.09863952 ], [ 69.63678723, 17.10501348 ], [ 69.63626134, 17.10642272 ], [ 69.63521469, 17.10923725 ], [ 69.63469317, 17.1106446 ], [ 69.63210742, 17.11764662 ], [ 69.63090492, 17.12092972 ], [ 69.62962539, 17.12445049 ], [ 69.6255968, 17.13538204 ], [ 69.62361816, 17.14082523 ], [ 69.6148083, 17.16539562 ], [ 69.61426055, 17.16692906 ], [ 69.61316769, 17.17000055 ], [ 69.61262333, 17.17153651 ], [ 69.61045178, 17.17768785 ], [ 69.6099111, 17.17922548 ], [ 69.60883329, 17.18230283 ], [ 69.60829661, 17.18384129 ], [ 69.6040137, 17.19616711 ], [ 69.60348067, 17.1977072 ], [ 69.60241789, 17.2007903 ], [ 69.60188857, 17.20233205 ], [ 69.59977785, 17.20850481 ], [ 69.59925224, 17.21004817 ], [ 69.59820461, 17.21313693 ], [ 69.59768275, 17.21468187 ], [ 69.59739869, 17.21552627 ], [ 69.59711297, 17.21637563 ], [ 69.59682691, 17.21722599 ], [ 69.59654102, 17.21807582 ], [ 69.59625579, 17.21892371 ], [ 69.59597006, 17.21977307 ], [ 69.59568384, 17.2206239 ], [ 69.5953986, 17.22147179 ], [ 69.59511287, 17.22232115 ], [ 69.5948268, 17.22317151 ], [ 69.59454141, 17.22401987 ], [ 69.59425567, 17.22486923 ], [ 69.59396944, 17.22572006 ], [ 69.5936842, 17.22656795 ], [ 69.59339846, 17.22741731 ], [ 69.59311223, 17.22826815 ], [ 69.59282714, 17.22911557 ], [ 69.59254125, 17.2299654 ], [ 69.59225501, 17.23081624 ], [ 69.59196927, 17.2316656 ], [ 69.59168402, 17.23251349 ], [ 69.59139828, 17.23336285 ], [ 69.59111204, 17.23421368 ], [ 69.59082679, 17.23506158 ], [ 69.59054104, 17.23591094 ], [ 69.59025495, 17.23676131 ], [ 69.58996955, 17.23760966 ], [ 69.58968379, 17.23845903 ], [ 69.58939755, 17.23930987 ], [ 69.58911229, 17.24015776 ], [ 69.58882654, 17.24100712 ], [ 69.58854029, 17.24185796 ], [ 69.58825519, 17.24270538 ], [ 69.58796928, 17.24355522 ], [ 69.58768303, 17.24440606 ], [ 69.58739727, 17.24525542 ], [ 69.58711201, 17.24610331 ], [ 69.58682625, 17.24695268 ], [ 69.58654, 17.24780352 ], [ 69.58625489, 17.24865094 ], [ 69.58596897, 17.24950078 ], [ 69.58568271, 17.25035162 ], [ 69.58539744, 17.25119951 ], [ 69.58511168, 17.25204888 ], [ 69.58482542, 17.25289972 ], [ 69.58454015, 17.25374761 ], [ 69.58425438, 17.25459698 ], [ 69.58396812, 17.25544782 ], [ 69.583683, 17.25629525 ], [ 69.58339707, 17.25714508 ], [ 69.58311081, 17.25799593 ], [ 69.58282503, 17.2588453 ], [ 69.58253976, 17.25969319 ], [ 69.58225398, 17.26054256 ], [ 69.58196771, 17.2613934 ], [ 69.58168259, 17.26224083 ], [ 69.58139666, 17.26309066 ], [ 69.58111038, 17.26394151 ], [ 69.5808251, 17.2647894 ], [ 69.58053932, 17.26563877 ], [ 69.58025304, 17.26648962 ], [ 69.57996776, 17.26733751 ], [ 69.57968213, 17.26818641 ], [ 69.57939719, 17.26903329 ], [ 69.57840698, 17.27199974 ], [ 69.57644081, 17.27793714 ], [ 69.57546512, 17.28090722 ], [ 69.57158976, 17.29279934 ], [ 69.57062855, 17.29577293 ], [ 69.5687199, 17.30172598 ], [ 69.56777324, 17.30470301 ], [ 69.56025071, 17.32855404 ], [ 69.55931842, 17.33153442 ], [ 69.55746717, 17.33750252 ], [ 69.55654897, 17.34048781 ], [ 69.55290282, 17.35244344 ], [ 69.55199916, 17.35543196 ], [ 69.55020573, 17.36141461 ], [ 69.54931717, 17.36440467 ], [ 69.53518804, 17.41235677 ], [ 69.53431342, 17.41535067 ], [ 69.53257669, 17.42134884 ], [ 69.53171578, 17.42434904 ], [ 69.52829813, 17.43636707 ], [ 69.52745137, 17.43937187 ], [ 69.52577185, 17.44538684 ], [ 69.52493979, 17.44839455 ], [ 69.51833365, 17.47249566 ], [ 69.51751567, 17.47550782 ], [ 69.51592932, 17.48175171 ], [ 69.51516359, 17.48457582 ], [ 69.51191985, 17.4966402 ], [ 69.51112283, 17.49965881 ], [ 69.509571, 17.50570898 ], [ 69.50898607, 17.50800084 ], [ 69.50880553, 17.50873593 ], [ 69.50857821, 17.50960842 ], [ 69.508361, 17.5104863 ], [ 69.50814372, 17.51136446 ], [ 69.50792633, 17.51224305 ], [ 69.50770912, 17.51312093 ], [ 69.50749219, 17.51399767 ], [ 69.50727493, 17.51487573 ], [ 69.50705725, 17.51575551 ], [ 69.50683986, 17.5166341 ], [ 69.50662265, 17.51751198 ], [ 69.50640536, 17.51839015 ], [ 69.50617877, 17.5193079 ], [ 69.50595686, 17.52014095 ], [ 69.50575812, 17.5210231 ], [ 69.50555816, 17.52190424 ], [ 69.50533367, 17.52277794 ], [ 69.50514328, 17.52366103 ], [ 69.50492529, 17.52453873 ], [ 69.50454733, 17.5253883 ], [ 69.50432497, 17.52626495 ], [ 69.50410251, 17.52714195 ], [ 69.50388005, 17.52801895 ], [ 69.50365759, 17.52889596 ], [ 69.50343504, 17.52977331 ], [ 69.50321266, 17.53064996 ], [ 69.50299058, 17.53152545 ], [ 69.50276812, 17.53240245 ], [ 69.50254527, 17.53328097 ], [ 69.50232271, 17.53415833 ], [ 69.50210033, 17.53503498 ], [ 69.50187787, 17.53591198 ], [ 69.5016554, 17.53678899 ], [ 69.50143293, 17.53766599 ], [ 69.50121036, 17.53854335 ], [ 69.50098798, 17.53942 ], [ 69.50076551, 17.540297 ], [ 69.50054333, 17.54117285 ], [ 69.50032094, 17.5420495 ], [ 69.50009808, 17.54292802 ], [ 69.4998756, 17.54380502 ], [ 69.49965312, 17.54468203 ], [ 69.49943055, 17.54555939 ], [ 69.49920816, 17.54643604 ], [ 69.49898568, 17.54731305 ], [ 69.4987632, 17.54819005 ], [ 69.49854072, 17.54906706 ], [ 69.49831853, 17.5499429 ], [ 69.49809613, 17.55081955 ], [ 69.49787326, 17.55169808 ], [ 69.49765077, 17.55257509 ], [ 69.49742828, 17.55345209 ], [ 69.4972057, 17.55432946 ], [ 69.4969833, 17.55520611 ], [ 69.49676081, 17.55608311 ], [ 69.49653832, 17.55696012 ], [ 69.49631582, 17.55783713 ], [ 69.49609324, 17.55871449 ], [ 69.49587122, 17.55958963 ], [ 69.49564872, 17.56046663 ], [ 69.49542584, 17.56134516 ], [ 69.49520334, 17.56222217 ], [ 69.49498075, 17.56309953 ], [ 69.49475834, 17.56397619 ], [ 69.49453649, 17.56485061 ], [ 69.4940285, 17.56686644 ], [ 69.49301897, 17.5708997 ], [ 69.49251772, 17.57291594 ], [ 69.49162184, 17.57654423 ], [ 69.49093028, 17.57921674 ], [ 69.4906422, 17.58033407 ], [ 69.49048655, 17.58093997 ], [ 69.48846353, 17.58185011 ], [ 69.48764508, 17.58223081 ], [ 69.48682247, 17.58261345 ], [ 69.48600199, 17.5829951 ], [ 69.48518161, 17.5833767 ], [ 69.484359, 17.58375934 ], [ 69.48353784, 17.5841413 ], [ 69.48271668, 17.58452327 ], [ 69.48189621, 17.58490491 ], [ 69.48107583, 17.58528651 ], [ 69.48025321, 17.58566915 ], [ 69.47943206, 17.58605111 ], [ 69.47861236, 17.5864324 ], [ 69.47778974, 17.58681504 ], [ 69.47696859, 17.587197 ], [ 69.47614957, 17.58757797 ], [ 69.47532627, 17.58796092 ], [ 69.47450511, 17.58834289 ], [ 69.47368541, 17.58872417 ], [ 69.4728628, 17.58910681 ], [ 69.47204232, 17.58948846 ], [ 69.47122194, 17.58987006 ], [ 69.47039932, 17.5902527 ], [ 69.46957815, 17.59063467 ], [ 69.468757, 17.59101663 ], [ 69.46793652, 17.59139827 ], [ 69.46711614, 17.59177987 ], [ 69.46629352, 17.59216251 ], [ 69.46547236, 17.59254448 ], [ 69.46465266, 17.59292576 ], [ 69.46383072, 17.59330808 ], [ 69.46300888, 17.59369036 ], [ 69.46218918, 17.59407165 ], [ 69.46136656, 17.59445429 ], [ 69.4605454, 17.59483625 ], [ 69.45972638, 17.59521722 ], [ 69.45890308, 17.59560018 ], [ 69.45808191, 17.59598215 ], [ 69.45726074, 17.59636411 ], [ 69.45643959, 17.59674607 ], [ 69.45562057, 17.59712704 ], [ 69.45479727, 17.59751 ], [ 69.4539761, 17.59789196 ], [ 69.4531564, 17.59827325 ], [ 69.45233378, 17.59865588 ], [ 69.4515133, 17.59903753 ], [ 69.45069291, 17.59941913 ], [ 69.44987029, 17.59980178 ], [ 69.44904913, 17.60018374 ], [ 69.44822942, 17.60056503 ], [ 69.44740748, 17.60094735 ], [ 69.44658563, 17.60132963 ], [ 69.44576447, 17.6017116 ], [ 69.44494331, 17.60209356 ], [ 69.4441236, 17.60247484 ], [ 69.44330166, 17.60285717 ], [ 69.44248291, 17.60323801 ], [ 69.43710766, 17.60576552 ], [ 69.43326978, 17.60758956 ], [ 69.43251352, 17.60793737 ], [ 69.4316908, 17.60831575 ], [ 69.43086712, 17.60869457 ], [ 69.4300456, 17.6090724 ], [ 69.42922226, 17.60945107 ], [ 69.42839897, 17.60982971 ], [ 69.42757728, 17.61020762 ], [ 69.42675337, 17.61058654 ], [ 69.42593121, 17.61096467 ], [ 69.42510854, 17.61134302 ], [ 69.42429635, 17.61171656 ], [ 69.42348767, 17.61208847 ], [ 69.42120242, 17.61314431 ], [ 69.41663572, 17.61526392 ], [ 69.41435439, 17.61632764 ], [ 69.41354155, 17.61670839 ], [ 69.41272425, 17.61709122 ], [ 69.41190178, 17.61747647 ], [ 69.41108151, 17.61786069 ], [ 69.41026367, 17.61824378 ], [ 69.40944232, 17.61862851 ], [ 69.40862084, 17.6190133 ], [ 69.40780337, 17.6193962 ], [ 69.40698089, 17.61978146 ], [ 69.40616067, 17.62016566 ], [ 69.40534198, 17.62054914 ], [ 69.40464921, 17.62087364 ], [ 69.4039924, 17.62118114 ], [ 69.40308196, 17.6216091 ], [ 69.39731181, 17.62424924 ], [ 69.39649503, 17.62462916 ], [ 69.39567463, 17.62501077 ], [ 69.394852, 17.62539341 ], [ 69.39403082, 17.62577538 ], [ 69.39321111, 17.62615666 ], [ 69.39238916, 17.62653899 ], [ 69.3915673, 17.62692127 ], [ 69.39074758, 17.62730256 ], [ 69.38992495, 17.62768521 ], [ 69.38910378, 17.62806717 ], [ 69.38828474, 17.62844814 ], [ 69.38746142, 17.62883111 ], [ 69.38664025, 17.62921307 ], [ 69.38582053, 17.62959436 ], [ 69.3849979, 17.629977 ], [ 69.38423293, 17.63052027 ], [ 69.38340296, 17.63087375 ], [ 69.38257864, 17.63124134 ], [ 69.38174617, 17.6315885 ], [ 69.38092372, 17.63196494 ], [ 69.38009667, 17.63233049 ], [ 69.37931122, 17.63267952 ], [ 69.37844121, 17.63306285 ], [ 69.37761368, 17.63342918 ], [ 69.37690406, 17.6337445 ], [ 69.37595925, 17.63416235 ], [ 69.3751317, 17.63452925 ], [ 69.37430674, 17.63489502 ], [ 69.37347747, 17.63526271 ], [ 69.37258344, 17.63561173 ], [ 69.37181695, 17.63596824 ], [ 69.37003831, 17.63650296 ], [ 69.35477018, 17.64268334 ], [ 69.34974471, 17.64451157 ], [ 69.34838599, 17.64500739 ], [ 69.34566887, 17.64600196 ], [ 69.34431157, 17.64650032 ], [ 69.33344706, 17.65050142 ], [ 69.33209078, 17.65100239 ], [ 69.32937782, 17.65200757 ], [ 69.32802224, 17.65251136 ], [ 69.3225991, 17.65453292 ], [ 69.32124457, 17.65503936 ], [ 69.31853587, 17.6560552 ], [ 69.3171828, 17.65656418 ], [ 69.30635216, 17.66065029 ], [ 69.30500012, 17.66116188 ], [ 69.30229566, 17.66218828 ], [ 69.30094435, 17.66270268 ], [ 69.29553832, 17.66476668 ], [ 69.29418809, 17.66528372 ], [ 69.29148798, 17.66632075 ], [ 69.29013922, 17.66684032 ], [ 69.27934317, 17.67101117 ], [ 69.27799546, 17.67153334 ], [ 69.27529969, 17.6725809 ], [ 69.27395273, 17.67310587 ], [ 69.26856417, 17.67521217 ], [ 69.26721831, 17.67573977 ], [ 69.26452699, 17.67679793 ], [ 69.26318262, 17.67732805 ], [ 69.25242188, 17.68158337 ], [ 69.25107859, 17.68211609 ], [ 69.24839169, 17.68318474 ], [ 69.24704917, 17.68372025 ], [ 69.24167844, 17.6858687 ], [ 69.24033704, 17.68640684 ], [ 69.23765468, 17.68748605 ], [ 69.23631479, 17.68802669 ], [ 69.22559006, 17.6923662 ], [ 69.22425128, 17.69290942 ], [ 69.22157343, 17.6939991 ], [ 69.22023544, 17.69454511 ], [ 69.21488289, 17.69673558 ], [ 69.21354606, 17.69728421 ], [ 69.21087282, 17.69838441 ], [ 69.20953751, 17.69893553 ], [ 69.19884951, 17.70335894 ], [ 69.19751533, 17.70391263 ], [ 69.19484669, 17.70502326 ], [ 69.19351333, 17.70557974 ], [ 69.18817932, 17.70781208 ], [ 69.18684712, 17.70837117 ], [ 69.1841832, 17.70949228 ], [ 69.18285256, 17.71005385 ], [ 69.17220199, 17.71456087 ], [ 69.17087249, 17.715125 ], [ 69.16821325, 17.7162565 ], [ 69.1668846, 17.71682341 ], [ 69.16156948, 17.71909748 ], [ 69.16024201, 17.71966699 ], [ 69.15758758, 17.72080894 ], [ 69.15626169, 17.72138091 ], [ 69.14564926, 17.72597124 ], [ 69.14432453, 17.72654578 ], [ 69.14167487, 17.72769808 ], [ 69.14035101, 17.72827538 ], [ 69.13505514, 17.73059102 ], [ 69.13373249, 17.73117092 ], [ 69.13113171, 17.73231429 ], [ 69.13004967, 17.73276944 ], [ 69.12776853, 17.73373358 ], [ 69.11383172, 17.73965169 ], [ 69.11209222, 17.74039297 ], [ 69.10861342, 17.74188081 ], [ 69.10687552, 17.74262678 ], [ 69.0999243, 17.74562117 ], [ 69.09818846, 17.74637159 ], [ 69.09471793, 17.74787733 ], [ 69.09298465, 17.74863202 ], [ 69.0791136, 17.75469276 ], [ 69.07738234, 17.75545183 ], [ 69.07392006, 17.75697528 ], [ 69.07219046, 17.75773903 ], [ 69.0652725, 17.76080455 ], [ 69.063545, 17.76157273 ], [ 69.0600912, 17.76311398 ], [ 69.05836631, 17.76388641 ], [ 69.04456258, 17.77008908 ], [ 69.04283976, 17.77086587 ], [ 69.03939441, 17.77242474 ], [ 69.03767328, 17.77320619 ], [ 69.03078938, 17.77634249 ], [ 69.02907041, 17.77712835 ], [ 69.02563373, 17.77870494 ], [ 69.02391742, 17.77949502 ], [ 69.0101826, 17.78583892 ], [ 69.00846841, 17.78663333 ], [ 69.00504037, 17.78822745 ], [ 69.00332793, 17.78902651 ], [ 68.99647887, 17.79223325 ], [ 68.99476863, 17.79303669 ], [ 68.99134946, 17.79464844 ], [ 68.98964193, 17.79545608 ], [ 68.97597758, 17.80194049 ], [ 68.9742722, 17.80275244 ], [ 68.97086188, 17.80438163 ], [ 68.96915831, 17.80519821 ], [ 68.96234487, 17.80847501 ], [ 68.96064355, 17.80929595 ], [ 68.95724229, 17.81094267 ], [ 68.95554372, 17.81176778 ], [ 68.94195139, 17.81839197 ], [ 68.94025504, 17.81922137 ], [ 68.93686281, 17.82088545 ], [ 68.93516831, 17.82171945 ], [ 68.92839126, 17.82506594 ], [ 68.92669906, 17.82590429 ], [ 68.92331609, 17.8275858 ], [ 68.92162669, 17.82842828 ], [ 68.91304435, 17.8327219 ], [ 68.9103842, 17.83394178 ], [ 68.90866734, 17.83473181 ], [ 68.89492811, 17.84107531 ], [ 68.89321337, 17.84186968 ], [ 68.88978423, 17.8434637 ], [ 68.88807124, 17.84426271 ], [ 68.88121997, 17.84746924 ], [ 68.87950918, 17.84827264 ], [ 68.87608891, 17.84988428 ], [ 68.87438083, 17.85069187 ], [ 68.86071208, 17.85717588 ], [ 68.85900616, 17.85798779 ], [ 68.85559473, 17.85961688 ], [ 68.85389061, 17.8604334 ], [ 68.84707497, 17.86371 ], [ 68.84537311, 17.86453089 ], [ 68.84197075, 17.86617751 ], [ 68.84027164, 17.86700257 ], [ 68.82667492, 17.87362635 ], [ 68.82497802, 17.8744557 ], [ 68.82158469, 17.87611967 ], [ 68.81988964, 17.87695362 ], [ 68.8131104, 17.88029991 ], [ 68.81141766, 17.88113821 ], [ 68.80803359, 17.88281961 ], [ 68.80634364, 17.88366204 ], [ 68.79282051, 17.89042485 ], [ 68.79113282, 17.89127155 ], [ 68.78775797, 17.89297022 ], [ 68.78607219, 17.8938215 ], [ 68.77933013, 17.8972371 ], [ 68.77764669, 17.8980927 ], [ 68.7742813, 17.89980871 ], [ 68.77260072, 17.90066842 ], [ 68.75915271, 17.90756948 ], [ 68.75747443, 17.90843344 ], [ 68.75411845, 17.91016661 ], [ 68.75244213, 17.91103512 ], [ 68.74573801, 17.91451965 ], [ 68.74406408, 17.91539246 ], [ 68.74071775, 17.91714287 ], [ 68.73904672, 17.91801976 ], [ 68.72567538, 17.92505831 ], [ 68.72467504, 17.92558583 ], [ 68.72267344, 17.92664338 ], [ 68.72167336, 17.92717279 ], [ 68.71767186, 17.92929502 ], [ 68.71667247, 17.92982606 ], [ 68.71467403, 17.93088997 ], [ 68.7136758, 17.93142241 ], [ 68.7056851, 17.93569239 ], [ 68.70436592, 17.93639905 ], [ 68.70172804, 17.93781566 ], [ 68.70041024, 17.93852513 ], [ 68.69513966, 17.94136968 ], [ 68.69347953, 17.94226847 ], [ 68.69016107, 17.94407071 ], [ 68.68850319, 17.94497392 ], [ 68.68697388, 17.94580976 ], [ 68.68600937, 17.94633752 ], [ 68.68045879, 17.94937865 ], [ 68.6797962, 17.94974212 ], [ 68.67847219, 17.95046935 ], [ 68.67792405, 17.95077074 ], [ 68.67516344, 17.95229077 ], [ 68.67450249, 17.95265516 ], [ 68.67318063, 17.9533848 ], [ 68.6725208, 17.95374948 ], [ 68.65930736, 17.96106057 ], [ 68.65765844, 17.96197569 ], [ 68.65436137, 17.96381117 ], [ 68.65271456, 17.96473079 ], [ 68.64612885, 17.96841971 ], [ 68.64448458, 17.96934355 ], [ 68.64119773, 17.97119597 ], [ 68.63955649, 17.97212379 ], [ 68.62642428, 17.97956992 ], [ 68.62478553, 17.9805019 ], [ 68.62150885, 17.98237108 ], [ 68.61987226, 17.98330753 ], [ 68.61332753, 17.98706374 ], [ 68.61169353, 17.98800438 ], [ 68.60842726, 17.98989039 ], [ 68.60679633, 17.99083499 ], [ 68.59374685, 17.99841532 ], [ 68.59211845, 17.99936403 ], [ 68.58886254, 18.0012667 ], [ 68.58723635, 18.00221987 ], [ 68.58073336, 18.00604296 ], [ 68.57910981, 18.0070003 ], [ 68.5758645, 18.00891969 ], [ 68.57424406, 18.00988095 ], [ 68.56127881, 18.01759461 ], [ 68.55966095, 18.01855997 ], [ 68.55642618, 18.0204959 ], [ 68.55481059, 18.02146569 ], [ 68.54835008, 18.02535522 ], [ 68.54673716, 18.02632915 ], [ 68.54351318, 18.02828169 ], [ 68.54190343, 18.02925951 ], [ 68.52902389, 18.03710563 ], [ 68.52741677, 18.03808752 ], [ 68.52420351, 18.0400565 ], [ 68.52259869, 18.04104279 ], [ 68.51618141, 18.04499832 ], [ 68.51457932, 18.04598873 ], [ 68.51137703, 18.04797421 ], [ 68.50977815, 18.04896847 ], [ 68.49698581, 18.05694617 ], [ 68.49538959, 18.05794447 ], [ 68.49219822, 18.05994627 ], [ 68.49060437, 18.06094896 ], [ 68.48423105, 18.06497005 ], [ 68.48263996, 18.06597682 ], [ 68.47945974, 18.06799501 ], [ 68.47787191, 18.0690056 ], [ 68.46516824, 18.07711396 ], [ 68.46358312, 18.07812857 ], [ 68.460414, 18.08016297 ], [ 68.45883129, 18.08118194 ], [ 68.45250267, 18.08526812 ], [ 68.45092277, 18.08629114 ], [ 68.44776499, 18.08834181 ], [ 68.44618944, 18.08936794 ], [ 68.44195486, 18.09213361 ], [ 68.4404218, 18.09308103 ], [ 68.4372186, 18.09506641 ], [ 68.43560403, 18.09607011 ], [ 68.42804482, 18.10078295 ], [ 68.42222352, 18.10428239 ], [ 68.42062355, 18.10524703 ], [ 68.41742541, 18.10718092 ], [ 68.41582855, 18.10814938 ], [ 68.40305205, 18.1159203 ], [ 68.40145776, 18.11689275 ], [ 68.39827016, 18.1188428 ], [ 68.39667814, 18.11981959 ], [ 68.39031198, 18.12373696 ], [ 68.38872263, 18.12471779 ], [ 68.3855458, 18.12668405 ], [ 68.38395961, 18.12766867 ], [ 68.37126873, 18.1355689 ], [ 68.36968517, 18.13655749 ], [ 68.36651905, 18.13853979 ], [ 68.36493779, 18.1395327 ], [ 68.3586148, 18.14351449 ], [ 68.35703626, 18.14451141 ], [ 68.3538811, 18.14650982 ], [ 68.35230576, 18.14751049 ], [ 68.33970194, 18.15553915 ], [ 68.338916, 18.15604047 ], [ 68.33734312, 18.15704521 ], [ 68.33655724, 18.15754794 ], [ 68.33341252, 18.15956251 ], [ 68.33262712, 18.16006638 ], [ 68.33105657, 18.16107539 ], [ 68.33027208, 18.16158012 ], [ 68.32399201, 18.1656263 ], [ 68.32320798, 18.16613214 ], [ 68.32163979, 18.16714538 ], [ 68.32085625, 18.16765237 ], [ 68.3177218, 18.16968339 ], [ 68.31693877, 18.17019149 ], [ 68.31537299, 18.17120896 ], [ 68.31459051, 18.17171817 ], [ 68.31382135, 18.17221942 ], [ 68.3130257, 18.1727387 ], [ 68.31143504, 18.17377835 ], [ 68.31064029, 18.17429855 ], [ 68.30746179, 18.17638205 ], [ 68.30666796, 18.17690315 ], [ 68.30508059, 18.17794668 ], [ 68.30428771, 18.17846867 ], [ 68.29794224, 18.18265213 ], [ 68.29715027, 18.183175 ], [ 68.2955662, 18.18422234 ], [ 68.29477475, 18.18474638 ], [ 68.2916087, 18.18684573 ], [ 68.29081819, 18.18737066 ], [ 68.28923749, 18.18842181 ], [ 68.28844837, 18.18894733 ], [ 68.27580394, 18.19737939 ], [ 68.27422629, 18.19843443 ], [ 68.27107225, 18.20054975 ], [ 68.26949714, 18.20160918 ], [ 68.26319925, 18.2058573 ], [ 68.26162711, 18.20692079 ], [ 68.25848497, 18.20905244 ], [ 68.25691625, 18.21011972 ], [ 68.24436645, 18.21868196 ], [ 68.24280063, 18.21975324 ], [ 68.23967033, 18.22190104 ], [ 68.23810712, 18.22297668 ], [ 68.2318569, 18.22728964 ], [ 68.23029669, 18.22836931 ], [ 68.22717847, 18.23053331 ], [ 68.22562174, 18.23161674 ], [ 68.21316803, 18.24030817 ], [ 68.21161423, 18.24139557 ], [ 68.20850804, 18.24357559 ], [ 68.2069569, 18.24466732 ], [ 68.20075509, 18.24904462 ], [ 68.199207, 18.25014035 ], [ 68.19611307, 18.25233644 ], [ 68.1945685, 18.2534359 ], [ 68.18221235, 18.26225552 ], [ 68.18067077, 18.26335891 ], [ 68.17758904, 18.2655709 ], [ 68.17605016, 18.2666786 ], [ 68.16989749, 18.27111972 ], [ 68.1683617, 18.27223139 ], [ 68.16529243, 18.27445933 ], [ 68.16374357, 18.27558682 ], [ 68.15753656, 18.28011775 ], [ 68.15398253, 18.28259427 ], [ 68.15174231, 18.28416166 ], [ 68.14726706, 18.28730568 ], [ 68.14503384, 18.28888103 ], [ 68.1271331, 18.30155881 ], [ 68.12400568, 18.30378627 ], [ 68.11776119, 18.30825934 ], [ 68.11464618, 18.31050348 ], [ 68.10220599, 18.31951662 ], [ 68.09910393, 18.32177684 ], [ 68.09291111, 18.3263148 ], [ 68.08982287, 18.3285907 ], [ 68.06514654, 18.34687668 ], [ 68.06207109, 18.3491683 ], [ 68.05593, 18.35377017 ], [ 68.05286687, 18.35607855 ], [ 68.04063404, 18.36534895 ], [ 68.03758423, 18.36767313 ], [ 68.03149628, 18.37233878 ], [ 68.02846109, 18.37467797 ], [ 68.0, 18.396731642435142 ], [ 68.0, 23.5 ], [ 68.437245447318872, 23.5 ], [ 68.43669963, 23.49987161 ], [ 68.43781805, 23.49881101 ], [ 68.43938315, 23.49844241 ], [ 68.43972755, 23.49869394 ], [ 68.43927336, 23.49933386 ], [ 68.437698172910942, 23.5 ], [ 68.479924839600798, 23.5 ], [ 68.47859478, 23.49812782 ], [ 68.47897363, 23.49666476 ], [ 68.48071003, 23.49573326 ], [ 68.48232114, 23.49484944 ], [ 68.48161566, 23.49152791 ], [ 68.48123348, 23.49138391 ], [ 68.47808802, 23.49220681 ], [ 68.47706127, 23.49414611 ], [ 68.47654724, 23.49454737 ], [ 68.47399724, 23.49572754 ], [ 68.47361135, 23.49565446 ], [ 68.47310126, 23.49371254 ], [ 68.47413886, 23.48949277 ], [ 68.47503555, 23.48943496 ], [ 68.47488618, 23.48668575 ], [ 68.47527456, 23.48656547 ], [ 68.47718132, 23.48825061 ], [ 68.47796655, 23.4885267 ], [ 68.48197615, 23.48893642 ], [ 68.48306704, 23.49131167 ], [ 68.48428702, 23.49065363 ], [ 68.48532796, 23.48705482 ], [ 68.48479223, 23.48508692 ], [ 68.48413718, 23.48499405 ], [ 68.48085403, 23.48613584 ], [ 68.47638404, 23.48586786 ], [ 68.47549856, 23.48218584 ], [ 68.47397745, 23.48139298 ], [ 68.47417772, 23.48084784 ], [ 68.47738123, 23.47863293 ], [ 68.48090756, 23.47771347 ], [ 68.48138344, 23.47783673 ], [ 68.48683846, 23.48596156 ], [ 68.48544133, 23.48814082 ], [ 68.48561156, 23.49140227 ], [ 68.48563755, 23.49515414 ], [ 68.48321354, 23.49918282 ], [ 68.482132518054371, 23.5 ], [ 68.493528285309836, 23.5 ], [ 68.49754465, 23.49817085 ] ], [ [ 68.48821676, 23.48703694 ], [ 68.48961794, 23.49222672 ], [ 68.48958433, 23.49299634 ], [ 68.48927236, 23.49321902 ], [ 68.48800111, 23.49219394 ], [ 68.48793626, 23.49278724 ], [ 68.48665857, 23.49514043 ], [ 68.48609173, 23.48922265 ], [ 68.48725533, 23.48655915 ], [ 68.48745847, 23.48633862 ], [ 68.48821676, 23.48703694 ] ], [ [ 68.51141286, 23.49190998 ], [ 68.50981963, 23.49257636 ], [ 68.50933671, 23.49236715 ], [ 68.5112282, 23.49066913 ], [ 68.51141286, 23.49190998 ] ], [ [ 68.50676537, 23.49071705 ], [ 68.50710213, 23.49037015 ], [ 68.50845492, 23.49027085 ], [ 68.50785577, 23.49176466 ], [ 68.50691557, 23.49228835 ], [ 68.50603342, 23.49235976 ], [ 68.50676537, 23.49071705 ] ], [ [ 68.48701286, 23.48509002 ], [ 68.48291457, 23.47920907 ], [ 68.4821763, 23.47787452 ], [ 68.48517334, 23.47628403 ], [ 68.48762631, 23.47322381 ], [ 68.48835933, 23.47336531 ], [ 68.49091125, 23.47531855 ], [ 68.4946804, 23.47631276 ], [ 68.49751902, 23.47918165 ], [ 68.4976685, 23.47950983 ], [ 68.4973371, 23.4848237 ], [ 68.49858785, 23.48909295 ], [ 68.49593174, 23.48686755 ], [ 68.49110425, 23.48640645 ], [ 68.48741293, 23.48539925 ], [ 68.48701286, 23.48509002 ] ], [ [ 68.49835408, 23.46277964 ], [ 68.49996924, 23.46017182 ], [ 68.49901414, 23.45830417 ], [ 68.50001347, 23.45545757 ], [ 68.50046146, 23.45521605 ], [ 68.50085807, 23.45550716 ], [ 68.50235271, 23.4580698 ], [ 68.50152826, 23.46331012 ], [ 68.49970281, 23.46407783 ], [ 68.49971962, 23.46454823 ], [ 68.50150836, 23.46596503 ], [ 68.49850595, 23.46945632 ], [ 68.49829674, 23.47247458 ], [ 68.49965882, 23.47316945 ], [ 68.49893212, 23.47577715 ], [ 68.49619496, 23.47572541 ], [ 68.49553454, 23.47527552 ], [ 68.49519622, 23.47416151 ], [ 68.49549604, 23.47332954 ], [ 68.49782288, 23.46960545 ], [ 68.49835408, 23.46277964 ] ], [ [ 68.50694132, 23.45067096 ], [ 68.50311506, 23.44722855 ], [ 68.50564778, 23.43681276 ], [ 68.50520682, 23.43396807 ], [ 68.5038954, 23.43405616 ], [ 68.50479138, 23.43184376 ], [ 68.50316405, 23.42916644 ], [ 68.50917315, 23.43166935 ], [ 68.51125884, 23.43030977 ], [ 68.51236796, 23.43393004 ], [ 68.51021361, 23.43860817 ], [ 68.51161933, 23.43652391 ], [ 68.51527727, 23.43653035 ], [ 68.51553166, 23.43351758 ], [ 68.51812375, 23.43624103 ], [ 68.51748705, 23.44193184 ], [ 68.52092421, 23.43682158 ], [ 68.52092075, 23.4418236 ], [ 68.51735353, 23.4449743 ], [ 68.51526344, 23.44500387 ], [ 68.51374543, 23.44785154 ], [ 68.51673031, 23.44772541 ], [ 68.51818955, 23.44536078 ], [ 68.52280271, 23.44303012 ], [ 68.52393675, 23.44197655 ], [ 68.52427614, 23.44126546 ], [ 68.52483106, 23.43698335 ], [ 68.52503324, 23.43650222 ], [ 68.52600157, 23.43641675 ], [ 68.5262109, 23.43675613 ], [ 68.52665734, 23.43930602 ], [ 68.52589798, 23.44193578 ], [ 68.52545834, 23.44253707 ], [ 68.52135885, 23.44487095 ], [ 68.51908553, 23.4487642 ], [ 68.51504636, 23.45029402 ], [ 68.51169384, 23.45166981 ], [ 68.50664794, 23.45617962 ], [ 68.50525904, 23.45657444 ], [ 68.50337505, 23.45574033 ], [ 68.50353825, 23.45522666 ], [ 68.50474274, 23.45255077 ], [ 68.50694132, 23.45067096 ] ], [ [ 68.51678503, 23.43063521 ], [ 68.51718688, 23.43220794 ], [ 68.51509881, 23.43286431 ], [ 68.51428771, 23.43233824 ], [ 68.51401043, 23.43041551 ], [ 68.51635861, 23.42989743 ], [ 68.51678503, 23.43063521 ] ], [ [ 68.49460065, 23.45303214 ], [ 68.49505496, 23.4557327 ], [ 68.49492538, 23.45630085 ], [ 68.48721755, 23.46698928 ], [ 68.48699665, 23.47251725 ], [ 68.48537815, 23.47517085 ], [ 68.47667015, 23.47808683 ], [ 68.47249365, 23.48021865 ], [ 68.46895266, 23.47801864 ], [ 68.45795774, 23.47846723 ], [ 68.45741856, 23.47826076 ], [ 68.45806742, 23.47669947 ], [ 68.46000504, 23.47704387 ], [ 68.46128726, 23.47581768 ], [ 68.46136403, 23.4754678 ], [ 68.45976806, 23.468364 ], [ 68.45687854, 23.47107744 ], [ 68.45726025, 23.46765387 ], [ 68.45458674, 23.47060895 ], [ 68.45461655, 23.46954036 ], [ 68.45152152, 23.46974063 ], [ 68.44803858, 23.46765256 ], [ 68.44534922, 23.46762967 ], [ 68.44412661, 23.46591091 ], [ 68.44484746, 23.46215224 ], [ 68.44941461, 23.46097755 ], [ 68.45300603, 23.46365964 ], [ 68.45268154, 23.46105576 ], [ 68.44952583, 23.45767236 ], [ 68.44604623, 23.45764601 ], [ 68.44293082, 23.45433915 ], [ 68.43723881, 23.45366597 ], [ 68.43544292, 23.44885898 ], [ 68.43298495, 23.44999135 ], [ 68.43370855, 23.44684458 ], [ 68.43644393, 23.44314814 ], [ 68.43598604, 23.44200873 ], [ 68.43447185, 23.44187021 ], [ 68.43489444, 23.44043314 ], [ 68.43286848, 23.43950415 ], [ 68.42961133, 23.43999267 ], [ 68.42486596, 23.44736612 ], [ 68.42423475, 23.44614816 ], [ 68.42342961, 23.44719481 ], [ 68.42299795, 23.44428241 ], [ 68.42200756, 23.44559205 ], [ 68.42089844, 23.44450283 ], [ 68.42061675, 23.44561398 ], [ 68.41964126, 23.44478977 ], [ 68.41756904, 23.44586015 ], [ 68.41410673, 23.44311464 ], [ 68.41262674, 23.44348025 ], [ 68.41238153, 23.44327343 ], [ 68.41176486, 23.44161606 ], [ 68.41421223, 23.43673587 ], [ 68.41303027, 23.43177784 ], [ 68.41403556, 23.43013251 ], [ 68.41575062, 23.43048 ], [ 68.41549647, 23.42917943 ], [ 68.41997612, 23.42931771 ], [ 68.41891313, 23.42364931 ], [ 68.42082035, 23.42042744 ], [ 68.42168283, 23.42029798 ], [ 68.42210555, 23.42240512 ], [ 68.42116284, 23.42484677 ], [ 68.42465532, 23.42656791 ], [ 68.42915666, 23.43124497 ], [ 68.42655361, 23.43396485 ], [ 68.42048192, 23.43333364 ], [ 68.41839635, 23.43971741 ], [ 68.4242115, 23.43967402 ], [ 68.42864025, 23.43708611 ], [ 68.42855442, 23.43375588 ], [ 68.43040156, 23.4311552 ], [ 68.4303776, 23.43405735 ], [ 68.4317708, 23.43300748 ], [ 68.43484473, 23.43305886 ], [ 68.43617976, 23.43574202 ], [ 68.4384979, 23.4356848 ], [ 68.44127345, 23.44177735 ], [ 68.44033015, 23.44471776 ], [ 68.44274592, 23.44382346 ], [ 68.44406962, 23.44474995 ], [ 68.44353712, 23.44630945 ], [ 68.44597495, 23.44581997 ], [ 68.44913542, 23.44999707 ], [ 68.45748603, 23.45184398 ], [ 68.45885372, 23.45329535 ], [ 68.46570587, 23.45566535 ], [ 68.46787405, 23.45840073 ], [ 68.46725404, 23.45557666 ], [ 68.47070706, 23.45415545 ], [ 68.47237706, 23.45582652 ], [ 68.47278786, 23.45909774 ], [ 68.47435486, 23.45975745 ], [ 68.47497654, 23.4588778 ], [ 68.47358716, 23.45854425 ], [ 68.47133708, 23.45340967 ], [ 68.4652549, 23.45473254 ], [ 68.46192026, 23.45262516 ], [ 68.46222615, 23.44986284 ], [ 68.46085894, 23.44732857 ], [ 68.46147084, 23.44485712 ], [ 68.46059191, 23.44401884 ], [ 68.46738315, 23.44194365 ], [ 68.4655745, 23.4395864 ], [ 68.46009183, 23.43683684 ], [ 68.45907783, 23.43374825 ], [ 68.46221221, 23.43249834 ], [ 68.46143305, 23.42899823 ], [ 68.46389174, 23.42731285 ], [ 68.46207237, 23.42533088 ], [ 68.46451175, 23.42095125 ], [ 68.46240687, 23.41918838 ], [ 68.45920742, 23.41908836 ], [ 68.45860255, 23.41774344 ], [ 68.46129715, 23.41409445 ], [ 68.46646321, 23.41137373 ], [ 68.46355391, 23.40722406 ], [ 68.46725321, 23.40603733 ], [ 68.47181785, 23.40636301 ], [ 68.47726357, 23.40359604 ], [ 68.47757304, 23.40351057 ], [ 68.47899497, 23.40422523 ], [ 68.48340595, 23.40298176 ], [ 68.48456454, 23.40318847 ], [ 68.48537171, 23.40443707 ], [ 68.48806512, 23.41904664 ], [ 68.48993385, 23.42743242 ], [ 68.49060905, 23.44435871 ], [ 68.49460065, 23.45303214 ] ], [ [ 68.54248095, 23.40564644 ], [ 68.54786265, 23.41026401 ], [ 68.55003047, 23.41469073 ], [ 68.54153121, 23.40599 ], [ 68.54164684, 23.40561306 ], [ 68.54248095, 23.40564644 ] ], [ [ 68.5546875, 23.40513384 ], [ 68.55627322, 23.40610015 ], [ 68.55798376, 23.40916598 ], [ 68.55766475, 23.40932775 ], [ 68.5546875, 23.40652895 ], [ 68.5546875, 23.40597093 ], [ 68.55140591, 23.40447175 ], [ 68.5546875, 23.40513384 ] ], [ [ 68.53974605, 23.40265357 ], [ 68.53827918, 23.39968693 ], [ 68.53556645, 23.40126264 ], [ 68.53618467, 23.39693058 ], [ 68.52953386, 23.3941102 ], [ 68.52800608, 23.39185464 ], [ 68.52860916, 23.39067638 ], [ 68.53261292, 23.39096582 ], [ 68.53386772, 23.38994861 ], [ 68.53315115, 23.39294732 ], [ 68.53827953, 23.39642155 ], [ 68.53999686, 23.40082777 ], [ 68.54093575, 23.40120447 ], [ 68.54124784, 23.40107012 ], [ 68.54431462, 23.39773285 ], [ 68.54137504, 23.39640045 ], [ 68.54243171, 23.39422655 ], [ 68.53968501, 23.39364445 ], [ 68.54269087, 23.39130056 ], [ 68.54215145, 23.38897622 ], [ 68.54355693, 23.38813591 ], [ 68.54427433, 23.38938081 ], [ 68.5423969, 23.39262545 ], [ 68.54285562, 23.39490402 ], [ 68.54620552, 23.39673626 ], [ 68.54646921, 23.39661527 ], [ 68.54673052, 23.39565027 ], [ 68.54571044, 23.39465082 ], [ 68.54858422, 23.39234185 ], [ 68.54996765, 23.38736236 ], [ 68.55031776, 23.38678563 ], [ 68.55283391, 23.38545191 ], [ 68.55168211, 23.38461554 ], [ 68.55437505, 23.37986076 ], [ 68.55438364, 23.37890625 ], [ 68.55441904, 23.37687075 ], [ 68.5546875, 23.37667406 ], [ 68.55991697, 23.37596917 ], [ 68.56050932, 23.37533271 ], [ 68.56060302, 23.37469733 ], [ 68.55754066, 23.37295973 ], [ 68.55640483, 23.36987758 ], [ 68.55519533, 23.36891806 ], [ 68.5546875, 23.36886156 ], [ 68.55051625, 23.37120593 ], [ 68.55024016, 23.3710078 ], [ 68.5500164, 23.36628604 ], [ 68.55005741, 23.36592603 ], [ 68.55194175, 23.36469853 ], [ 68.55319858, 23.36630476 ], [ 68.55301964, 23.36032665 ], [ 68.5546875, 23.36021197 ], [ 68.55577314, 23.36024487 ], [ 68.55883968, 23.36261737 ], [ 68.56030285, 23.36713958 ], [ 68.56171048, 23.36928785 ], [ 68.56724071, 23.37513256 ], [ 68.56718242, 23.37570751 ], [ 68.56659293, 23.37619901 ], [ 68.55639195, 23.37876308 ], [ 68.55651057, 23.37890625 ], [ 68.5546875, 23.38169634 ], [ 68.5546875, 23.38225436 ], [ 68.55423164, 23.38309145 ], [ 68.5546875, 23.38309145 ], [ 68.55810952, 23.38116956 ], [ 68.55949998, 23.38248646 ], [ 68.55608475, 23.38859391 ], [ 68.5546875, 23.38922977 ], [ 68.5533694, 23.39135766 ], [ 68.55323183, 23.39191186 ], [ 68.55453563, 23.39481032 ], [ 68.5546875, 23.39481032 ], [ 68.5546875, 23.39760041 ], [ 68.55333757, 23.39938223 ], [ 68.55035567, 23.39955485 ], [ 68.55076325, 23.40207851 ], [ 68.54902565, 23.40089023 ], [ 68.54815447, 23.40097797 ], [ 68.54756033, 23.4012866 ], [ 68.54200423, 23.40461361 ], [ 68.5372318, 23.40472901 ], [ 68.53974605, 23.40265357 ] ], [ [ 68.5546875, 23.40262282 ], [ 68.55676818, 23.4028033 ], [ 68.55636275, 23.40376484 ], [ 68.5546875, 23.40373886 ], [ 68.55423784, 23.40380704 ], [ 68.55301905, 23.40359247 ], [ 68.55290604, 23.40313506 ], [ 68.55333412, 23.40220106 ], [ 68.5546875, 23.40262282 ] ], [ [ 68.58638203, 23.36985433 ], [ 68.58771503, 23.37220788 ], [ 68.58607125, 23.37335265 ], [ 68.58271158, 23.37329996 ], [ 68.58158445, 23.37106454 ], [ 68.57547295, 23.37322795 ], [ 68.56975544, 23.37336385 ], [ 68.56886578, 23.37274742 ], [ 68.56846094, 23.37222755 ], [ 68.56845546, 23.37180233 ], [ 68.57047117, 23.37054563 ], [ 68.57060826, 23.37017417 ], [ 68.56992388, 23.36872292 ], [ 68.57111347, 23.3650949 ], [ 68.57303357, 23.36227167 ], [ 68.57424211, 23.36086404 ], [ 68.57515311, 23.36031807 ], [ 68.57507181, 23.36238337 ], [ 68.57633984, 23.36321092 ], [ 68.57905555, 23.36032915 ], [ 68.58044398, 23.35388768 ], [ 68.57945085, 23.35318828 ], [ 68.57723582, 23.35614216 ], [ 68.5786097, 23.35156655 ], [ 68.57975674, 23.35100961 ], [ 68.58145046, 23.35305703 ], [ 68.58403516, 23.35314238 ], [ 68.59133434, 23.34154344 ], [ 68.60725486, 23.33176994 ], [ 68.60464525, 23.33726645 ], [ 68.59693134, 23.34664202 ], [ 68.59894896, 23.34613073 ], [ 68.61164928, 23.33580303 ], [ 68.61194217, 23.33451855 ], [ 68.6106019, 23.3349694 ], [ 68.61108351, 23.33260667 ], [ 68.61336768, 23.33242035 ], [ 68.61383498, 23.33393455 ], [ 68.6163851, 23.33392215 ], [ 68.61629391, 23.32973588 ], [ 68.61685455, 23.3283658 ], [ 68.61787105, 23.32791674 ], [ 68.6182301, 23.32807398 ], [ 68.6188941, 23.32901442 ], [ 68.62053537, 23.33306944 ], [ 68.62053275, 23.33663785 ], [ 68.61514056, 23.35005021 ], [ 68.61750257, 23.34834564 ], [ 68.61840642, 23.35311604 ], [ 68.61116874, 23.35742402 ], [ 68.61088765, 23.35773134 ], [ 68.61020923, 23.36121583 ], [ 68.60866904, 23.36395443 ], [ 68.60783684, 23.36423016 ], [ 68.60710561, 23.36399984 ], [ 68.60713577, 23.36366165 ], [ 68.60935175, 23.35894096 ], [ 68.61066222, 23.35159743 ], [ 68.60775375, 23.35273027 ], [ 68.60356784, 23.35741734 ], [ 68.59971714, 23.35781884 ], [ 68.59810865, 23.35680425 ], [ 68.59577334, 23.35848701 ], [ 68.59463096, 23.3606832 ], [ 68.59450066, 23.36117446 ], [ 68.59666884, 23.36103022 ], [ 68.59843385, 23.36256421 ], [ 68.59806061, 23.36359417 ], [ 68.59498322, 23.36848187 ], [ 68.58932185, 23.37403297 ], [ 68.58783734, 23.36832726 ], [ 68.58638203, 23.36985433 ] ], [ [ 68.59953105, 23.35947871 ], [ 68.59735584, 23.36081386 ], [ 68.59607935, 23.3599869 ], [ 68.59605026, 23.35954797 ], [ 68.59632492, 23.35925627 ], [ 68.59953105, 23.35947871 ] ], [ [ 68.63115215, 23.34938717 ], [ 68.63267815, 23.34621215 ], [ 68.63098264, 23.34461057 ], [ 68.63376153, 23.3426609 ], [ 68.63450301, 23.34258306 ], [ 68.63495922, 23.34290373 ], [ 68.63569784, 23.34488916 ], [ 68.63305855, 23.34768057 ], [ 68.63215315, 23.3498975 ], [ 68.63160145, 23.35153437 ], [ 68.62888682, 23.35063636 ], [ 68.62853408, 23.34910405 ], [ 68.62882066, 23.34840107 ], [ 68.62919295, 23.34802151 ], [ 68.63115215, 23.34938717 ] ], [ [ 68.52880192, 23.33323765 ], [ 68.52776206, 23.33689666 ], [ 68.52498674, 23.3378725 ], [ 68.5239228, 23.33788121 ], [ 68.5223484, 23.33663654 ], [ 68.51907027, 23.3415035 ], [ 68.51626682, 23.34123886 ], [ 68.51334095, 23.33935904 ], [ 68.50468576, 23.34241915 ], [ 68.50329888, 23.3410058 ], [ 68.50282967, 23.34004474 ], [ 68.50325024, 23.33264816 ], [ 68.50340474, 23.33224475 ], [ 68.50435317, 23.33183837 ], [ 68.50653148, 23.33530855 ], [ 68.50714564, 23.331604 ], [ 68.50533736, 23.33044088 ], [ 68.50501895, 23.32705426 ], [ 68.50444722, 23.32769573 ], [ 68.50252116, 23.3237679 ], [ 68.51205492, 23.31841695 ], [ 68.51973403, 23.31699383 ], [ 68.53583431, 23.31653643 ], [ 68.53768623, 23.31849885 ], [ 68.53412616, 23.32043076 ], [ 68.5357635, 23.32182562 ], [ 68.53711104, 23.32062912 ], [ 68.53720081, 23.32182395 ], [ 68.53705835, 23.32210374 ], [ 68.52934945, 23.32594395 ], [ 68.52706027, 23.32798553 ], [ 68.52596462, 23.33017635 ], [ 68.52823257, 23.33107746 ], [ 68.52867675, 23.33227766 ], [ 68.52880192, 23.33323765 ] ], [ [ 68.62719226, 23.32405865 ], [ 68.62869835, 23.32180011 ], [ 68.62892294, 23.32149303 ], [ 68.62928855, 23.32288587 ], [ 68.62916374, 23.32323682 ], [ 68.6282413, 23.32495844 ], [ 68.62721932, 23.32570553 ], [ 68.62525153, 23.32581675 ], [ 68.62525427, 23.32460666 ], [ 68.62555134, 23.32402813 ], [ 68.62719226, 23.32405865 ] ], [ [ 68.62625325, 23.32089412 ], [ 68.62734675, 23.31667554 ], [ 68.62777495, 23.31539786 ], [ 68.62771106, 23.31507933 ], [ 68.62576234, 23.31217206 ], [ 68.62734127, 23.31240451 ], [ 68.62777436, 23.31145155 ], [ 68.62868178, 23.31265974 ], [ 68.62992966, 23.31419134 ], [ 68.62993157, 23.31501901 ], [ 68.6296432, 23.31814218 ], [ 68.62913406, 23.31998301 ], [ 68.6288588, 23.32052052 ], [ 68.62709177, 23.32167625 ], [ 68.62625325, 23.32089412 ] ], [ [ 68.63215971, 23.31233752 ], [ 68.63430274, 23.31424844 ], [ 68.63242972, 23.31749725 ], [ 68.63204694, 23.31756437 ], [ 68.63073528, 23.31290853 ], [ 68.63106763, 23.31222296 ], [ 68.63215971, 23.31233752 ] ], [ [ 68.64322102, 23.31552041 ], [ 68.64380932, 23.31773305 ], [ 68.64354956, 23.31798625 ], [ 68.64243722, 23.31670916 ], [ 68.64211345, 23.31668508 ], [ 68.641348, 23.31799245 ], [ 68.64074898, 23.31733823 ], [ 68.63952315, 23.318452 ], [ 68.63978183, 23.31623673 ], [ 68.64195001, 23.31545031 ], [ 68.64322102, 23.31552041 ] ], [ [ 68.63724804, 23.31140733 ], [ 68.63496923, 23.31340504 ], [ 68.63453901, 23.31336236 ], [ 68.63367546, 23.31236315 ], [ 68.63406622, 23.31091261 ], [ 68.63212001, 23.31062114 ], [ 68.63347185, 23.30803084 ], [ 68.63623714, 23.30684817 ], [ 68.63719404, 23.30717278 ], [ 68.63797653, 23.30846322 ], [ 68.63775122, 23.31052268 ], [ 68.63795137, 23.31051135 ], [ 68.64627385, 23.30717266 ], [ 68.64432001, 23.31152797 ], [ 68.64362013, 23.31306386 ], [ 68.64225543, 23.31394315 ], [ 68.64196956, 23.31347013 ], [ 68.64063275, 23.31149185 ], [ 68.63724804, 23.31140733 ] ], [ [ 68.60874152, 23.31367636 ], [ 68.60927582, 23.31655741 ], [ 68.60610056, 23.31622803 ], [ 68.6054306, 23.31515002 ], [ 68.60535967, 23.31263602 ], [ 68.60830617, 23.31129611 ], [ 68.60830462, 23.30973744 ], [ 68.60357475, 23.31388426 ], [ 68.59972584, 23.31554222 ], [ 68.59413505, 23.31450665 ], [ 68.59310913, 23.31481576 ], [ 68.59068382, 23.31824934 ], [ 68.59008646, 23.31854212 ], [ 68.58833981, 23.31886065 ], [ 68.58739293, 23.31895006 ], [ 68.58414936, 23.31752825 ], [ 68.58280134, 23.31598043 ], [ 68.58274055, 23.31570935 ], [ 68.5873239, 23.31194186 ], [ 68.58822632, 23.31142104 ], [ 68.59416676, 23.30940998 ], [ 68.59381676, 23.30554354 ], [ 68.5951966, 23.30448437 ], [ 68.59836507, 23.30520058 ], [ 68.59712684, 23.30378938 ], [ 68.59949255, 23.30165064 ], [ 68.60067987, 23.30109203 ], [ 68.61168313, 23.29921842 ], [ 68.61589336, 23.29738784 ], [ 68.61843395, 23.29871845 ], [ 68.61866427, 23.29992485 ], [ 68.61723471, 23.30322623 ], [ 68.61605942, 23.30202866 ], [ 68.61533332, 23.30382907 ], [ 68.60897243, 23.31321454 ], [ 68.60874152, 23.31367636 ] ], [ [ 68.59586692, 23.29940927 ], [ 68.58928573, 23.30559552 ], [ 68.58236373, 23.30980563 ], [ 68.58263803, 23.30568731 ], [ 68.58513641, 23.30159044 ], [ 68.58682644, 23.30131292 ], [ 68.58873594, 23.29728961 ], [ 68.58868933, 23.2958436 ], [ 68.58813858, 23.29522121 ], [ 68.58688498, 23.29541421 ], [ 68.58649278, 23.29582107 ], [ 68.58482444, 23.29940045 ], [ 68.58241677, 23.30074668 ], [ 68.57565558, 23.30340195 ], [ 68.57327271, 23.30344284 ], [ 68.57246244, 23.30306065 ], [ 68.57175934, 23.30119824 ], [ 68.57176125, 23.300915 ], [ 68.57526934, 23.29475164 ], [ 68.57485461, 23.29420125 ], [ 68.57438922, 23.29415226 ], [ 68.57159758, 23.29614127 ], [ 68.57032633, 23.30032814 ], [ 68.56620264, 23.30186355 ], [ 68.56414056, 23.30064821 ], [ 68.56387186, 23.30116415 ], [ 68.55951285, 23.31240523 ], [ 68.55808675, 23.31370831 ], [ 68.55730653, 23.31342661 ], [ 68.55602181, 23.31217563 ], [ 68.5546875, 23.30859375 ], [ 68.5546875, 23.30608261 ], [ 68.55324841, 23.2967602 ], [ 68.5546875, 23.29436386 ], [ 68.5546875, 23.29408467 ], [ 68.55484295, 23.29411066 ], [ 68.55684471, 23.28971517 ], [ 68.55988336, 23.28686225 ], [ 68.56598747, 23.28648555 ], [ 68.5684514, 23.28469872 ], [ 68.5678246, 23.28133535 ], [ 68.5670104, 23.28061235 ], [ 68.56648576, 23.28048336 ], [ 68.56650043, 23.28307867 ], [ 68.56593966, 23.28375745 ], [ 68.56555235, 23.28366446 ], [ 68.56367707, 23.28184056 ], [ 68.56354725, 23.28161585 ], [ 68.56414485, 23.2785207 ], [ 68.56089532, 23.27679491 ], [ 68.55837047, 23.27752125 ], [ 68.55676162, 23.27396858 ], [ 68.5546875, 23.27483261 ], [ 68.55184805, 23.27772284 ], [ 68.54668856, 23.27799773 ], [ 68.54631567, 23.27828276 ], [ 68.54549515, 23.28195143 ], [ 68.54792106, 23.28250515 ], [ 68.54417133, 23.28560603 ], [ 68.54372704, 23.28564847 ], [ 68.54126775, 23.28513134 ], [ 68.54075408, 23.28476536 ], [ 68.53893256, 23.27943778 ], [ 68.53805292, 23.27330363 ], [ 68.53818035, 23.27244425 ], [ 68.54009235, 23.27002656 ], [ 68.54083395, 23.26601112 ], [ 68.54538035, 23.26548958 ], [ 68.5473237, 23.26200044 ], [ 68.5546875, 23.2578125 ], [ 68.5546875, 23.25753343 ], [ 68.55630517, 23.25693417 ], [ 68.55877626, 23.25373244 ], [ 68.55922234, 23.25345755 ], [ 68.56793392, 23.25091136 ], [ 68.57040095, 23.24692655 ], [ 68.57396603, 23.24489582 ], [ 68.57592773, 23.247877 ], [ 68.57298815, 23.25108445 ], [ 68.57990646, 23.25215554 ], [ 68.58284843, 23.25164175 ], [ 68.58453834, 23.25291955 ], [ 68.58274353, 23.25515235 ], [ 68.57848644, 23.25518191 ], [ 68.57695425, 23.25744736 ], [ 68.57184243, 23.25706375 ], [ 68.57121861, 23.2586112 ], [ 68.57289851, 23.26089108 ], [ 68.58450496, 23.2631433 ], [ 68.59583366, 23.26816595 ], [ 68.59861732, 23.26816261 ], [ 68.60030031, 23.2728703 ], [ 68.60250366, 23.26813614 ], [ 68.60710442, 23.26907086 ], [ 68.60774457, 23.27127695 ], [ 68.60659266, 23.27337992 ], [ 68.60949385, 23.27314127 ], [ 68.61197925, 23.27139056 ], [ 68.61276984, 23.2712692 ], [ 68.61498988, 23.27155125 ], [ 68.61511183, 23.27213562 ], [ 68.61032462, 23.2857722 ], [ 68.61204088, 23.29179883 ], [ 68.60756075, 23.29498923 ], [ 68.61202347, 23.29542816 ], [ 68.61207914, 23.29575646 ], [ 68.61191392, 23.29614294 ], [ 68.60218716, 23.29969311 ], [ 68.59586692, 23.29940927 ] ], [ [ 68.62929416, 23.28733146 ], [ 68.6286149, 23.28991902 ], [ 68.62819254, 23.28642142 ], [ 68.62837064, 23.28602433 ], [ 68.62903905, 23.28578186 ], [ 68.62929416, 23.28733146 ] ], [ [ 68.59705961, 23.25948715 ], [ 68.59768617, 23.26036155 ], [ 68.59400141, 23.26202631 ], [ 68.59404671, 23.26043797 ], [ 68.59438145, 23.26001382 ], [ 68.59582043, 23.25936484 ], [ 68.59705961, 23.25948715 ] ], [ [ 68.63235724, 23.31877816 ], [ 68.63233948, 23.31904101 ], [ 68.63220024, 23.31939721 ], [ 68.63204145, 23.31982136 ], [ 68.63188148, 23.32023704 ], [ 68.63176215, 23.32062125 ], [ 68.63165104, 23.32092774 ], [ 68.63146746, 23.32059574 ], [ 68.63157225, 23.31981266 ], [ 68.63171041, 23.31923413 ], [ 68.63184535, 23.31883466 ], [ 68.63202071, 23.31864035 ], [ 68.63222671, 23.31863391 ], [ 68.63235724, 23.31877816 ] ], [ [ 68.53010476, 23.34093428 ], [ 68.53116441, 23.33927083 ], [ 68.53268015, 23.34100318 ], [ 68.52903473, 23.34371984 ], [ 68.52131331, 23.34320176 ], [ 68.52277494, 23.3425467 ], [ 68.52903914, 23.34046197 ], [ 68.53010476, 23.34093428 ] ], [ [ 68.56515682, 23.34263575 ], [ 68.56363392, 23.34483206 ], [ 68.56332493, 23.34491122 ], [ 68.56092322, 23.34269512 ], [ 68.561221, 23.34222627 ], [ 68.56298041, 23.34196734 ], [ 68.56515682, 23.34263575 ] ], [ [ 68.55331862, 23.33987331 ], [ 68.5546875, 23.33928573 ], [ 68.55553102, 23.33968723 ], [ 68.556777, 23.34181452 ], [ 68.5546875, 23.34179676 ], [ 68.55376685, 23.34176588 ], [ 68.55319011, 23.34026635 ], [ 68.55331862, 23.33987331 ] ], [ [ 68.55010235, 23.34053481 ], [ 68.54971242, 23.34015286 ], [ 68.54726505, 23.33961844 ], [ 68.54567528, 23.34025133 ], [ 68.54536724, 23.33908701 ], [ 68.55032337, 23.33938825 ], [ 68.55088925, 23.33965564 ], [ 68.55102742, 23.33997905 ], [ 68.54998636, 23.34132445 ], [ 68.55010235, 23.34053481 ] ], [ [ 68.54064465, 23.33938634 ], [ 68.54062414, 23.33910155 ], [ 68.54156256, 23.33907628 ], [ 68.54172027, 23.337309 ], [ 68.54451478, 23.33859384 ], [ 68.54405355, 23.33910263 ], [ 68.54279292, 23.33917451 ], [ 68.54214895, 23.34159374 ], [ 68.54064465, 23.33938634 ] ], [ [ 68.57358611, 23.35994267 ], [ 68.57301605, 23.36032224 ], [ 68.57237041, 23.35861731 ], [ 68.57065225, 23.3595401 ], [ 68.56987095, 23.35920382 ], [ 68.56971145, 23.35868895 ], [ 68.57365668, 23.35234392 ], [ 68.57560384, 23.3521831 ], [ 68.57465148, 23.35586906 ], [ 68.57451844, 23.35895515 ], [ 68.57358611, 23.35994267 ] ], [ [ 68.47379577, 23.35382724 ], [ 68.47526395, 23.35328555 ], [ 68.47631371, 23.3533746 ], [ 68.47652018, 23.35368347 ], [ 68.47662473, 23.35478056 ], [ 68.47637415, 23.35508895 ], [ 68.47493827, 23.35540223 ], [ 68.47139215, 23.35649204 ], [ 68.47379577, 23.35382724 ] ], [ [ 68.53688645, 23.37430334 ], [ 68.53546214, 23.37525511 ], [ 68.53425205, 23.37362325 ], [ 68.53375435, 23.37454402 ], [ 68.53701496, 23.37703133 ], [ 68.53296983, 23.37684214 ], [ 68.53431046, 23.37804627 ], [ 68.53373945, 23.37890625 ], [ 68.53402507, 23.37890625 ], [ 68.53412473, 23.38015234 ], [ 68.53239834, 23.38062453 ], [ 68.53225184, 23.38395214 ], [ 68.53503382, 23.38765395 ], [ 68.53065348, 23.38462865 ], [ 68.53159428, 23.37890625 ], [ 68.5316143, 23.37890625 ], [ 68.53333294, 23.37168086 ], [ 68.5352987, 23.37106442 ], [ 68.53710341, 23.37267864 ], [ 68.53688645, 23.37430334 ] ], [ [ 68.50515866, 23.37890625 ], [ 68.50519335, 23.37960935 ], [ 68.50336802, 23.38096654 ], [ 68.50299954, 23.38321483 ], [ 68.50185764, 23.38160384 ], [ 68.50303185, 23.37890625 ], [ 68.50277281, 23.37890625 ], [ 68.50282276, 23.37840784 ], [ 68.50491416, 23.37728143 ], [ 68.5055052, 23.37890625 ], [ 68.50515866, 23.37890625 ] ], [ [ 68.50482023, 23.38106465 ], [ 68.50470865, 23.38460004 ], [ 68.50397873, 23.38345826 ], [ 68.50471425, 23.38095105 ], [ 68.50482023, 23.38106465 ] ], [ [ 68.52523315, 23.39658177 ], [ 68.52727616, 23.39637184 ], [ 68.52731645, 23.39867294 ], [ 68.5242362, 23.39903152 ], [ 68.52579427, 23.39952624 ], [ 68.52578342, 23.39988124 ], [ 68.52415597, 23.4012773 ], [ 68.52454054, 23.4038589 ], [ 68.52382016, 23.40510046 ], [ 68.5234251, 23.40501607 ], [ 68.52289104, 23.40329063 ], [ 68.52290666, 23.40238714 ], [ 68.52070558, 23.40010345 ], [ 68.52038372, 23.39559162 ], [ 68.52442086, 23.38821638 ], [ 68.52713335, 23.38626575 ], [ 68.527897, 23.3869791 ], [ 68.52726436, 23.39193034 ], [ 68.52523315, 23.39658177 ] ], [ [ 68.42246985, 23.40497315 ], [ 68.42154217, 23.40505815 ], [ 68.42113125, 23.40473545 ], [ 68.42197275, 23.40188372 ], [ 68.42113996, 23.40134466 ], [ 68.41928196, 23.40308666 ], [ 68.42019951, 23.4067893 ], [ 68.41883898, 23.4067893 ], [ 68.41842425, 23.40550435 ], [ 68.41809654, 23.40550935 ], [ 68.41740692, 23.40679955 ], [ 68.41579771, 23.40884078 ], [ 68.41461492, 23.40963805 ], [ 68.41338265, 23.40924573 ], [ 68.41353715, 23.40640414 ], [ 68.41577256, 23.40466011 ], [ 68.41343474, 23.40515292 ], [ 68.41320872, 23.40496826 ], [ 68.41400301, 23.40340316 ], [ 68.41441774, 23.40310764 ], [ 68.41907775, 23.40047824 ], [ 68.42228746, 23.40023196 ], [ 68.42367256, 23.40090466 ], [ 68.42396831, 23.40184498 ], [ 68.42380261, 23.40311706 ], [ 68.42246985, 23.40497315 ] ], [ [ 68.40878677, 23.40913606 ], [ 68.40889573, 23.40823126 ], [ 68.40908325, 23.40735805 ], [ 68.40936732, 23.40646565 ], [ 68.40974605, 23.40599143 ], [ 68.40998483, 23.40631294 ], [ 68.40999937, 23.40722275 ], [ 68.40986335, 23.40795922 ], [ 68.40970373, 23.40838325 ], [ 68.40952456, 23.40866888 ], [ 68.40932405, 23.40895557 ], [ 68.40904653, 23.40928745 ], [ 68.40878677, 23.40913606 ] ], [ [ 68.46198666, 23.40617836 ], [ 68.46427655, 23.40516353 ], [ 68.46280932, 23.40921247 ], [ 68.46204877, 23.40743327 ], [ 68.46178985, 23.40664482 ], [ 68.46198666, 23.40617836 ] ], [ [ 68.47326136, 23.40322554 ], [ 68.47592056, 23.40306795 ], [ 68.47550225, 23.40396881 ], [ 68.47387242, 23.40393353 ], [ 68.47154212, 23.4044286 ], [ 68.47205126, 23.40536475 ], [ 68.46958005, 23.40554786 ], [ 68.46968305, 23.40526116 ], [ 68.47278774, 23.40340006 ], [ 68.47326136, 23.40322554 ] ], [ [ 68.46556032, 23.40351057 ], [ 68.46467865, 23.40366161 ], [ 68.46045983, 23.40496612 ], [ 68.46113181, 23.40307415 ], [ 68.46287274, 23.40241778 ], [ 68.46925724, 23.40359831 ], [ 68.4679352, 23.40422368 ], [ 68.46556032, 23.40351057 ] ], [ [ 68.43258464, 23.40537167 ], [ 68.43236244, 23.40566433 ], [ 68.43183207, 23.40602374 ], [ 68.43105948, 23.40651071 ], [ 68.43038535, 23.40685165 ], [ 68.42993188, 23.40704441 ], [ 68.42959547, 23.4071418 ], [ 68.42930317, 23.4065572 ], [ 68.42984355, 23.40616512 ], [ 68.43020332, 23.40593076 ], [ 68.43036783, 23.40576685 ], [ 68.43060935, 23.40542626 ], [ 68.43098021, 23.40522456 ], [ 68.43156695, 23.40498781 ], [ 68.43217874, 23.40491545 ], [ 68.43253076, 23.40507221 ], [ 68.43258464, 23.40537167 ] ], [ [ 68.54229665, 23.37931085 ], [ 68.54288185, 23.38005948 ], [ 68.54299772, 23.38086712 ], [ 68.54177785, 23.38147378 ], [ 68.53720665, 23.38246775 ], [ 68.53649425, 23.38281155 ], [ 68.53660166, 23.38470757 ], [ 68.53553903, 23.38538766 ], [ 68.53471994, 23.38328481 ], [ 68.5364933, 23.38127053 ], [ 68.53557026, 23.38077903 ], [ 68.54149163, 23.37919235 ], [ 68.54229665, 23.37931085 ] ], [ [ 68.53862035, 23.37484968 ], [ 68.53924656, 23.37489903 ], [ 68.54020476, 23.37583375 ], [ 68.54033375, 23.37759423 ], [ 68.53860617, 23.37577426 ], [ 68.53862035, 23.37484968 ] ], [ [ 68.45805228, 23.41153932 ], [ 68.45809221, 23.41123533 ], [ 68.46248484, 23.41073906 ], [ 68.46281743, 23.41086686 ], [ 68.46246195, 23.41151607 ], [ 68.46041226, 23.41233993 ], [ 68.45953345, 23.41243172 ], [ 68.45805228, 23.41153932 ] ], [ [ 68.39859474, 23.41912234 ], [ 68.39870298, 23.41867685 ], [ 68.40025628, 23.41630006 ], [ 68.40145075, 23.41576004 ], [ 68.40180397, 23.41586363 ], [ 68.40269375, 23.41781914 ], [ 68.40270185, 23.41811502 ], [ 68.40182173, 23.41942441 ], [ 68.40018928, 23.42110193 ], [ 68.39859474, 23.41912234 ] ], [ [ 68.40269554, 23.42125011 ], [ 68.40121651, 23.42280591 ], [ 68.40120697, 23.42647636 ], [ 68.39955735, 23.42837751 ], [ 68.39794874, 23.42234814 ], [ 68.39804876, 23.42199731 ], [ 68.39864683, 23.42162275 ], [ 68.40108097, 23.4223212 ], [ 68.40189791, 23.42042875 ], [ 68.40233707, 23.4203006 ], [ 68.40269554, 23.42125011 ] ], [ [ 68.40617073, 23.45626497 ], [ 68.40122426, 23.45466757 ], [ 68.40342712, 23.45196962 ], [ 68.40451646, 23.45221353 ], [ 68.40657592, 23.4526422 ], [ 68.40779424, 23.45790482 ], [ 68.40617073, 23.45626497 ] ], [ [ 68.46999085, 23.48395813 ], [ 68.47111762, 23.48575306 ], [ 68.47230125, 23.48486126 ], [ 68.47292697, 23.49065256 ], [ 68.47164667, 23.49350381 ], [ 68.47018504, 23.49309242 ], [ 68.47022235, 23.49568057 ], [ 68.46947432, 23.49626148 ], [ 68.46611226, 23.49779725 ], [ 68.46380293, 23.49628305 ], [ 68.46411777, 23.49277341 ], [ 68.46593702, 23.49087214 ], [ 68.46465933, 23.49020195 ], [ 68.46492445, 23.48898971 ], [ 68.46464121, 23.48870373 ], [ 68.46167648, 23.49021292 ], [ 68.45900798, 23.48704612 ], [ 68.45969927, 23.47918653 ], [ 68.46672022, 23.48016345 ], [ 68.46934307, 23.47889101 ], [ 68.47010684, 23.47907054 ], [ 68.4714632, 23.48032916 ], [ 68.46999085, 23.48395813 ] ], [ [ 68.4991523, 23.4442867 ], [ 68.50009537, 23.44487631 ], [ 68.50236285, 23.44967413 ], [ 68.50158894, 23.45257092 ], [ 68.50147426, 23.45308554 ], [ 68.49729657, 23.44987977 ], [ 68.4959414, 23.44775093 ], [ 68.49575508, 23.44722617 ], [ 68.497159, 23.44617796 ], [ 68.49713612, 23.44407284 ], [ 68.4991523, 23.4442867 ] ], [ [ 68.50144792, 23.43912733 ], [ 68.50169277, 23.44344771 ], [ 68.50138855, 23.44360507 ], [ 68.49942446, 23.44202006 ], [ 68.50114512, 23.43906736 ], [ 68.50144792, 23.43912733 ] ], [ [ 68.50123286, 23.43547738 ], [ 68.50044692, 23.43597937 ], [ 68.49923837, 23.43616223 ], [ 68.4970777, 23.43454385 ], [ 68.49820793, 23.43449163 ], [ 68.50123286, 23.43547738 ] ], [ [ 68.50145495, 23.43026495 ], [ 68.50161672, 23.43077207 ], [ 68.5017755, 23.43128157 ], [ 68.50191355, 23.43172455 ], [ 68.5019294, 23.43218207 ], [ 68.50158012, 23.43199468 ], [ 68.50136983, 23.43155384 ], [ 68.50107181, 23.43122423 ], [ 68.50078344, 23.43099928 ], [ 68.50061965, 23.43069434 ], [ 68.50064266, 23.43027055 ], [ 68.50086582, 23.42999387 ], [ 68.5012027, 23.42998445 ], [ 68.50145495, 23.43026495 ] ], [ [ 69.64903641, 22.75607002 ], [ 69.65106797, 22.75451303 ], [ 69.66215706, 22.75076175 ], [ 69.66270542, 22.7505964 ], [ 69.66632283, 22.75057614 ], [ 69.66651714, 22.75082707 ], [ 69.66671908, 22.75269997 ], [ 69.66641831, 22.75296271 ], [ 69.66303933, 22.75493097 ], [ 69.6548599, 22.75608397 ], [ 69.64499116, 22.76389647 ], [ 69.64303744, 22.76459074 ], [ 69.63848543, 22.76473212 ], [ 69.63812256, 22.76476932 ], [ 69.63211262, 22.76293647 ], [ 69.63127756, 22.76195145 ], [ 69.63144195, 22.76129568 ], [ 69.63203514, 22.76079667 ], [ 69.6351459, 22.76038897 ], [ 69.63942742, 22.76103246 ], [ 69.64027345, 22.75924861 ], [ 69.64612615, 22.758322 ], [ 69.64711785, 22.75523758 ], [ 69.64903641, 22.75607002 ] ], [ [ 70.24633074, 22.71433866 ], [ 70.24351954, 22.72023165 ], [ 70.24366045, 22.71259356 ], [ 70.24459934, 22.71225226 ], [ 70.24562657, 22.71211314 ], [ 70.24633074, 22.71433866 ] ], [ [ 70.24462914, 22.69133651 ], [ 70.24179316, 22.68933713 ], [ 70.24233675, 22.68812108 ], [ 70.24417758, 22.68806493 ], [ 70.24282014, 22.68673015 ], [ 70.24734795, 22.68809664 ], [ 70.24748981, 22.68824971 ], [ 70.24770427, 22.69077778 ], [ 70.24644482, 22.69172204 ], [ 70.24629748, 22.69155002 ], [ 70.24626601, 22.69046295 ], [ 70.24462914, 22.69133651 ] ], [ [ 70.23839092, 22.68240321 ], [ 70.23843813, 22.68273306 ], [ 70.23505938, 22.68448925 ], [ 70.23454797, 22.68404531 ], [ 70.23508453, 22.68246174 ], [ 70.23535144, 22.68231785 ], [ 70.23839092, 22.68240321 ] ], [ [ 70.23943186, 22.68179691 ], [ 70.24155581, 22.68207097 ], [ 70.24260211, 22.68354416 ], [ 70.24335957, 22.68221235 ], [ 70.24354661, 22.68242395 ], [ 70.24382126, 22.68381274 ], [ 70.24353373, 22.68411422 ], [ 70.24217117, 22.68445694 ], [ 70.24135923, 22.68400645 ], [ 70.23945618, 22.68370867 ], [ 70.23913336, 22.68352485 ], [ 70.23910403, 22.68215776 ], [ 70.23943186, 22.68179691 ] ], [ [ 70.21797252, 22.64250135 ], [ 70.21808565, 22.64096963 ], [ 70.21942091, 22.64053786 ], [ 70.22019506, 22.64022911 ], [ 70.21936405, 22.64275944 ], [ 70.22085226, 22.64327931 ], [ 70.21690547, 22.64614534 ], [ 70.21605742, 22.64667034 ], [ 70.21569335, 22.64560378 ], [ 70.21687245, 22.64458334 ], [ 70.21682894, 22.64233267 ], [ 70.21797252, 22.64250135 ] ], [ [ 69.95936072, 22.59608626 ], [ 69.9609375, 22.59737706 ], [ 69.9609375, 22.59765625 ], [ 69.96389556, 22.59932673 ], [ 69.96397507, 22.59979928 ], [ 69.9609375, 22.6015625 ], [ 69.9609375, 22.60184145 ], [ 69.95625031, 22.60429513 ], [ 69.95330644, 22.60529995 ], [ 69.95281863, 22.60538733 ], [ 69.95114326, 22.60429585 ], [ 69.94982004, 22.60542798 ], [ 69.94847775, 22.6058923 ], [ 69.94769907, 22.60537815 ], [ 69.94926441, 22.59891808 ], [ 69.95236766, 22.59603465 ], [ 69.95408571, 22.59517431 ], [ 69.95648396, 22.59510064 ], [ 69.95936072, 22.59608626 ] ], [ [ 70.19089222, 22.59777915 ], [ 70.19202852, 22.59815145 ], [ 70.19032896, 22.59988844 ], [ 70.18942285, 22.59988844 ], [ 70.18876958, 22.59922361 ], [ 70.18910384, 22.59828591 ], [ 70.18979347, 22.59777045 ], [ 70.19089222, 22.59777915 ] ], [ [ 69.99733317, 22.58953261 ], [ 69.99540412, 22.58852375 ], [ 69.99230981, 22.58444715 ], [ 69.98583233, 22.58361661 ], [ 69.98244345, 22.58180976 ], [ 69.97554696, 22.58046222 ], [ 69.97311497, 22.57832646 ], [ 69.96576297, 22.57791507 ], [ 69.96519566, 22.57758963 ], [ 69.9609375, 22.57142854 ], [ 69.9609375, 22.57087052 ], [ 69.95768404, 22.56338727 ], [ 69.95678306, 22.55527687 ], [ 69.95734882, 22.55064118 ], [ 69.95792258, 22.54958665 ], [ 69.9609375, 22.54743302 ], [ 69.9609375, 22.54715395 ], [ 69.96464825, 22.54526043 ], [ 69.97088671, 22.54597592 ], [ 69.97562671, 22.54782724 ], [ 69.97872341, 22.54605222 ], [ 69.98086774, 22.54680574 ], [ 69.98435307, 22.54617596 ], [ 69.98493135, 22.54624057 ], [ 69.99323285, 22.54840767 ], [ 69.99921954, 22.55296063 ], [ 70.00764132, 22.55383182 ], [ 70.02155685, 22.56342435 ], [ 70.02532363, 22.56792712 ], [ 70.02706516, 22.56795502 ], [ 70.02731335, 22.56844115 ], [ 70.02821207, 22.57461572 ], [ 70.02808642, 22.57523096 ], [ 70.02493584, 22.58604026 ], [ 70.02310085, 22.58803284 ], [ 70.02179635, 22.58862901 ], [ 70.00881052, 22.59316218 ], [ 70.00400197, 22.59318364 ], [ 69.99786866, 22.5884341 ], [ 69.99733317, 22.58953261 ] ], [ [ 70.18317795, 22.58138514 ], [ 70.18307316, 22.58251214 ], [ 70.18225992, 22.58320987 ], [ 70.18102384, 22.58341742 ], [ 70.18083024, 22.58325434 ], [ 70.18033957, 22.58148134 ], [ 70.1826092, 22.58100355 ], [ 70.18317795, 22.58138514 ] ], [ [ 70.04363227, 22.56742024 ], [ 70.0443722, 22.56781185 ], [ 70.04600811, 22.5700649 ], [ 70.04610837, 22.57069945 ], [ 70.04407537, 22.57235801 ], [ 70.04218352, 22.56989396 ], [ 70.04203081, 22.56729305 ], [ 70.04363227, 22.56742024 ] ], [ [ 70.03875995, 22.56615615 ], [ 70.03873396, 22.56500971 ], [ 70.03920591, 22.5643121 ], [ 70.04052377, 22.56445146 ], [ 70.04081094, 22.56486511 ], [ 70.04094374, 22.56597304 ], [ 70.04016066, 22.56712985 ], [ 70.03952074, 22.56784844 ], [ 70.03875995, 22.56615615 ] ], [ [ 70.01453304, 22.5526427 ], [ 70.02233362, 22.55419683 ], [ 70.0244714, 22.55506897 ], [ 70.02521014, 22.55601788 ], [ 70.02496076, 22.55721414 ], [ 70.02328146, 22.55830443 ], [ 70.01706922, 22.55772304 ], [ 70.01252878, 22.55429268 ], [ 70.01394784, 22.55251145 ], [ 70.01453304, 22.5526427 ] ], [ [ 70.01636314, 22.54776096 ], [ 70.01857555, 22.54763746 ], [ 70.01994455, 22.54789007 ], [ 70.02222741, 22.54958224 ], [ 70.02450585, 22.55167234 ], [ 70.02428246, 22.55286515 ], [ 70.02393508, 22.55311668 ], [ 70.02262616, 22.55252671 ], [ 70.0118103, 22.54944456 ], [ 70.01636314, 22.54776096 ] ], [ [ 70.00989306, 22.55364084 ], [ 70.00824535, 22.55169272 ], [ 70.00111151, 22.55203581 ], [ 69.99612784, 22.54864705 ], [ 70.00488281, 22.54882812 ], [ 70.01153851, 22.55168247 ], [ 70.01220286, 22.55201495 ], [ 70.01261008, 22.55251563 ], [ 70.00989306, 22.55364084 ] ], [ [ 69.94447684, 22.55106032 ], [ 69.94216537, 22.55019808 ], [ 69.93991291, 22.54809356 ], [ 69.93861914, 22.54534185 ], [ 69.93848824, 22.53951204 ], [ 69.93892181, 22.53868377 ], [ 69.94394696, 22.53661823 ], [ 69.94789577, 22.53561521 ], [ 69.94989467, 22.53558373 ], [ 69.95327675, 22.53695166 ], [ 69.95356965, 22.53729045 ], [ 69.95742464, 22.54369175 ], [ 69.95753741, 22.54409516 ], [ 69.95729685, 22.54561174 ], [ 69.95202756, 22.55106032 ], [ 69.94447684, 22.55106032 ] ], [ [ 69.95464194, 22.53625906 ], [ 69.9609375, 22.54045761 ], [ 69.96364486, 22.54192245 ], [ 69.9609375, 22.54296875 ], [ 69.9609375, 22.54324782 ], [ 69.95984006, 22.54350805 ], [ 69.95825922, 22.54227936 ], [ 69.95401526, 22.53614604 ], [ 69.95464194, 22.53625906 ] ], [ [ 69.95255935, 22.53275704 ], [ 69.95348096, 22.53284812 ], [ 69.95720291, 22.534518 ], [ 69.95749605, 22.53559613 ], [ 69.95729482, 22.53582478 ], [ 69.95566475, 22.53603303 ], [ 69.95412362, 22.53505194 ], [ 69.95255935, 22.53275704 ] ], [ [ 69.92962503, 22.53094804 ], [ 69.93428075, 22.53503525 ], [ 69.93230414, 22.53688848 ], [ 69.93308687, 22.53844798 ], [ 69.93193293, 22.54509091 ], [ 69.92537487, 22.54784834 ], [ 69.91909623, 22.55264628 ], [ 69.91660285, 22.55274618 ], [ 69.90778124, 22.55129266 ], [ 69.90788758, 22.54973781 ], [ 69.91187441, 22.54869688 ], [ 69.90900695, 22.54611134 ], [ 69.90728557, 22.54584205 ], [ 69.90671432, 22.54879224 ], [ 69.90547335, 22.54904318 ], [ 69.90056646, 22.54589868 ], [ 69.90077543, 22.54027152 ], [ 69.89885378, 22.53767514 ], [ 69.89988673, 22.53462803 ], [ 69.89833665, 22.5335983 ], [ 69.89825547, 22.52887106 ], [ 69.901443, 22.52817786 ], [ 69.89496875, 22.52285111 ], [ 69.89327872, 22.52488685 ], [ 69.89012706, 22.52350998 ], [ 69.86691988, 22.53095424 ], [ 69.86274624, 22.52925313 ], [ 69.86240661, 22.52755165 ], [ 69.86504745, 22.52485776 ], [ 69.87132645, 22.52197874 ], [ 69.88427126, 22.51972973 ], [ 69.88511932, 22.51774836 ], [ 69.88830221, 22.51568055 ], [ 69.89687753, 22.51175892 ], [ 69.8975507, 22.51398015 ], [ 69.90157616, 22.51414335 ], [ 69.91547358, 22.51174808 ], [ 69.92999935, 22.51759386 ], [ 69.93182266, 22.52007532 ], [ 69.93368745, 22.51857054 ], [ 69.94149041, 22.51782715 ], [ 69.94424736, 22.52300632 ], [ 69.94216597, 22.52854872 ], [ 69.93749344, 22.53195953 ], [ 69.93542135, 22.52515161 ], [ 69.93617105, 22.53306365 ], [ 69.92962503, 22.53094804 ] ], [ [ 69.94730341, 22.53020346 ], [ 69.94736064, 22.53102255 ], [ 69.94677424, 22.53153634 ], [ 69.94396186, 22.53239191 ], [ 69.94360924, 22.53044975 ], [ 69.94385397, 22.53027964 ], [ 69.94631243, 22.5297116 ], [ 69.94730341, 22.53020346 ] ], [ [ 69.35708404, 22.52168405 ], [ 69.35129285, 22.52632678 ], [ 69.34967077, 22.52557123 ], [ 69.34857822, 22.52709413 ], [ 69.34585607, 22.52703607 ], [ 69.34135473, 22.52517915 ], [ 69.33321834, 22.52596271 ], [ 69.33056724, 22.52431488 ], [ 69.32233155, 22.52765203 ], [ 69.31729901, 22.52546668 ], [ 69.31570375, 22.52296805 ], [ 69.3156985, 22.52046931 ], [ 69.31589925, 22.51994276 ], [ 69.32195866, 22.51540613 ], [ 69.32446265, 22.51371443 ], [ 69.33522594, 22.50733674 ], [ 69.34052551, 22.50717473 ], [ 69.3471055, 22.50410354 ], [ 69.34764755, 22.50398195 ], [ 69.35007727, 22.50404477 ], [ 69.35165036, 22.50473285 ], [ 69.35668302, 22.50911534 ], [ 69.36156535, 22.5105499 ], [ 69.36381447, 22.51242185 ], [ 69.35708404, 22.52168405 ] ], [ [ 69.40357387, 22.52422595 ], [ 69.40415442, 22.52442825 ], [ 69.40599108, 22.52565443 ], [ 69.40663564, 22.52730346 ], [ 69.40663421, 22.52768683 ], [ 69.40531933, 22.53225434 ], [ 69.40516472, 22.53250051 ], [ 69.40429473, 22.53268373 ], [ 69.40342271, 22.53191721 ], [ 69.40196276, 22.5276587 ], [ 69.40219843, 22.52547014 ], [ 69.40357387, 22.52422595 ] ], [ [ 69.08677316, 22.48675466 ], [ 69.08921027, 22.48991227 ], [ 69.08909285, 22.49047041 ], [ 69.08594084, 22.48861694 ], [ 69.08438396, 22.48494053 ], [ 69.08677316, 22.48675466 ] ], [ [ 72.78704357, 19.50285006 ], [ 72.78894365, 19.50352716 ], [ 72.78907013, 19.50399184 ], [ 72.78884637, 19.50446773 ], [ 72.78600383, 19.50446415 ], [ 72.78504658, 19.50359845 ], [ 72.78503466, 19.50303435 ], [ 72.78536964, 19.50265086 ], [ 72.78704357, 19.50285006 ] ], [ [ 72.81281126, 19.49254966 ], [ 72.81293535, 19.49211705 ], [ 72.81641352, 19.49181902 ], [ 72.81680775, 19.49196243 ], [ 72.82260823, 19.4964174 ], [ 72.82367587, 19.49752224 ], [ 72.82671785, 19.50407434 ], [ 72.82735181, 19.50633633 ], [ 72.82637024, 19.50675595 ], [ 72.82320774, 19.50496685 ], [ 72.81918216, 19.50410914 ], [ 72.81250823, 19.50358844 ], [ 72.80681098, 19.50005174 ], [ 72.81281126, 19.49254966 ] ], [ [ 72.73527455, 19.45860446 ], [ 72.73366296, 19.46181464 ], [ 72.73667395, 19.46561813 ], [ 72.73182046, 19.46787703 ], [ 72.73075926, 19.46855211 ], [ 72.73040187, 19.46823084 ], [ 72.72646165, 19.46717107 ], [ 72.72833455, 19.46151757 ], [ 72.73232913, 19.45735991 ], [ 72.73527455, 19.45860446 ] ], [ [ 72.86614406, 19.32412553 ], [ 72.86603844, 19.32445586 ], [ 72.86478066, 19.32530224 ], [ 72.86332846, 19.32552922 ], [ 72.86061692, 19.32597685 ], [ 72.86539078, 19.32398701 ], [ 72.86614406, 19.32412553 ] ], [ [ 72.87102175, 19.32806253 ], [ 72.86953652, 19.32948875 ], [ 72.86551476, 19.33246553 ], [ 72.85933411, 19.33581603 ], [ 72.85940766, 19.3359375 ], [ 72.85800171, 19.3359375 ], [ 72.85220301, 19.33724678 ], [ 72.84484386, 19.33833694 ], [ 72.83940935, 19.33784294 ], [ 72.83865654, 19.3376739 ], [ 72.83612144, 19.3359375 ], [ 72.83547795, 19.3359375 ], [ 72.83492255, 19.33347142 ], [ 72.83555424, 19.33292568 ], [ 72.84908116, 19.33008266 ], [ 72.85786402, 19.3297466 ], [ 72.87352324, 19.32464731 ], [ 72.87102175, 19.32806253 ] ], [ [ 72.85777211, 19.32303774 ], [ 72.86499965, 19.32048345 ], [ 72.86537564, 19.32060885 ], [ 72.86200786, 19.32318723 ], [ 72.86012781, 19.32380235 ], [ 72.85639393, 19.32462168 ], [ 72.85777211, 19.32303774 ] ], [ [ 72.78333986, 19.13465166 ], [ 72.78185976, 19.13525152 ], [ 72.78152955, 19.13534725 ], [ 72.78039873, 19.13321507 ], [ 72.78305984, 19.13237035 ], [ 72.78333986, 19.13465166 ] ], [ [ 72.84150958, 18.70586324 ], [ 72.84151268, 18.70537031 ], [ 72.8417139, 18.70508635 ], [ 72.84203494, 18.70508182 ], [ 72.84227824, 18.70536315 ], [ 72.84243417, 18.70588064 ], [ 72.84259021, 18.70644784 ], [ 72.84273577, 18.70702291 ], [ 72.84284854, 18.70751965 ], [ 72.84280491, 18.70798707 ], [ 72.84258974, 18.70843816 ], [ 72.84207714, 18.70792937 ], [ 72.84196353, 18.7073245 ], [ 72.84180641, 18.70682466 ], [ 72.84164715, 18.70635295 ], [ 72.84150958, 18.70586324 ] ], [ [ 72.81236076, 18.70376802 ], [ 72.81316781, 18.70232403 ], [ 72.81352866, 18.70234716 ], [ 72.81520772, 18.70309973 ], [ 72.81521404, 18.70346606 ], [ 72.81413531, 18.70496321 ], [ 72.81231904, 18.70638096 ], [ 72.81236076, 18.70376802 ] ], [ [ 72.86412525, 18.6328125 ], [ 72.86553943, 18.63406384 ], [ 72.86480725, 18.63559747 ], [ 72.86353636, 18.6328125 ], [ 72.86412525, 18.6328125 ] ], [ [ 72.96611691, 18.29845166 ], [ 72.96677077, 18.29922855 ], [ 72.96569395, 18.30099988 ], [ 72.96303797, 18.30032337 ], [ 72.96369815, 18.29843557 ], [ 72.96533155, 18.29829001 ], [ 72.96611691, 18.29845166 ] ], [ [ 73.08451414, 17.81426811 ], [ 73.08524883, 17.81475115 ], [ 73.08606565, 17.81684911 ], [ 73.08413076, 17.81863844 ], [ 73.08354485, 17.81863844 ], [ 73.08264863, 17.81788576 ], [ 73.08267331, 17.81740427 ], [ 73.08353102, 17.81441665 ], [ 73.08377445, 17.81408775 ], [ 73.08451414, 17.81426811 ] ], [ [ 73.30223763, 16.97981203 ], [ 73.30451131, 16.97919452 ], [ 73.30310345, 16.98243165 ], [ 73.30240452, 16.98283303 ], [ 73.30182302, 16.98235047 ], [ 73.30199826, 16.98028874 ], [ 73.30223763, 16.97981203 ] ], [ [ 73.44410276, 16.10031927 ], [ 73.44447577, 16.10113823 ], [ 73.44274163, 16.10267854 ], [ 73.44291115, 16.10077465 ], [ 73.44353342, 16.10006595 ], [ 73.44410276, 16.10031927 ] ], [ [ 73.46186245, 16.03946066 ], [ 73.46225154, 16.04372156 ], [ 73.45913875, 16.04552913 ], [ 73.45724583, 16.04100025 ], [ 73.46043754, 16.03899264 ], [ 73.46130311, 16.03884852 ], [ 73.46186245, 16.03946066 ] ], [ [ 73.46739244, 15.89507127 ], [ 73.46617925, 15.89587677 ], [ 73.46572495, 15.89596903 ], [ 73.46546411, 15.89462161 ], [ 73.46755123, 15.89354432 ], [ 73.46739244, 15.89507127 ] ], [ [ 73.46428084, 15.88684893 ], [ 73.46429336, 15.88936663 ], [ 73.46250284, 15.89027441 ], [ 73.46218085, 15.89037335 ], [ 73.46181393, 15.88907576 ], [ 73.46428084, 15.88684893 ] ], [ [ 73.4548074, 15.8885324 ], [ 73.45644951, 15.88686824 ], [ 73.45667446, 15.88706565 ], [ 73.45665824, 15.88878381 ], [ 73.45587575, 15.8896178 ], [ 73.45528245, 15.88987792 ], [ 73.4548074, 15.8885324 ] ], [ [ 73.79886603, 15.37434506 ], [ 73.7994467, 15.37793922 ], [ 73.79495025, 15.37893605 ], [ 73.7933284, 15.37769353 ], [ 73.79314601, 15.37732124 ], [ 73.79289067, 15.37544107 ], [ 73.79300034, 15.37488496 ], [ 73.79614735, 15.37241781 ], [ 73.79682386, 15.37239957 ], [ 73.79886603, 15.37434506 ] ], [ [ 73.76229715, 15.35509741 ], [ 73.76090157, 15.35256767 ], [ 73.76535368, 15.34995925 ], [ 73.76849663, 15.35119891 ], [ 73.77194023, 15.34996057 ], [ 73.77896273, 15.35098052 ], [ 73.78046453, 15.34884334 ], [ 73.78143835, 15.3485198 ], [ 73.78279805, 15.34886122 ], [ 73.78481066, 15.35166395 ], [ 73.78471994, 15.35330415 ], [ 73.78197312, 15.35553658 ], [ 73.78045261, 15.35577774 ], [ 73.77937937, 15.35526085 ], [ 73.76652885, 15.35246944 ], [ 73.76229715, 15.35509741 ] ], [ [ 73.94657183, 15.17121565 ], [ 73.94628084, 15.16897428 ], [ 73.94898844, 15.16480315 ], [ 73.95073605, 15.16438115 ], [ 73.95095778, 15.16476452 ], [ 73.94900513, 15.16922426 ], [ 73.94862771, 15.17242372 ], [ 73.94657183, 15.17121565 ] ], [ [ 73.86463475, 15.4034847 ], [ 73.86521065, 15.40375984 ], [ 73.86558735, 15.40762675 ], [ 73.86515725, 15.40817535 ], [ 73.86287594, 15.40850735 ], [ 73.86202335, 15.40767956 ], [ 73.86146486, 15.40534675 ], [ 73.86294031, 15.40342402 ], [ 73.86463475, 15.4034847 ] ], [ [ 73.97978055, 15.36265326 ], [ 73.97984707, 15.36308956 ], [ 73.97813666, 15.36528301 ], [ 73.9780246, 15.36325955 ], [ 73.97867715, 15.36242986 ], [ 73.97978055, 15.36265326 ] ], [ [ 73.98189807, 15.35877156 ], [ 73.98941874, 15.35334671 ], [ 73.9837085, 15.35885322 ], [ 73.98052645, 15.3624202 ], [ 73.97923934, 15.35555518 ], [ 73.97985625, 15.35382903 ], [ 73.98189807, 15.35877156 ] ], [ [ 74.01029134, 15.31098366 ], [ 74.00740397, 15.31794155 ], [ 74.00758648, 15.31537116 ], [ 74.00804353, 15.31450462 ], [ 74.01033282, 15.31073356 ], [ 74.01029134, 15.31098366 ] ], [ [ 73.88992596, 15.50455594 ], [ 73.89474022, 15.50477254 ], [ 73.91009355, 15.50709975 ], [ 73.91072845, 15.50739086 ], [ 73.91699576, 15.51213717 ], [ 73.91753221, 15.51353335 ], [ 73.91532314, 15.51655805 ], [ 73.91793835, 15.52189505 ], [ 73.92115903, 15.52128792 ], [ 73.92238462, 15.52179682 ], [ 73.9239794, 15.52329803 ], [ 73.92523944, 15.52476013 ], [ 73.93110335, 15.52772117 ], [ 73.93148231, 15.52995682 ], [ 73.92755401, 15.53357518 ], [ 73.92755055, 15.5356189 ], [ 73.92361915, 15.53973114 ], [ 73.92008436, 15.54056764 ], [ 73.91630506, 15.54547977 ], [ 73.91485715, 15.54547977 ], [ 73.91074312, 15.54159343 ], [ 73.89876294, 15.53486764 ], [ 73.89728415, 15.53267765 ], [ 73.89262164, 15.53013361 ], [ 73.89240694, 15.52992213 ], [ 73.89043725, 15.52661085 ], [ 73.88948727, 15.52211106 ], [ 73.88686883, 15.51833141 ], [ 73.88455796, 15.51688588 ], [ 73.88131976, 15.51165116 ], [ 73.87750661, 15.51001811 ], [ 73.87476492, 15.50791967 ], [ 73.87464702, 15.50655985 ], [ 73.87550795, 15.50560296 ], [ 73.8763591, 15.50520253 ], [ 73.87959564, 15.50469434 ], [ 73.88055718, 15.50448263 ], [ 73.88992596, 15.50455594 ] ], [ [ 73.91324496, 15.54697084 ], [ 73.90940952, 15.54885626 ], [ 73.90587616, 15.54523063 ], [ 73.90057457, 15.54471362 ], [ 73.90001595, 15.54443932 ], [ 73.89854491, 15.54244244 ], [ 73.89856112, 15.54206324 ], [ 73.89956474, 15.53833377 ], [ 73.89977014, 15.53803897 ], [ 73.90181661, 15.53750658 ], [ 73.91396713, 15.54523385 ], [ 73.91412234, 15.54546785 ], [ 73.91367006, 15.5465672 ], [ 73.91324496, 15.54697084 ] ], [ [ 73.493981, 15.99609375 ], [ 73.49367654, 15.99609375 ], [ 73.49387836, 15.99502754 ], [ 73.49440682, 15.99528646 ], [ 73.49454665, 15.99609375 ], [ 73.49485183, 15.99609375 ], [ 73.49434876, 15.99944687 ], [ 73.493981, 15.99609375 ] ], [ [ 73.49642074, 16.00743353 ], [ 73.49611735, 16.00714266 ], [ 73.49523973, 16.00572956 ], [ 73.49620128, 16.00576782 ], [ 73.49828482, 16.00652957 ], [ 73.49920666, 16.00716054 ], [ 73.49967325, 16.00836122 ], [ 73.49949956, 16.00897372 ], [ 73.49642074, 16.00743353 ] ], [ [ 73.51618946, 16.01618302 ], [ 73.50862777, 16.01195061 ], [ 73.50880074, 16.01077294 ], [ 73.5099591, 16.01052225 ], [ 73.51094675, 16.01080871 ], [ 73.51798224, 16.01446295 ], [ 73.51894414, 16.01584554 ], [ 73.51887035, 16.01625872 ], [ 73.51618946, 16.01618302 ] ], [ [ 73.46160364, 16.13539696 ], [ 73.46163046, 16.13475001 ], [ 73.46303606, 16.13378835 ], [ 73.46282744, 16.13121176 ], [ 73.46350825, 16.12967885 ], [ 73.46423566, 16.12960577 ], [ 73.46757543, 16.13211215 ], [ 73.46747267, 16.13431096 ], [ 73.46666122, 16.13653767 ], [ 73.46380973, 16.13865685 ], [ 73.46160364, 16.13539696 ] ], [ [ 73.47841716, 16.16118026 ], [ 73.47726512, 16.15850925 ], [ 73.47760296, 16.15851665 ], [ 73.47939515, 16.1589421 ], [ 73.48068535, 16.16177452 ], [ 73.47841716, 16.16118026 ] ], [ [ 73.45530713, 16.494614 ], [ 73.45501494, 16.49534631 ], [ 73.45124173, 16.49756086 ], [ 73.44992197, 16.49800014 ], [ 73.44866765, 16.49780774 ], [ 73.44870913, 16.49760842 ], [ 73.45053864, 16.49556506 ], [ 73.45493186, 16.49451101 ], [ 73.45530713, 16.494614 ] ], [ [ 73.38985705, 16.61889625 ], [ 73.39063823, 16.62083495 ], [ 73.39064515, 16.6213752 ], [ 73.38928211, 16.62231755 ], [ 73.38833666, 16.62641776 ], [ 73.38776076, 16.62728274 ], [ 73.38616383, 16.62887657 ], [ 73.3795495, 16.63117671 ], [ 73.37942266, 16.63029754 ], [ 73.37968814, 16.62961781 ], [ 73.38202751, 16.62721682 ], [ 73.38207853, 16.62118423 ], [ 73.38650966, 16.61878276 ], [ 73.38872826, 16.61855435 ], [ 73.38985705, 16.61889625 ] ], [ [ 73.44740236, 17.58100164 ], [ 73.44712365, 17.58199465 ], [ 73.44684827, 17.58212686 ], [ 73.4411689, 17.5834558 ], [ 73.43879581, 17.5823065 ], [ 73.43991828, 17.58140504 ], [ 73.44038546, 17.58132064 ], [ 73.44711435, 17.58074856 ], [ 73.44740236, 17.58100164 ] ], [ [ 73.45370841, 17.58331347 ], [ 73.44547284, 17.58652496 ], [ 73.4468379, 17.58323991 ], [ 73.44827187, 17.58223104 ], [ 73.44890881, 17.58209038 ], [ 73.45370841, 17.58331347 ] ], [ [ 73.44059896, 17.58629084 ], [ 73.44537044, 17.58376825 ], [ 73.44515657, 17.58558083 ], [ 73.44479108, 17.58585 ], [ 73.44241774, 17.58640993 ], [ 73.44069576, 17.58646917 ], [ 73.44059896, 17.58629084 ] ], [ [ 73.43813443, 17.58924925 ], [ 73.43770397, 17.59249794 ], [ 73.43760395, 17.59278595 ], [ 73.43613994, 17.59411454 ], [ 73.43566573, 17.58610725 ], [ 73.43651211, 17.58385706 ], [ 73.43692195, 17.58414412 ], [ 73.43771172, 17.58673835 ], [ 73.43813443, 17.58924925 ] ], [ [ 73.45067203, 17.58039248 ], [ 73.45364094, 17.57926965 ], [ 73.45734847, 17.57913697 ], [ 73.45953333, 17.57964694 ], [ 73.45362747, 17.58195972 ], [ 73.45317328, 17.58206081 ], [ 73.45065284, 17.58058465 ], [ 73.45067203, 17.58039248 ] ], [ [ 73.03768373, 18.05170822 ], [ 73.03718066, 18.05149162 ], [ 73.03682721, 18.05069745 ], [ 73.03708375, 18.05033076 ], [ 73.03846002, 18.04998004 ], [ 73.03844607, 18.05121124 ], [ 73.03817058, 18.05172408 ], [ 73.03768373, 18.05170822 ] ], [ [ 73.07592142, 18.30734062 ], [ 73.07586336, 18.30574346 ], [ 73.07669926, 18.30469561 ], [ 73.07723677, 18.30488121 ], [ 73.07932615, 18.3062396 ], [ 73.07968414, 18.30729032 ], [ 73.07991207, 18.30902672 ], [ 73.07913327, 18.31006718 ], [ 73.07869184, 18.31035221 ], [ 73.07592142, 18.30734062 ] ], [ [ 73.08065796, 18.31907475 ], [ 73.08166492, 18.31886566 ], [ 73.08199012, 18.31941175 ], [ 73.08194625, 18.3220402 ], [ 73.08065796, 18.31907475 ] ], [ [ 73.05424654, 18.48494375 ], [ 73.05455327, 18.48542976 ], [ 73.05416441, 18.48600507 ], [ 73.05104685, 18.48663545 ], [ 73.04628205, 18.48458254 ], [ 73.04617882, 18.48408091 ], [ 73.0469681, 18.48369825 ], [ 73.05424654, 18.48494375 ] ], [ [ 73.08020413, 18.47135377 ], [ 73.07733071, 18.47313976 ], [ 73.07728255, 18.47196865 ], [ 73.07985985, 18.46954536 ], [ 73.08042085, 18.46946466 ], [ 73.08020413, 18.47135377 ] ], [ [ 72.90659952, 18.95784497 ], [ 72.90774322, 18.95773935 ], [ 72.90795505, 18.95744658 ], [ 72.9079051, 18.95334423 ], [ 72.90890348, 18.9532243 ], [ 72.90896094, 18.95826113 ], [ 72.9086616, 18.95924556 ], [ 72.90848315, 18.95949817 ], [ 72.90678012, 18.95867074 ], [ 72.90570974, 18.96105754 ], [ 72.90431154, 18.96106064 ], [ 72.90349686, 18.96329856 ], [ 72.90132284, 18.96421266 ], [ 72.90070605, 18.96431506 ], [ 72.89949393, 18.96231604 ], [ 72.89957786, 18.96060133 ], [ 72.90243065, 18.95705104 ], [ 72.89914131, 18.94087994 ], [ 72.90155995, 18.94315553 ], [ 72.90048957, 18.94379175 ], [ 72.90110815, 18.94883728 ], [ 72.90169728, 18.95167351 ], [ 72.90371752, 18.95632815 ], [ 72.90659952, 18.95784497 ] ], [ [ 72.92800355, 18.95763636 ], [ 72.92968261, 18.95500863 ], [ 72.93516946, 18.95212615 ], [ 72.94201422, 18.96502721 ], [ 72.94209135, 18.96540856 ], [ 72.94181967, 18.9695276 ], [ 72.93943727, 18.97207606 ], [ 72.93893051, 18.97223771 ], [ 72.93777955, 18.97238386 ], [ 72.92775846, 18.96733224 ], [ 72.92432427, 18.96328628 ], [ 72.92432785, 18.96026385 ], [ 72.92584145, 18.95805061 ], [ 72.92800355, 18.95763636 ] ], [ [ 73.02597976, 18.99778342 ], [ 73.02646005, 18.99622393 ], [ 73.02826846, 18.99277341 ], [ 73.02845562, 18.99324107 ], [ 73.02846587, 18.99733901 ], [ 73.02826345, 18.99800575 ], [ 73.02647591, 18.99951875 ], [ 73.02586818, 18.9997586 ], [ 73.02597976, 18.99778342 ] ], [ [ 73.06060708, 18.99647808 ], [ 73.0622375, 18.99750555 ], [ 73.06566393, 19.00181127 ], [ 73.06589425, 19.00284004 ], [ 73.06577706, 19.00342727 ], [ 73.06280208, 19.00559378 ], [ 73.06073296, 19.01417995 ], [ 73.05648625, 19.01676655 ], [ 73.05014062, 19.01413083 ], [ 73.04698563, 19.00613403 ], [ 73.05402815, 18.99832594 ], [ 73.05919135, 18.99627745 ], [ 73.06060708, 18.99647808 ] ], [ [ 73.0642966, 19.02120376 ], [ 73.06383336, 19.02113783 ], [ 73.06342924, 19.02109694 ], [ 73.06303954, 19.02114034 ], [ 73.06266534, 19.02114284 ], [ 73.06241596, 19.02084482 ], [ 73.06286144, 19.02054715 ], [ 73.06331122, 19.02043915 ], [ 73.06386006, 19.02044237 ], [ 73.06431782, 19.02055848 ], [ 73.06469643, 19.02069652 ], [ 73.06507921, 19.02084208 ], [ 73.06542468, 19.02097321 ], [ 73.06522572, 19.02136207 ], [ 73.06473875, 19.02152872 ], [ 73.0642966, 19.02120376 ] ], [ [ 72.99897552, 19.25567055 ], [ 72.99843431, 19.2594223 ], [ 72.99816024, 19.2598803 ], [ 72.99502206, 19.26251102 ], [ 72.99466133, 19.26259255 ], [ 72.99544823, 19.25973547 ], [ 72.99724865, 19.2567867 ], [ 72.99885428, 19.25541925 ], [ 72.99897552, 19.25567055 ] ], [ [ 72.87546635, 19.52622175 ], [ 72.87081051, 19.52489364 ], [ 72.87333286, 19.52346003 ], [ 72.87460434, 19.52359486 ], [ 72.87618792, 19.52454126 ], [ 72.87612498, 19.52609015 ], [ 72.87546635, 19.52622175 ] ], [ [ 72.87324286, 19.52807415 ], [ 72.86801422, 19.53271675 ], [ 72.86064541, 19.53579581 ], [ 72.85018396, 19.53742611 ], [ 72.84509027, 19.53292227 ], [ 72.84330988, 19.52558851 ], [ 72.84404147, 19.52493834 ], [ 72.85110331, 19.52614605 ], [ 72.86623907, 19.52414656 ], [ 72.87220585, 19.52616346 ], [ 72.87385881, 19.52682436 ], [ 72.87324286, 19.52807415 ] ], [ [ 72.88444936, 19.56092966 ], [ 72.88412845, 19.55832398 ], [ 72.88429427, 19.55789053 ], [ 72.88860524, 19.55554736 ], [ 72.88881135, 19.55567384 ], [ 72.88704753, 19.56121898 ], [ 72.88686836, 19.56136894 ], [ 72.88444936, 19.56092966 ] ], [ [ 72.89302885, 20.73983002 ], [ 72.89653444, 20.74111903 ], [ 72.89987051, 20.74469066 ], [ 72.89624894, 20.74854112 ], [ 72.89183772, 20.74993777 ], [ 72.88854992, 20.74593866 ], [ 72.88903475, 20.74278176 ], [ 72.8879081, 20.74180877 ], [ 72.88915896, 20.74054337 ], [ 72.89218485, 20.73977244 ], [ 72.89302885, 20.73983002 ] ], [ [ 72.84478462, 20.762887 ], [ 72.8444463, 20.76237905 ], [ 72.84419918, 20.75883281 ], [ 72.84727895, 20.75365675 ], [ 72.8475219, 20.75358081 ], [ 72.85622334, 20.75199056 ], [ 72.85746658, 20.75233674 ], [ 72.85779238, 20.75282514 ], [ 72.8575505, 20.75493193 ], [ 72.85684156, 20.75676072 ], [ 72.85354996, 20.76112604 ], [ 72.84649324, 20.76251554 ], [ 72.84497297, 20.76316977 ], [ 72.84478462, 20.762887 ] ], [ [ 71.38631737, 20.86509788 ], [ 71.38744164, 20.86329174 ], [ 71.38772345, 20.86346161 ], [ 71.38757551, 20.86474025 ], [ 71.38773775, 20.86697185 ], [ 71.38631737, 20.86509788 ] ], [ [ 71.52047086, 20.90325701 ], [ 71.52912712, 20.90293741 ], [ 71.53032148, 20.90382016 ], [ 71.53026354, 20.9045639 ], [ 71.52979207, 20.90519333 ], [ 71.52678084, 20.90666604 ], [ 71.52637875, 20.90677285 ], [ 71.52145123, 20.90619421 ], [ 71.52032626, 20.90642571 ], [ 71.51930738, 20.90741575 ], [ 71.51776147, 20.91256595 ], [ 71.51633286, 20.91397631 ], [ 71.51286197, 20.91222775 ], [ 71.51244044, 20.9089123 ], [ 71.50660312, 20.90410125 ], [ 71.50729454, 20.90310764 ], [ 71.50968111, 20.90233505 ], [ 71.51067984, 20.90275621 ], [ 71.51637876, 20.90451944 ], [ 71.52047086, 20.90325701 ] ], [ [ 72.84467626, 20.94380701 ], [ 72.84531903, 20.94443858 ], [ 72.84534967, 20.94501591 ], [ 72.84461665, 20.94929004 ], [ 72.84403205, 20.95051384 ], [ 72.84159934, 20.95252144 ], [ 72.84056854, 20.95328414 ], [ 72.83886552, 20.95371854 ], [ 72.83856785, 20.95360172 ], [ 72.83858466, 20.94715965 ], [ 72.83941746, 20.94533277 ], [ 72.83997262, 20.94474065 ], [ 72.84181297, 20.94382513 ], [ 72.84225845, 20.94371116 ], [ 72.84467626, 20.94380701 ] ], [ [ 71.64518094, 20.97656953 ], [ 71.64411545, 20.97528505 ], [ 71.64410806, 20.97499573 ], [ 71.64482641, 20.97436595 ], [ 71.64825606, 20.97439241 ], [ 71.64886236, 20.97548687 ], [ 71.64931226, 20.97730231 ], [ 71.64914691, 20.97753537 ], [ 71.64825106, 20.97771573 ], [ 71.64518094, 20.97656953 ] ], [ [ 71.68683505, 20.99140882 ], [ 71.68729961, 20.99189484 ], [ 71.68801236, 20.99488902 ], [ 71.68634164, 20.99637282 ], [ 71.68275726, 20.99637282 ], [ 71.67646885, 20.99420893 ], [ 71.67404735, 20.99261916 ], [ 71.67335534, 20.99151742 ], [ 71.67451477, 20.98975647 ], [ 71.67380154, 20.98494256 ], [ 71.67588103, 20.9850111 ], [ 71.67774987, 20.98880935 ], [ 71.67917645, 20.98942578 ], [ 71.68156254, 20.99162936 ], [ 71.68683505, 20.99140882 ] ], [ [ 71.70211542, 20.99634981 ], [ 71.70321727, 20.99498653 ], [ 71.70353043, 20.99498534 ], [ 71.70455074, 20.99642575 ], [ 71.70527005, 20.99826145 ], [ 71.70372868, 20.99967587 ], [ 71.69869065, 20.99942887 ], [ 71.69547606, 20.99707735 ], [ 71.69762528, 20.99629307 ], [ 71.70211542, 20.99634981 ] ], [ [ 71.71270215, 20.99706316 ], [ 71.71396136, 20.99826145 ], [ 71.70892525, 20.99974763 ], [ 71.70603991, 20.99827504 ], [ 71.70590746, 20.99796486 ], [ 71.70643795, 20.99707293 ], [ 71.70812786, 20.99655151 ], [ 71.70979536, 20.99644434 ], [ 71.71270215, 20.99706316 ] ], [ [ 72.64610577, 21.07576513 ], [ 72.6457926, 21.07522464 ], [ 72.64567852, 21.07161701 ], [ 72.64843345, 21.06763101 ], [ 72.65241301, 21.06534076 ], [ 72.65618575, 21.06685424 ], [ 72.65598083, 21.06532395 ], [ 72.65725756, 21.06520331 ], [ 72.65787506, 21.06571746 ], [ 72.65800285, 21.06642973 ], [ 72.65439963, 21.07376754 ], [ 72.65080237, 21.07383382 ], [ 72.64722693, 21.07613957 ], [ 72.64610577, 21.07576513 ] ], [ [ 72.69377494, 21.1008805 ], [ 72.69903064, 21.10837924 ], [ 72.69691575, 21.11841965 ], [ 72.70202386, 21.12348366 ], [ 72.70452476, 21.13335395 ], [ 72.70706904, 21.13397193 ], [ 72.70973825, 21.13686371 ], [ 72.71059954, 21.13996506 ], [ 72.71061432, 21.14042401 ], [ 72.70398915, 21.14396966 ], [ 72.70253146, 21.14635336 ], [ 72.69778955, 21.14723265 ], [ 72.69622505, 21.14766836 ], [ 72.67908692, 21.15494335 ], [ 72.675107, 21.15572155 ], [ 72.66962183, 21.15342712 ], [ 72.66508758, 21.14847481 ], [ 72.66604435, 21.1396178 ], [ 72.67025125, 21.13057733 ], [ 72.67176473, 21.12652874 ], [ 72.67381072, 21.11893201 ], [ 72.67361963, 21.1132313 ], [ 72.67601216, 21.10470462 ], [ 72.68275774, 21.09865224 ], [ 72.68586564, 21.09491253 ], [ 72.68614483, 21.09375 ], [ 72.68651748, 21.09375 ], [ 72.68641424, 21.09056032 ], [ 72.68802154, 21.08999515 ], [ 72.68879533, 21.08991694 ], [ 72.69000876, 21.09045601 ], [ 72.69069934, 21.09375 ], [ 72.69092786, 21.09375 ], [ 72.69177413, 21.09726345 ], [ 72.69377494, 21.1008805 ] ], [ [ 72.67862213, 21.09871805 ], [ 72.67890763, 21.097808 ], [ 72.68059027, 21.09544992 ], [ 72.68072891, 21.09572935 ], [ 72.67891514, 21.09885335 ], [ 72.67862213, 21.09871805 ] ], [ [ 72.67321873, 21.10415244 ], [ 72.67168117, 21.11501944 ], [ 72.66963661, 21.11148155 ], [ 72.6695739, 21.10490835 ], [ 72.67102993, 21.10131967 ], [ 72.6717658, 21.10039985 ], [ 72.67453003, 21.09725416 ], [ 72.67500043, 21.09711456 ], [ 72.67626357, 21.09724247 ], [ 72.67649853, 21.09878838 ], [ 72.67624855, 21.09963751 ], [ 72.67321873, 21.10415244 ] ], [ [ 72.70112932, 21.11235571 ], [ 72.70323718, 21.11402941 ], [ 72.70218384, 21.12206781 ], [ 72.69920504, 21.11971486 ], [ 72.69792354, 21.11638868 ], [ 72.69941556, 21.1125102 ], [ 72.69984305, 21.11226106 ], [ 72.70112932, 21.11235571 ] ], [ [ 72.75008774, 21.15739965 ], [ 72.74955404, 21.15694034 ], [ 72.74520385, 21.15078115 ], [ 72.74538183, 21.14959192 ], [ 72.75597465, 21.15706551 ], [ 72.75424087, 21.15746248 ], [ 72.75116575, 21.15807414 ], [ 72.75008774, 21.15739965 ] ], [ [ 72.10235441, 21.27078676 ], [ 72.10145605, 21.26953125 ], [ 72.10110414, 21.26953125 ], [ 72.09950185, 21.26681554 ], [ 72.09958458, 21.2655884 ], [ 72.09998631, 21.26595795 ], [ 72.10259891, 21.26953125 ], [ 72.10265374, 21.26953125 ], [ 72.10312533, 21.27412546 ], [ 72.10235441, 21.27078676 ] ], [ [ 72.58721566, 21.33965886 ], [ 72.58580124, 21.33715606 ], [ 72.58631766, 21.33631074 ], [ 72.58740222, 21.3363291 ], [ 72.58759534, 21.33660388 ], [ 72.58833766, 21.33942187 ], [ 72.58832943, 21.33970165 ], [ 72.58748865, 21.33988571 ], [ 72.58721566, 21.33965886 ] ], [ [ 72.58014226, 21.36427176 ], [ 72.5798794, 21.36403072 ], [ 72.57919395, 21.36082912 ], [ 72.57940721, 21.36023402 ], [ 72.5827651, 21.36216497 ], [ 72.58298385, 21.36236668 ], [ 72.58373916, 21.36493707 ], [ 72.58014226, 21.36427176 ] ], [ [ 72.59806204, 21.38605666 ], [ 72.59369695, 21.38015723 ], [ 72.58961892, 21.37308955 ], [ 72.59202814, 21.37179482 ], [ 72.58767092, 21.36723483 ], [ 72.58875942, 21.36736834 ], [ 72.58935237, 21.36777902 ], [ 72.60007191, 21.37824595 ], [ 72.60047114, 21.38696992 ], [ 72.59806204, 21.38605666 ] ], [ [ 72.62737417, 21.41299522 ], [ 72.62830305, 21.41699934 ], [ 72.62805498, 21.41743481 ], [ 72.62609208, 21.41281044 ], [ 72.62413311, 21.41279805 ], [ 72.62109065, 21.40822208 ], [ 72.61656046, 21.40418613 ], [ 72.61285746, 21.39855123 ], [ 72.61269116, 21.39585102 ], [ 72.61554384, 21.39638472 ], [ 72.61708367, 21.39930582 ], [ 72.62162745, 21.40314221 ], [ 72.62205541, 21.40364826 ], [ 72.62648392, 21.41087115 ], [ 72.62737417, 21.41299522 ] ], [ [ 72.63566947, 21.41322351 ], [ 72.63710737, 21.41624165 ], [ 72.63711691, 21.41664362 ], [ 72.63660765, 21.41739237 ], [ 72.63551796, 21.41771412 ], [ 72.63521135, 21.41612017 ], [ 72.63243246, 21.41364682 ], [ 72.63187134, 21.4120599 ], [ 72.63336122, 21.41195011 ], [ 72.63566947, 21.41322351 ] ], [ [ 72.67633057, 21.4453125 ], [ 72.67629504, 21.44573474 ], [ 72.67583191, 21.44660354 ], [ 72.67138553, 21.44614947 ], [ 72.66982543, 21.4453125 ], [ 72.66576397, 21.44299877 ], [ 72.66404605, 21.44097531 ], [ 72.66387391, 21.43986881 ], [ 72.66539145, 21.43863046 ], [ 72.66719878, 21.43841386 ], [ 72.67272115, 21.44020176 ], [ 72.67579043, 21.44297814 ], [ 72.67604184, 21.44333196 ], [ 72.67641342, 21.4453125 ], [ 72.67633057, 21.4453125 ] ], [ [ 72.35943663, 21.60238981 ], [ 72.35903084, 21.60289705 ], [ 72.35749495, 21.60414827 ], [ 72.35657024, 21.60543168 ], [ 72.35317504, 21.61311698 ], [ 72.3472718, 21.61015046 ], [ 72.345474, 21.60257256 ], [ 72.34854674, 21.60009527 ], [ 72.35234427, 21.58548546 ], [ 72.35516894, 21.58163035 ], [ 72.35759807, 21.5812819 ], [ 72.35831571, 21.57984507 ], [ 72.35869133, 21.57976294 ], [ 72.36159503, 21.58134341 ], [ 72.36354578, 21.58570623 ], [ 72.36292005, 21.58686781 ], [ 72.36465836, 21.58777964 ], [ 72.36511242, 21.58840013 ], [ 72.36541092, 21.58992851 ], [ 72.36430705, 21.59334457 ], [ 72.36429882, 21.59580004 ], [ 72.36509204, 21.59778035 ], [ 72.36248064, 21.59851444 ], [ 72.36231256, 21.59891021 ], [ 72.36393893, 21.60025215 ], [ 72.36154354, 21.60260034 ], [ 72.35943663, 21.60238981 ] ], [ [ 72.60290122, 21.62109375 ], [ 72.60291004, 21.62109375 ], [ 72.60175657, 21.62649131 ], [ 72.60351825, 21.62925255 ], [ 72.60693741, 21.63192141 ], [ 72.60776293, 21.63240397 ], [ 72.61009276, 21.63267946 ], [ 72.61155724, 21.63536263 ], [ 72.60604787, 21.63444352 ], [ 72.60349357, 21.63100874 ], [ 72.60083914, 21.63074315 ], [ 72.60126615, 21.63181186 ], [ 72.60032165, 21.63223672 ], [ 72.59629798, 21.63017023 ], [ 72.59543777, 21.63056362 ], [ 72.59544551, 21.63379276 ], [ 72.59398425, 21.63433266 ], [ 72.5959028, 21.637784 ], [ 72.59454501, 21.63887358 ], [ 72.59296298, 21.63828456 ], [ 72.58892095, 21.63318944 ], [ 72.58824396, 21.63178015 ], [ 72.58797717, 21.63012397 ], [ 72.59142172, 21.62420785 ], [ 72.59022295, 21.62236786 ], [ 72.59060085, 21.62109375 ], [ 72.59061301, 21.62109375 ], [ 72.59066093, 21.62061846 ], [ 72.59346175, 21.61866581 ], [ 72.59690297, 21.61937022 ], [ 72.59885085, 21.61728835 ], [ 72.60283446, 21.62034893 ], [ 72.60290122, 21.62109375 ] ], [ [ 72.5813266, 21.6267209 ], [ 72.58227718, 21.62591255 ], [ 72.58419943, 21.62609816 ], [ 72.5839473, 21.62906265 ], [ 72.5813266, 21.6267209 ] ], [ [ 72.60215473, 21.63911784 ], [ 72.60279095, 21.64103484 ], [ 72.59987652, 21.63970184 ], [ 72.59935343, 21.63975251 ], [ 72.59607875, 21.64124072 ], [ 72.59581041, 21.64065134 ], [ 72.59743655, 21.63892305 ], [ 72.59937418, 21.63700855 ], [ 72.60215473, 21.63911784 ] ], [ [ 72.62023354, 21.63909614 ], [ 72.61739922, 21.63943493 ], [ 72.61765826, 21.63855231 ], [ 72.61789727, 21.63842761 ], [ 72.62023354, 21.63909614 ] ], [ [ 72.61493194, 21.63682342 ], [ 72.61451042, 21.63639557 ], [ 72.61459506, 21.63543665 ], [ 72.61525166, 21.63555121 ], [ 72.61726952, 21.63812113 ], [ 72.61729658, 21.63851285 ], [ 72.61493194, 21.63682342 ] ], [ [ 72.61056364, 21.629776 ], [ 72.61085474, 21.63016486 ], [ 72.61118877, 21.63063443 ], [ 72.61149836, 21.63108468 ], [ 72.61177874, 21.63150036 ], [ 72.6118716, 21.63179874 ], [ 72.61175764, 21.63195586 ], [ 72.61152661, 21.63202345 ], [ 72.61116517, 21.63186944 ], [ 72.61070454, 21.63143086 ], [ 72.61029971, 21.6307348 ], [ 72.61016047, 21.62996554 ], [ 72.61029065, 21.62962735 ], [ 72.61056364, 21.629776 ] ], [ [ 72.60739327, 21.61917615 ], [ 72.60771382, 21.62109375 ], [ 72.60940826, 21.62887442 ], [ 72.60654461, 21.62819445 ], [ 72.60508907, 21.62268901 ], [ 72.60531187, 21.62109375 ], [ 72.60536385, 21.6195991 ], [ 72.60720336, 21.61892796 ], [ 72.60739327, 21.61917615 ] ], [ [ 72.72724915, 21.64389765 ], [ 72.73573434, 21.64698994 ], [ 72.73605144, 21.6469835 ], [ 72.73668492, 21.64376116 ], [ 72.73786342, 21.64372373 ], [ 72.74388456, 21.64558375 ], [ 72.74539864, 21.64641035 ], [ 72.75104547, 21.65296078 ], [ 72.75093853, 21.65534568 ], [ 72.75071037, 21.65568626 ], [ 72.74621177, 21.65856373 ], [ 72.74360347, 21.6582334 ], [ 72.72997177, 21.66116047 ], [ 72.72392893, 21.66543734 ], [ 72.72306657, 21.66577923 ], [ 72.72094965, 21.66607046 ], [ 72.71766841, 21.6654036 ], [ 72.71504486, 21.66403413 ], [ 72.71033931, 21.65946436 ], [ 72.71055293, 21.65812397 ], [ 72.71282375, 21.65387762 ], [ 72.71642625, 21.65072036 ], [ 72.71566331, 21.64590335 ], [ 72.71712887, 21.64469957 ], [ 72.72219968, 21.64329243 ], [ 72.72310197, 21.64322794 ], [ 72.72724915, 21.64389765 ] ], [ [ 72.86655712, 21.66816914 ], [ 72.86727154, 21.66658998 ], [ 72.87154365, 21.66469395 ], [ 72.87198591, 21.66469312 ], [ 72.87424445, 21.66589296 ], [ 72.88806832, 21.66498625 ], [ 72.89608204, 21.66532135 ], [ 72.89883947, 21.66652036 ], [ 72.90088713, 21.66610563 ], [ 72.90113926, 21.66786075 ], [ 72.91290414, 21.6767807 ], [ 72.91329944, 21.67775035 ], [ 72.91328847, 21.67829263 ], [ 72.91280162, 21.67911506 ], [ 72.90436923, 21.68111467 ], [ 72.89312351, 21.68143725 ], [ 72.89276206, 21.6815443 ], [ 72.8893193, 21.68494451 ], [ 72.88756537, 21.68389571 ], [ 72.88434076, 21.68498313 ], [ 72.87665415, 21.68395805 ], [ 72.86570716, 21.68520308 ], [ 72.86275423, 21.68526781 ], [ 72.85720587, 21.68409395 ], [ 72.84945905, 21.68038821 ], [ 72.845752, 21.67972791 ], [ 72.84278452, 21.67748594 ], [ 72.84260178, 21.67699003 ], [ 72.84342301, 21.67649114 ], [ 72.84688878, 21.67701292 ], [ 72.84934366, 21.67480028 ], [ 72.85838485, 21.67118323 ], [ 72.85917473, 21.67097676 ], [ 72.86767423, 21.66918635 ], [ 72.86655712, 21.66816914 ] ], [ [ 72.85478997, 21.66698551 ], [ 72.85572863, 21.66592503 ], [ 72.85613406, 21.66565275 ], [ 72.85967517, 21.66443062 ], [ 72.86282027, 21.66431236 ], [ 72.86308718, 21.66483831 ], [ 72.86216605, 21.66808546 ], [ 72.85816693, 21.66894281 ], [ 72.85485816, 21.66954052 ], [ 72.85478997, 21.66698551 ] ], [ [ 73.09013545, 21.72917104 ], [ 73.08621526, 21.73084652 ], [ 73.08274615, 21.73099637 ], [ 73.07556331, 21.73494995 ], [ 73.07291114, 21.73493302 ], [ 73.06391203, 21.73028445 ], [ 73.06180286, 21.72819054 ], [ 73.05598581, 21.72609985 ], [ 73.05122006, 21.71872056 ], [ 73.05366707, 21.71765625 ], [ 73.05805552, 21.72074425 ], [ 73.06129706, 21.72119105 ], [ 73.08015001, 21.71666062 ], [ 73.08892047, 21.71980655 ], [ 73.09241748, 21.72147143 ], [ 73.09660757, 21.72430086 ], [ 73.09688795, 21.72479761 ], [ 73.09668267, 21.72811031 ], [ 73.09481263, 21.72931623 ], [ 73.09425747, 21.72945392 ], [ 73.09013545, 21.72917104 ] ], [ [ 73.05918086, 21.71823084 ], [ 73.05992544, 21.71768081 ], [ 73.06262565, 21.71839237 ], [ 73.06035912, 21.71908724 ], [ 73.05918086, 21.71823084 ] ], [ [ 73.16635311, 21.78184712 ], [ 73.16622722, 21.78239155 ], [ 73.16308725, 21.78949058 ], [ 73.15373075, 21.79745007 ], [ 73.15185666, 21.79854095 ], [ 73.15146351, 21.79832006 ], [ 73.14121211, 21.77385604 ], [ 73.14068675, 21.7626754 ], [ 73.14152813, 21.75495756 ], [ 73.14180946, 21.75480354 ], [ 73.14844465, 21.757851 ], [ 73.15792274, 21.76547563 ], [ 73.15961587, 21.76705074 ], [ 73.16296935, 21.7717036 ], [ 73.16328502, 21.77226734 ], [ 73.16515803, 21.7764194 ], [ 73.16590667, 21.77885294 ], [ 73.16635311, 21.78184712 ] ], [ [ 73.17264736, 21.78371406 ], [ 73.17297983, 21.78396165 ], [ 73.17354786, 21.78778207 ], [ 73.1732763, 21.78957236 ], [ 73.17267168, 21.7919358 ], [ 73.17110336, 21.79377317 ], [ 73.1715579, 21.78398323 ], [ 73.17173982, 21.7836138 ], [ 73.17264736, 21.78371406 ] ], [ [ 73.16820586, 21.77727246 ], [ 73.16872394, 21.77779913 ], [ 73.16918945, 21.77824426 ], [ 73.16951776, 21.77851105 ], [ 73.16970766, 21.77876091 ], [ 73.16988444, 21.77910411 ], [ 73.17017925, 21.77943647 ], [ 73.17053115, 21.77971804 ], [ 73.17081952, 21.78006375 ], [ 73.17077684, 21.78064895 ], [ 73.17012274, 21.78027844 ], [ 73.16982687, 21.77987802 ], [ 73.16942203, 21.77950621 ], [ 73.16902757, 21.77927697 ], [ 73.16863275, 21.77907121 ], [ 73.16813636, 21.77870727 ], [ 73.16757131, 21.77804375 ], [ 73.16723514, 21.77733398 ], [ 73.16722012, 21.77688813 ], [ 73.16760445, 21.77685475 ], [ 73.16820586, 21.77727246 ] ], [ [ 73.28120255, 21.90498567 ], [ 73.28036976, 21.90650463 ], [ 73.2799896, 21.90657067 ], [ 73.27920616, 21.90604866 ], [ 73.28008294, 21.90475881 ], [ 73.2804594, 21.90457344 ], [ 73.28120255, 21.90498567 ] ], [ [ 73.28772366, 21.89936471 ], [ 73.28678644, 21.90187454 ], [ 73.2833178, 21.90243292 ], [ 73.28558743, 21.89965701 ], [ 73.28691602, 21.89903235 ], [ 73.28772366, 21.89936471 ] ], [ [ 73.29631722, 21.89527392 ], [ 73.29696965, 21.89731216 ], [ 73.29571235, 21.89680338 ], [ 73.29511535, 21.89492333 ], [ 73.29571617, 21.89475584 ], [ 73.29631722, 21.89527392 ] ], [ [ 73.59397316, 21.94404686 ], [ 73.59208596, 21.94651365 ], [ 73.59239078, 21.94452333 ], [ 73.59305036, 21.94364154 ], [ 73.59387445, 21.94345045 ], [ 73.59397316, 21.94404686 ] ], [ [ 73.59634495, 21.93814623 ], [ 73.59569597, 21.9396857 ], [ 73.59409285, 21.94061875 ], [ 73.59394181, 21.93839288 ], [ 73.59508491, 21.93740058 ], [ 73.59575367, 21.93733704 ], [ 73.59634495, 21.93814623 ] ], [ [ 73.13887107, 21.86169398 ], [ 73.14015007, 21.85897815 ], [ 73.14180982, 21.85831022 ], [ 73.14252615, 21.85907674 ], [ 73.14266253, 21.85896134 ], [ 73.14269125, 21.85748804 ], [ 73.15077567, 21.85673535 ], [ 73.15480566, 21.85465217 ], [ 73.15559471, 21.85492825 ], [ 73.15533221, 21.85705686 ], [ 73.15434837, 21.85805857 ], [ 73.14500594, 21.86323714 ], [ 73.14466107, 21.86336803 ], [ 73.14277756, 21.8634938 ], [ 73.14231467, 21.86355996 ], [ 73.13887107, 21.86169398 ] ], [ [ 72.28082585, 21.72777355 ], [ 72.28079975, 21.72836494 ], [ 72.28276122, 21.73360455 ], [ 72.27953684, 21.74204075 ], [ 72.27629805, 21.74479413 ], [ 72.27400315, 21.74957263 ], [ 72.27143085, 21.74372602 ], [ 72.26806831, 21.74040401 ], [ 72.26828337, 21.73573124 ], [ 72.26850855, 21.73478735 ], [ 72.26909411, 21.73323572 ], [ 72.28740454, 21.70744038 ], [ 72.28200924, 21.72248018 ], [ 72.28082585, 21.72777355 ] ], [ [ 72.55832815, 21.83464253 ], [ 72.55898786, 21.83345127 ], [ 72.56164074, 21.83345592 ], [ 72.5639503, 21.83392024 ], [ 72.57494593, 21.83399153 ], [ 72.57608581, 21.83467805 ], [ 72.57839084, 21.83584225 ], [ 72.57869005, 21.83633745 ], [ 72.57872593, 21.83970416 ], [ 72.58081818, 21.84171307 ], [ 72.58007813, 21.84215188 ], [ 72.57898366, 21.84238875 ], [ 72.55832815, 21.83464253 ] ], [ [ 72.52839982, 21.86815286 ], [ 72.52963185, 21.86780071 ], [ 72.53160846, 21.86834455 ], [ 72.53152895, 21.86952615 ], [ 72.52869594, 21.86969864 ], [ 72.52839982, 21.86815286 ] ], [ [ 72.35794282, 21.93039525 ], [ 72.35838926, 21.93112636 ], [ 72.35827613, 21.93171644 ], [ 72.35693944, 21.93903482 ], [ 72.35442925, 21.94314253 ], [ 72.35163474, 21.94013333 ], [ 72.35073292, 21.93488157 ], [ 72.34783316, 21.92816865 ], [ 72.35245395, 21.92525256 ], [ 72.35441387, 21.92905092 ], [ 72.3561933, 21.92532647 ], [ 72.36008584, 21.92446053 ], [ 72.36061525, 21.92532337 ], [ 72.36043572, 21.92571151 ], [ 72.35836482, 21.92692888 ], [ 72.35750043, 21.92996955 ], [ 72.35702646, 21.93148828 ], [ 72.35794282, 21.93039525 ] ], [ [ 72.47241712, 22.20325327 ], [ 72.47237074, 22.20526564 ], [ 72.47223806, 22.2064929 ], [ 72.4732089, 22.20784354 ], [ 72.4723376, 22.20817244 ], [ 72.46926105, 22.20512748 ], [ 72.46791553, 22.20526981 ], [ 72.46791053, 22.20235956 ], [ 72.46925128, 22.2029798 ], [ 72.46966958, 22.20358157 ], [ 72.47241712, 22.20325327 ] ], [ [ 72.37036014, 22.22283244 ], [ 72.36835575, 22.22431242 ], [ 72.36860442, 22.22596312 ], [ 72.37090373, 22.22707355 ], [ 72.37053096, 22.22951865 ], [ 72.36891603, 22.23085928 ], [ 72.37095976, 22.23414552 ], [ 72.37006974, 22.23501623 ], [ 72.36719334, 22.23194206 ], [ 72.36728466, 22.22977531 ], [ 72.36555636, 22.22876286 ], [ 72.36382115, 22.22396672 ], [ 72.363765, 22.21330905 ], [ 72.36568737, 22.20840061 ], [ 72.37624204, 22.20374358 ], [ 72.37664366, 22.20408797 ], [ 72.37636495, 22.20677376 ], [ 72.37457824, 22.2088449 ], [ 72.37099504, 22.21414626 ], [ 72.37036014, 22.22283244 ] ], [ [ 72.39203405, 22.21011007 ], [ 72.39217865, 22.21045971 ], [ 72.39013505, 22.21333802 ], [ 72.38839436, 22.21433592 ], [ 72.38268387, 22.21553767 ], [ 72.38768566, 22.21288598 ], [ 72.38800251, 22.21074235 ], [ 72.38787723, 22.21001267 ], [ 72.39203405, 22.21011007 ] ], [ [ 72.21621144, 22.00275612 ], [ 72.21595681, 22.00345933 ], [ 72.21312261, 22.00268114 ], [ 72.21266556, 22.00295782 ], [ 72.21265841, 22.00357533 ], [ 72.21414864, 22.00511146 ], [ 72.21372485, 22.00528014 ], [ 72.21282363, 22.00535285 ], [ 72.2107594, 22.0035938 ], [ 72.21102846, 22.00288761 ], [ 72.21369123, 22.00134182 ], [ 72.2143383, 22.00127745 ], [ 72.21621144, 22.00275612 ] ], [ [ 69.72471142, 21.56324136 ], [ 69.72405982, 21.56400835 ], [ 69.71882904, 21.55794835 ], [ 69.71868563, 21.55760491 ], [ 69.71894944, 21.55478835 ], [ 69.71933627, 21.55440366 ], [ 69.72169006, 21.55396593 ], [ 69.72191346, 21.55423844 ], [ 69.72371864, 21.56074345 ], [ 69.7246294, 21.56268442 ], [ 69.72471142, 21.56324136 ] ], [ [ 69.73744535, 21.60098195 ], [ 69.73558474, 21.60421276 ], [ 69.73509073, 21.60896277 ], [ 69.72818661, 21.61193717 ], [ 69.72764945, 21.61076355 ], [ 69.72516787, 21.61022091 ], [ 69.72479558, 21.60908175 ], [ 69.72934616, 21.60473156 ], [ 69.73348606, 21.59587801 ], [ 69.73756123, 21.59204745 ], [ 69.73826218, 21.59214866 ], [ 69.74020207, 21.59267604 ], [ 69.73675478, 21.59555054 ], [ 69.73744535, 21.60098195 ] ], [ [ 69.09263313, 22.45183921 ], [ 69.09403253, 22.45089984 ], [ 69.09267485, 22.44851196 ], [ 69.0934993, 22.44633174 ], [ 69.09552956, 22.44537401 ], [ 69.09506035, 22.44290733 ], [ 69.09614372, 22.44185996 ], [ 69.09034336, 22.43829107 ], [ 69.09066772, 22.43602002 ], [ 69.08524835, 22.43207622 ], [ 69.08578706, 22.42911422 ], [ 69.08417606, 22.42602503 ], [ 69.08350718, 22.42258382 ], [ 69.08388448, 22.42206585 ], [ 69.08467245, 22.4213227 ], [ 69.08567512, 22.42084122 ], [ 69.08795846, 22.42170453 ], [ 69.0882436, 22.42195284 ], [ 69.09045124, 22.42760372 ], [ 69.09447622, 22.43041885 ], [ 69.09540474, 22.43095136 ], [ 69.09955502, 22.43227673 ], [ 69.10070407, 22.43293953 ], [ 69.10386264, 22.43283093 ], [ 69.10836554, 22.43725455 ], [ 69.10713506, 22.44405568 ], [ 69.10939038, 22.45355892 ], [ 69.10829568, 22.46051776 ], [ 69.11108637, 22.46389234 ], [ 69.12318635, 22.46844018 ], [ 69.12707782, 22.46553123 ], [ 69.13113522, 22.46553516 ], [ 69.13252711, 22.4665873 ], [ 69.13466096, 22.46582067 ], [ 69.13788533, 22.46243894 ], [ 69.13953161, 22.46275485 ], [ 69.14059126, 22.46455312 ], [ 69.14446986, 22.46217382 ], [ 69.14487112, 22.46208477 ], [ 69.14594245, 22.46261406 ], [ 69.14656985, 22.46334386 ], [ 69.14725113, 22.46642256 ], [ 69.15054595, 22.46905911 ], [ 69.14838398, 22.47396266 ], [ 69.14487004, 22.47507644 ], [ 69.14303803, 22.47730196 ], [ 69.14258492, 22.47734034 ], [ 69.13790667, 22.47707152 ], [ 69.13546383, 22.47771657 ], [ 69.12580073, 22.47565103 ], [ 69.10992146, 22.46673453 ], [ 69.10529828, 22.46576297 ], [ 69.0996598, 22.46219766 ], [ 69.09353745, 22.46107817 ], [ 69.09225166, 22.45657766 ], [ 69.09401572, 22.45156276 ], [ 69.09263313, 22.45183921 ] ], [ [ 69.29889917, 22.45640945 ], [ 69.30158806, 22.45296681 ], [ 69.3043195, 22.4533416 ], [ 69.30982614, 22.45155311 ], [ 69.31102908, 22.45146251 ], [ 69.32149065, 22.45145655 ], [ 69.32174087, 22.45164514 ], [ 69.32690752, 22.45742214 ], [ 69.32739651, 22.45911252 ], [ 69.32798707, 22.4624058 ], [ 69.32809675, 22.46324468 ], [ 69.32471871, 22.46941364 ], [ 69.31856704, 22.47234774 ], [ 69.30656743, 22.47193515 ], [ 69.30541062, 22.47172582 ], [ 69.30473876, 22.47135055 ], [ 69.30472684, 22.46978891 ], [ 69.30440903, 22.46993375 ], [ 69.30183995, 22.4740411 ], [ 69.30146623, 22.47409976 ], [ 69.2987442, 22.47083843 ], [ 69.29312253, 22.45888865 ], [ 69.29889917, 22.45640945 ] ], [ [ 69.609375, 22.45117176 ], [ 69.60801804, 22.45114243 ], [ 69.59420383, 22.44556201 ], [ 69.58845723, 22.43872654 ], [ 69.58832931, 22.43817151 ], [ 69.58863294, 22.43609285 ], [ 69.59124041, 22.43241811 ], [ 69.59222841, 22.42855442 ], [ 69.59380937, 22.42644393 ], [ 69.59632278, 22.42446315 ], [ 69.59991133, 22.42255855 ], [ 69.6007663, 22.42225695 ], [ 69.60279918, 22.42298245 ], [ 69.60814762, 22.41746581 ], [ 69.609375, 22.41713154 ], [ 69.61410701, 22.41614306 ], [ 69.61556423, 22.41450715 ], [ 69.63325644, 22.40691686 ], [ 69.63631833, 22.40681481 ], [ 69.63846791, 22.40822256 ], [ 69.6426506, 22.41550791 ], [ 69.64645576, 22.41745162 ], [ 69.64876795, 22.42138696 ], [ 69.65460742, 22.42355037 ], [ 69.65724277, 22.42662716 ], [ 69.65412223, 22.43106794 ], [ 69.64694285, 22.43224955 ], [ 69.64519918, 22.43384314 ], [ 69.6448698, 22.43433964 ], [ 69.64748156, 22.43529737 ], [ 69.64764273, 22.43545187 ], [ 69.64860356, 22.43781471 ], [ 69.64706254, 22.43930686 ], [ 69.64715612, 22.44207251 ], [ 69.64323926, 22.45021606 ], [ 69.64303565, 22.45053566 ], [ 69.64086175, 22.45086157 ], [ 69.6401726, 22.45117831 ], [ 69.62878656, 22.45895565 ], [ 69.62857223, 22.45906866 ], [ 69.62608671, 22.45957172 ], [ 69.61900604, 22.45672202 ], [ 69.61876476, 22.45656347 ], [ 69.61511958, 22.45405304 ], [ 69.61271155, 22.45071852 ], [ 69.609375, 22.45117176 ] ], [ [ 69.14090013, 22.45489836 ], [ 69.14207733, 22.45302463 ], [ 69.14244294, 22.45359755 ], [ 69.14193404, 22.45763016 ], [ 69.14090013, 22.45489836 ] ], [ [ 69.27972543, 22.41951585 ], [ 69.27947736, 22.41973174 ], [ 69.27759123, 22.41959095 ], [ 69.2756654, 22.4186455 ], [ 69.27760506, 22.41809475 ], [ 69.27972543, 22.41951585 ] ], [ [ 69.28063416, 22.41586256 ], [ 69.28087544, 22.41650701 ], [ 69.27980292, 22.41748178 ], [ 69.27867711, 22.41780043 ], [ 69.27801406, 22.41730702 ], [ 69.27778685, 22.41660404 ], [ 69.27840853, 22.41564226 ], [ 69.27895224, 22.41535306 ], [ 69.28063416, 22.41586256 ] ], [ [ 69.48497224, 22.38774371 ], [ 69.48739314, 22.38898325 ], [ 69.48902047, 22.391819 ], [ 69.48902202, 22.39246404 ], [ 69.48632216, 22.39684975 ], [ 69.48288906, 22.39874578 ], [ 69.4803549, 22.39013088 ], [ 69.48047221, 22.38957167 ], [ 69.48146653, 22.38826561 ], [ 69.48497224, 22.38774371 ] ], [ [ 69.33388794, 22.38798487 ], [ 69.33375287, 22.38770914 ], [ 69.33399487, 22.38620436 ], [ 69.33022702, 22.38592196 ], [ 69.33009183, 22.38330615 ], [ 69.32520032, 22.38364947 ], [ 69.32314062, 22.38220263 ], [ 69.32266498, 22.38068914 ], [ 69.32269025, 22.38029253 ], [ 69.32821214, 22.37502635 ], [ 69.33077824, 22.37468076 ], [ 69.33310592, 22.37250948 ], [ 69.33347654, 22.37260342 ], [ 69.3336637, 22.37691855 ], [ 69.33645201, 22.37769365 ], [ 69.34040988, 22.38160765 ], [ 69.33977342, 22.38673985 ], [ 69.33762801, 22.38714576 ], [ 69.33545327, 22.38887775 ], [ 69.33514881, 22.38897908 ], [ 69.33388794, 22.38798487 ] ], [ [ 69.19445336, 22.37263191 ], [ 69.19006705, 22.36911917 ], [ 69.19291425, 22.36906815 ], [ 69.1949743, 22.36780226 ], [ 69.19622385, 22.37097228 ], [ 69.19622827, 22.37181127 ], [ 69.195261, 22.37441051 ], [ 69.19495165, 22.37446845 ], [ 69.19445336, 22.37263191 ] ], [ [ 69.21341574, 22.38456726 ], [ 69.21299827, 22.38473213 ], [ 69.21254635, 22.38435912 ], [ 69.21350896, 22.38246596 ], [ 69.21384835, 22.38229156 ], [ 69.21441865, 22.38251185 ], [ 69.21516097, 22.38369465 ], [ 69.21341574, 22.38456726 ] ], [ [ 69.20234966, 22.38659525 ], [ 69.20177901, 22.38747966 ], [ 69.19963467, 22.38675976 ], [ 69.19949496, 22.38446236 ], [ 69.19993067, 22.38434887 ], [ 69.20049715, 22.38476038 ], [ 69.20234966, 22.38659525 ] ], [ [ 69.18514955, 22.3638519 ], [ 69.18542051, 22.36410856 ], [ 69.18570375, 22.36633384 ], [ 69.18549347, 22.36684501 ], [ 69.18392491, 22.36739314 ], [ 69.18329775, 22.36749172 ], [ 69.1827054, 22.36704683 ], [ 69.18416977, 22.36449563 ], [ 69.18514955, 22.3638519 ] ], [ [ 69.43987346, 22.35645807 ], [ 69.43762553, 22.35424137 ], [ 69.45005667, 22.35075486 ], [ 69.45367098, 22.35080695 ], [ 69.45829582, 22.35228646 ], [ 69.45853603, 22.35289884 ], [ 69.45710385, 22.35525882 ], [ 69.45521605, 22.35646391 ], [ 69.45311701, 22.35765851 ], [ 69.45066643, 22.35800695 ], [ 69.44843495, 22.35700095 ], [ 69.44673586, 22.35635591 ], [ 69.43987346, 22.35645807 ] ], [ [ 69.31036115, 22.30616796 ], [ 69.30952156, 22.30421615 ], [ 69.31196237, 22.30331898 ], [ 69.31036115, 22.30616796 ] ], [ [ 70.42968047, 22.90083444 ], [ 70.42863286, 22.90579903 ], [ 70.42535985, 22.89801002 ], [ 70.42531681, 22.89732635 ], [ 70.42590547, 22.89710855 ], [ 70.42968047, 22.90083444 ] ], [ [ 70.38118327, 22.94310963 ], [ 70.38393867, 22.94466913 ], [ 70.38571513, 22.94653726 ], [ 70.38728726, 22.94882298 ], [ 70.38730264, 22.95128965 ], [ 70.39327633, 22.96267927 ], [ 70.39341915, 22.96307278 ], [ 70.39392376, 22.96597457 ], [ 70.39486432, 22.98756802 ], [ 70.3945291, 22.99511707 ], [ 70.39229035, 22.99776781 ], [ 70.38298786, 22.99761522 ], [ 70.38711643, 22.99823964 ], [ 70.39390981, 23.00158215 ], [ 70.39630032, 23.01598811 ], [ 70.39664865, 23.02433991 ], [ 70.39577281, 23.02734375 ], [ 70.39584446, 23.02734375 ], [ 70.39517724, 23.02916992 ], [ 70.39481544, 23.02975535 ], [ 70.393278, 23.03062475 ], [ 70.39172924, 23.03122056 ], [ 70.38660908, 23.03127945 ], [ 70.38168085, 23.03358781 ], [ 70.37742054, 23.03335607 ], [ 70.37107694, 23.03434801 ], [ 70.36704445, 23.03574455 ], [ 70.36576176, 23.03783357 ], [ 70.36500883, 23.04068947 ], [ 70.36550522, 23.04439306 ], [ 70.3683207, 23.04971397 ], [ 70.37290275, 23.05191231 ], [ 70.37653768, 23.05627501 ], [ 70.37657738, 23.05851161 ], [ 70.37193346, 23.06240964 ], [ 70.37103415, 23.06847715 ], [ 70.37387907, 23.07511413 ], [ 70.38005185, 23.08300698 ], [ 70.37937713, 23.08719838 ], [ 70.37051892, 23.09496987 ], [ 70.36607432, 23.10098875 ], [ 70.36520255, 23.10309613 ], [ 70.36323416, 23.10488105 ], [ 70.35986125, 23.10581136 ], [ 70.35081804, 23.1065675 ], [ 70.34753346, 23.10285115 ], [ 70.34196866, 23.10050821 ], [ 70.33162594, 23.10203075 ], [ 70.32700706, 23.10208976 ], [ 70.32160294, 23.10052586 ], [ 70.3125, 23.10100436 ], [ 70.31097555, 23.10085583 ], [ 70.30968106, 23.0996052 ], [ 70.30559266, 23.09826982 ], [ 70.30455625, 23.09826982 ], [ 70.30234516, 23.09862816 ], [ 70.29898024, 23.10069573 ], [ 70.29322231, 23.10159183 ], [ 70.28925514, 23.10594726 ], [ 70.2793926, 23.09828877 ], [ 70.27193904, 23.09711683 ], [ 70.26413584, 23.09344137 ], [ 70.26207912, 23.09129465 ], [ 70.25897741, 23.09118152 ], [ 70.24933386, 23.08624601 ], [ 70.23814416, 23.08286107 ], [ 70.23078024, 23.07913888 ], [ 70.23048365, 23.07887423 ], [ 70.22522306, 23.07070863 ], [ 70.22607386, 23.05320406 ], [ 70.22471941, 23.05024231 ], [ 70.22478235, 23.04956675 ], [ 70.22938526, 23.03944755 ], [ 70.23048854, 23.03555632 ], [ 70.23158002, 23.02734375 ], [ 70.23420823, 23.0121783 ], [ 70.23428011, 23.01137698 ], [ 70.23235261, 22.99733615 ], [ 70.23228824, 22.9901818 ], [ 70.23310184, 22.98678136 ], [ 70.23648596, 22.97961235 ], [ 70.23653245, 22.97954631 ], [ 70.24230695, 22.97755802 ], [ 70.24266291, 22.97737002 ], [ 70.24880564, 22.97308946 ], [ 70.25186944, 22.97261035 ], [ 70.26238275, 22.96319854 ], [ 70.26565814, 22.96204925 ], [ 70.26578724, 22.95995414 ], [ 70.26901674, 22.95553947 ], [ 70.27127695, 22.95489562 ], [ 70.27448535, 22.95179963 ], [ 70.27571702, 22.95252061 ], [ 70.27908945, 22.95077467 ], [ 70.27994216, 22.94867694 ], [ 70.29067814, 22.94482732 ], [ 70.30656195, 22.95112741 ], [ 70.3073616, 22.95057583 ], [ 70.30622387, 22.94810557 ], [ 70.30635095, 22.94662821 ], [ 70.30678141, 22.94549966 ], [ 70.31010771, 22.94154811 ], [ 70.3125, 22.94196415 ], [ 70.31291854, 22.94199491 ], [ 70.31682885, 22.93908763 ], [ 70.32243061, 22.93672752 ], [ 70.32393634, 22.93617165 ], [ 70.34024155, 22.93129802 ], [ 70.34236073, 22.93089604 ], [ 70.34694016, 22.93028724 ], [ 70.35050392, 22.9308331 ], [ 70.36347926, 22.93541586 ], [ 70.38118327, 22.94310963 ] ], [ [ 70.27823174, 23.11544263 ], [ 70.27814651, 23.1159234 ], [ 70.2719475, 23.11711586 ], [ 70.27144384, 23.11721706 ], [ 70.26957226, 23.11651647 ], [ 70.26925075, 23.11614585 ], [ 70.26631451, 23.10787988 ], [ 70.2652626, 23.10656345 ], [ 70.26140726, 23.10380125 ], [ 70.25642395, 23.10262525 ], [ 70.25316298, 23.09933627 ], [ 70.24959803, 23.09722257 ], [ 70.24839985, 23.09674525 ], [ 70.23931777, 23.09595263 ], [ 70.22776723, 23.09012985 ], [ 70.22354865, 23.09009326 ], [ 70.22112405, 23.08897722 ], [ 70.21865678, 23.08693755 ], [ 70.2180016, 23.08608985 ], [ 70.21494305, 23.07625997 ], [ 70.21499217, 23.07372701 ], [ 70.21790588, 23.07052076 ], [ 70.21951783, 23.07065415 ], [ 70.22012877, 23.07115507 ], [ 70.22472501, 23.07913554 ], [ 70.23050976, 23.08366692 ], [ 70.24385226, 23.0895344 ], [ 70.25052774, 23.09045804 ], [ 70.27278495, 23.10259116 ], [ 70.27823174, 23.11544263 ] ], [ [ 70.21940255, 23.09458327 ], [ 70.22033727, 23.09874356 ], [ 70.21993482, 23.09946704 ], [ 70.21954584, 23.09957755 ], [ 70.21722996, 23.09874964 ], [ 70.21164048, 23.09197915 ], [ 70.21094441, 23.09099257 ], [ 70.21011341, 23.08828127 ], [ 70.21055734, 23.08743191 ], [ 70.21226025, 23.08629465 ], [ 70.21248138, 23.08650064 ], [ 70.21725667, 23.09169984 ], [ 70.21891153, 23.09338987 ], [ 70.21940255, 23.09458327 ] ], [ [ 70.22229815, 23.09672272 ], [ 70.22553766, 23.09870052 ], [ 70.22592151, 23.09914637 ], [ 70.22541761, 23.10089016 ], [ 70.22137487, 23.09668005 ], [ 70.22229815, 23.09672272 ] ], [ [ 70.29750741, 23.10271251 ], [ 70.29759026, 23.10391676 ], [ 70.29670036, 23.10861564 ], [ 70.29613864, 23.10903835 ], [ 70.29508924, 23.1092242 ], [ 70.29086781, 23.10618091 ], [ 70.29386282, 23.10247195 ], [ 70.29611874, 23.10229266 ], [ 70.29750741, 23.10271251 ] ], [ [ 70.30307066, 23.09971845 ], [ 70.30448401, 23.09940076 ], [ 70.30505621, 23.09951246 ], [ 70.31204534, 23.10295761 ], [ 70.3125, 23.10295761 ], [ 70.31925428, 23.10354567 ], [ 70.32400823, 23.10515785 ], [ 70.32598674, 23.10541976 ], [ 70.34599614, 23.10490561 ], [ 70.34849715, 23.10843682 ], [ 70.34896016, 23.11052763 ], [ 70.34943402, 23.11516201 ], [ 70.3477931, 23.11776066 ], [ 70.34653544, 23.11804235 ], [ 70.34557593, 23.1179229 ], [ 70.33659041, 23.11474907 ], [ 70.33099306, 23.11656415 ], [ 70.31396222, 23.11516631 ], [ 70.3125, 23.11467636 ], [ 70.30810535, 23.11135721 ], [ 70.30628705, 23.11052024 ], [ 70.29897857, 23.10980356 ], [ 70.29797292, 23.10894763 ], [ 70.29800367, 23.10837555 ], [ 70.30040967, 23.10167992 ], [ 70.30307066, 23.09971845 ] ], [ [ 70.37168574, 23.09634912 ], [ 70.38003492, 23.08966875 ], [ 70.38247645, 23.08579862 ], [ 70.38204098, 23.08140981 ], [ 70.38154376, 23.08043063 ], [ 70.37769926, 23.07659781 ], [ 70.37578237, 23.07351434 ], [ 70.37439895, 23.07030582 ], [ 70.37344933, 23.06704426 ], [ 70.37344778, 23.06459355 ], [ 70.37501216, 23.06231618 ], [ 70.37685013, 23.06037164 ], [ 70.37948942, 23.05930304 ], [ 70.37996793, 23.05923045 ], [ 70.38778615, 23.05949426 ], [ 70.39449596, 23.06415832 ], [ 70.39809275, 23.06414485 ], [ 70.39890742, 23.06385934 ], [ 70.40229046, 23.06125867 ], [ 70.40248024, 23.06094635 ], [ 70.40516043, 23.05279982 ], [ 70.40503335, 23.05209672 ], [ 70.40248013, 23.04252493 ], [ 70.39862847, 23.03903544 ], [ 70.39789355, 23.03635836 ], [ 70.40224504, 23.02916431 ], [ 70.40655386, 23.03452301 ], [ 70.41278851, 23.03946257 ], [ 70.41905415, 23.04736447 ], [ 70.43742585, 23.06207573 ], [ 70.44595933, 23.06486428 ], [ 70.47109365, 23.06838882 ], [ 70.48119605, 23.07209277 ], [ 70.48488748, 23.07738233 ], [ 70.48649478, 23.08602405 ], [ 70.49002016, 23.09398305 ], [ 70.50348318, 23.11531675 ], [ 70.52311015, 23.13049054 ], [ 70.52763605, 23.13551831 ], [ 70.53076565, 23.14119434 ], [ 70.53385711, 23.14414084 ], [ 70.53470922, 23.14467561 ], [ 70.54434943, 23.15080905 ], [ 70.55253231, 23.16113281 ], [ 70.55276895, 23.16447961 ], [ 70.55150104, 23.16647994 ], [ 70.54758334, 23.16804731 ], [ 70.54696536, 23.16810465 ], [ 70.52298295, 23.16604495 ], [ 70.51479316, 23.16873884 ], [ 70.50643897, 23.16903186 ], [ 70.50160718, 23.16579032 ], [ 70.49911475, 23.16165924 ], [ 70.49640632, 23.1504426 ], [ 70.49176455, 23.14934456 ], [ 70.49053395, 23.14934695 ], [ 70.48417246, 23.15171385 ], [ 70.47685957, 23.15242505 ], [ 70.47303247, 23.1544944 ], [ 70.46267736, 23.15713942 ], [ 70.4615283, 23.15779555 ], [ 70.45293105, 23.16514885 ], [ 70.44950914, 23.16736186 ], [ 70.44515252, 23.16932464 ], [ 70.44377923, 23.16961515 ], [ 70.44118261, 23.16915631 ], [ 70.43674445, 23.16740561 ], [ 70.43089604, 23.16235554 ], [ 70.42232943, 23.15793121 ], [ 70.40973294, 23.15660143 ], [ 70.40088367, 23.15773475 ], [ 70.38717484, 23.15181506 ], [ 70.37389553, 23.15412748 ], [ 70.37356913, 23.15399778 ], [ 70.37023115, 23.15062523 ], [ 70.36999512, 23.1479671 ], [ 70.36004364, 23.13046801 ], [ 70.35365462, 23.12293923 ], [ 70.35193384, 23.11676085 ], [ 70.35167193, 23.11344063 ], [ 70.35202515, 23.10999167 ], [ 70.35344446, 23.10815644 ], [ 70.35375643, 23.10799563 ], [ 70.36480415, 23.10543931 ], [ 70.37168574, 23.09634912 ] ], [ [ 70.46595526, 23.15834832 ], [ 70.46390176, 23.15881145 ], [ 70.45686853, 23.16726983 ], [ 70.45664275, 23.16443765 ], [ 70.46144474, 23.15885496 ], [ 70.46441042, 23.15757358 ], [ 70.46482575, 23.15739632 ], [ 70.46595526, 23.15834832 ] ], [ [ 70.46452343, 23.05578101 ], [ 70.46310306, 23.05473685 ], [ 70.46043193, 23.05175686 ], [ 70.45984948, 23.05060506 ], [ 70.45960152, 23.04747653 ], [ 70.45847714, 23.0496608 ], [ 70.45649886, 23.04752803 ], [ 70.45336902, 23.04281962 ], [ 70.44676054, 23.02734375 ], [ 70.44694757, 23.02734375 ], [ 70.44641948, 23.02525234 ], [ 70.44701266, 23.02513266 ], [ 70.45048225, 23.02561295 ], [ 70.45151114, 23.02644086 ], [ 70.45209527, 23.02734375 ], [ 70.45221567, 23.02734375 ], [ 70.46008313, 23.04274893 ], [ 70.46605051, 23.04767895 ], [ 70.4794327, 23.05815005 ], [ 70.48246384, 23.06278133 ], [ 70.48225057, 23.06526995 ], [ 70.47705066, 23.06331515 ], [ 70.46973813, 23.05808616 ], [ 70.46452343, 23.05578101 ] ], [ [ 70.43978977, 23.02734375 ], [ 70.43982196, 23.02773166 ], [ 70.44895065, 23.05062282 ], [ 70.44847775, 23.05171406 ], [ 70.44497538, 23.05002737 ], [ 70.44282305, 23.04804134 ], [ 70.42968714, 23.03332531 ], [ 70.4293611, 23.03302026 ], [ 70.42160547, 23.02734375 ], [ 70.42090595, 23.02734375 ], [ 70.41468251, 23.01918983 ], [ 70.41446924, 23.01880932 ], [ 70.41245925, 23.01230276 ], [ 70.41067827, 22.99877512 ], [ 70.41365814, 22.99015415 ], [ 70.41396165, 22.98992872 ], [ 70.41560757, 22.99020755 ], [ 70.42025864, 22.99459207 ], [ 70.42942154, 23.00548673 ], [ 70.43718517, 23.01964033 ], [ 70.43998301, 23.02734375 ], [ 70.43978977, 23.02734375 ] ], [ [ 70.43449914, 22.98213232 ], [ 70.43376923, 22.98074365 ], [ 70.43274403, 22.97875333 ], [ 70.43304181, 22.97854972 ], [ 70.43849754, 22.9780395 ], [ 70.45097995, 22.98579144 ], [ 70.45428801, 22.98955977 ], [ 70.45507753, 22.99516952 ], [ 70.43576026, 22.98331976 ], [ 70.43449914, 22.98213232 ] ], [ [ 70.43340445, 23.04820335 ], [ 70.43015623, 23.04674256 ], [ 70.42932975, 23.04624105 ], [ 70.42011094, 23.03718054 ], [ 70.41558743, 23.02873886 ], [ 70.41524112, 23.02734375 ], [ 70.41515255, 23.02734375 ], [ 70.41458404, 23.02400506 ], [ 70.41483152, 23.02264655 ], [ 70.41531014, 23.02271092 ], [ 70.41969466, 23.02734375 ], [ 70.41978705, 23.02734375 ], [ 70.42184806, 23.02928913 ], [ 70.42977715, 23.03480411 ], [ 70.44128466, 23.04750705 ], [ 70.44143307, 23.04932475 ], [ 70.43340445, 23.04820335 ] ], [ [ 70.45062077, 23.05010867 ], [ 70.45117044, 23.05037892 ], [ 70.45168197, 23.05079007 ], [ 70.45198143, 23.05117762 ], [ 70.45217395, 23.05150545 ], [ 70.45236456, 23.05180275 ], [ 70.45264101, 23.05205464 ], [ 70.45291567, 23.05221784 ], [ 70.45311093, 23.05238342 ], [ 70.45323932, 23.05260384 ], [ 70.45331383, 23.05282521 ], [ 70.45304024, 23.05305457 ], [ 70.45202112, 23.05220842 ], [ 70.45181978, 23.05213845 ], [ 70.45168531, 23.05201721 ], [ 70.45158017, 23.05184984 ], [ 70.45135713, 23.05165017 ], [ 70.45091581, 23.05130458 ], [ 70.45038056, 23.05073071 ], [ 70.45023942, 23.05001867 ], [ 70.45062077, 23.05010867 ] ], [ [ 70.4582901, 23.05555403 ], [ 70.45909226, 23.05620444 ], [ 70.45917106, 23.05730236 ], [ 70.45891237, 23.05744684 ], [ 70.45517564, 23.05622184 ], [ 70.44978452, 23.05234158 ], [ 70.45670021, 23.05489683 ], [ 70.4582901, 23.05555403 ] ], [ [ 70.46114886, 23.05548728 ], [ 70.46823442, 23.05880141 ], [ 70.46965325, 23.06051946 ], [ 70.46943355, 23.06095123 ], [ 70.46752906, 23.06062567 ], [ 70.46151173, 23.05762517 ], [ 70.46019578, 23.05616522 ], [ 70.46078932, 23.0552783 ], [ 70.46114886, 23.05548728 ] ], [ [ 70.44666231, 23.05831218 ], [ 70.44923365, 23.05792773 ], [ 70.45219433, 23.05933261 ], [ 70.45239615, 23.06015921 ], [ 70.45213103, 23.06043005 ], [ 70.44666231, 23.05831218 ] ], [ [ 70.39277303, 23.04572952 ], [ 70.39259708, 23.04977775 ], [ 70.39266562, 23.05049014 ], [ 70.39763093, 23.05548871 ], [ 70.39819384, 23.05721235 ], [ 70.39864504, 23.05886698 ], [ 70.39916706, 23.06186378 ], [ 70.39690947, 23.06310785 ], [ 70.38973117, 23.05878782 ], [ 70.38356864, 23.05884325 ], [ 70.37928915, 23.05708754 ], [ 70.37662745, 23.05306923 ], [ 70.36831021, 23.04502594 ], [ 70.36682522, 23.04226863 ], [ 70.36763036, 23.03775215 ], [ 70.37621486, 23.03492343 ], [ 70.38285232, 23.03514195 ], [ 70.38844585, 23.0327363 ], [ 70.39361811, 23.03386223 ], [ 70.39490271, 23.03846383 ], [ 70.39490592, 23.04197001 ], [ 70.39277303, 23.04572952 ] ], [ [ 70.40067363, 23.04230475 ], [ 70.40155864, 23.04339492 ], [ 70.40197384, 23.04423654 ], [ 70.40395594, 23.05241871 ], [ 70.40359485, 23.05441415 ], [ 70.40265667, 23.05642605 ], [ 70.40054595, 23.05829346 ], [ 70.39980614, 23.05565405 ], [ 70.39532971, 23.05288911 ], [ 70.39376914, 23.05035365 ], [ 70.39489007, 23.04952872 ], [ 70.39423156, 23.04590344 ], [ 70.39760995, 23.04102886 ], [ 70.40067363, 23.04230475 ] ], [ [ 70.43211782, 22.92635334 ], [ 70.43337095, 22.92614007 ], [ 70.43622923, 22.92635334 ], [ 70.44221938, 22.93074214 ], [ 70.44554102, 22.93077111 ], [ 70.44749284, 22.93020535 ], [ 70.44781065, 22.92998147 ], [ 70.4513725, 22.92311311 ], [ 70.451828, 22.9226222 ], [ 70.45685375, 22.91919506 ], [ 70.45705283, 22.91873991 ], [ 70.45660257, 22.91441536 ], [ 70.45414793, 22.91179454 ], [ 70.45087826, 22.90167046 ], [ 70.44641507, 22.89460182 ], [ 70.44540715, 22.89207351 ], [ 70.44592392, 22.89036882 ], [ 70.45168352, 22.88910925 ], [ 70.45675373, 22.88664413 ], [ 70.46284926, 22.89105821 ], [ 70.46927846, 22.89323962 ], [ 70.46956253, 22.89350581 ], [ 70.47510231, 22.90849614 ], [ 70.48025668, 22.91364396 ], [ 70.48043895, 22.91611373 ], [ 70.47299898, 22.92176306 ], [ 70.47090173, 22.93276918 ], [ 70.47119606, 22.94094563 ], [ 70.46249473, 22.94562125 ], [ 70.45804524, 22.94481015 ], [ 70.45786905, 22.94517362 ], [ 70.44954133, 22.95469487 ], [ 70.4446913, 22.95594466 ], [ 70.43722904, 22.96090484 ], [ 70.43393922, 22.96146405 ], [ 70.43086004, 22.95819247 ], [ 70.42613184, 22.94257307 ], [ 70.42643905, 22.93854761 ], [ 70.42657685, 22.93816781 ], [ 70.42885184, 22.93253851 ], [ 70.43093073, 22.92764676 ], [ 70.43211782, 22.92635334 ] ], [ [ 70.47836566, 22.92119968 ], [ 70.47900343, 22.92229545 ], [ 70.48108542, 22.93336356 ], [ 70.48095644, 22.93397892 ], [ 70.47920811, 22.93606675 ], [ 70.47400415, 22.93866146 ], [ 70.47164333, 22.93472707 ], [ 70.47156465, 22.93395436 ], [ 70.47182727, 22.93234503 ], [ 70.47441435, 22.92540646 ], [ 70.47450495, 22.9219563 ], [ 70.47567177, 22.9211446 ], [ 70.47773814, 22.92106104 ], [ 70.47836566, 22.92119968 ] ], [ [ 69.63562667, 22.77947474 ], [ 69.63541937, 22.77777565 ], [ 69.63569462, 22.77658248 ], [ 69.63733482, 22.77566767 ], [ 69.63771725, 22.77584445 ], [ 69.63726521, 22.77882743 ], [ 69.6369853, 22.77933133 ], [ 69.63601887, 22.77977323 ], [ 69.63562667, 22.77947474 ] ], [ [ 68.60855556, 23.22367227 ], [ 68.609061, 23.22245204 ], [ 68.60972178, 23.22219944 ], [ 68.61296034, 23.22120345 ], [ 68.61369205, 23.2219125 ], [ 68.61368156, 23.2222054 ], [ 68.61283386, 23.22379017 ], [ 68.61169505, 23.22786534 ], [ 68.60968411, 23.23057902 ], [ 68.60919321, 23.23083115 ], [ 68.60461783, 23.2304399 ], [ 68.60422802, 23.23021364 ], [ 68.60347152, 23.228338 ], [ 68.60345328, 23.22631454 ], [ 68.60380864, 23.2252866 ], [ 68.60564625, 23.22291684 ], [ 68.60640371, 23.22255194 ], [ 68.6073333, 23.22248793 ], [ 68.60855556, 23.22367227 ] ], [ [ 68.63436043, 23.22805524 ], [ 68.63363707, 23.22671413 ], [ 68.63424838, 23.22558916 ], [ 68.63509464, 23.22531748 ], [ 68.63659596, 23.22667587 ], [ 68.63753223, 23.22893262 ], [ 68.63715565, 23.22929311 ], [ 68.63642383, 23.22945964 ], [ 68.63436043, 23.22805524 ] ], [ [ 68.63145256, 23.22874737 ], [ 68.63153195, 23.22808135 ], [ 68.63223875, 23.22743583 ], [ 68.63255823, 23.22744215 ], [ 68.63351858, 23.22822475 ], [ 68.63360882, 23.22871387 ], [ 68.63272071, 23.22930014 ], [ 68.63206601, 23.22937965 ], [ 68.63145256, 23.22874737 ] ], [ [ 68.65797615, 23.27083075 ], [ 68.65707052, 23.26940501 ], [ 68.65736914, 23.26878881 ], [ 68.66032863, 23.26800942 ], [ 68.65908825, 23.26948166 ], [ 68.6586076, 23.27109313 ], [ 68.65797615, 23.27083075 ] ], [ [ 68.70868528, 23.30779803 ], [ 68.70683551, 23.30902016 ], [ 68.70873845, 23.30939686 ], [ 68.70823681, 23.31013012 ], [ 68.70695758, 23.31097186 ], [ 68.70380294, 23.31169117 ], [ 68.70343006, 23.31023526 ], [ 68.70020604, 23.30981982 ], [ 68.70008004, 23.30944753 ], [ 68.70764804, 23.30658865 ], [ 68.70825124, 23.30634618 ], [ 68.70868528, 23.30779803 ] ], [ [ 68.58628845, 23.37890625 ], [ 68.58619571, 23.37995398 ], [ 68.58546543, 23.38083696 ], [ 68.58101201, 23.3845396 ], [ 68.57902443, 23.38528347 ], [ 68.5782119, 23.38478374 ], [ 68.57866323, 23.3835957 ], [ 68.58350146, 23.38041568 ], [ 68.58361316, 23.38009524 ], [ 68.58325005, 23.37890625 ], [ 68.58322525, 23.37890625 ], [ 68.58329046, 23.37873185 ], [ 68.58443975, 23.37890625 ], [ 68.58673048, 23.37569213 ], [ 68.58742464, 23.37729275 ], [ 68.58656478, 23.37890625 ], [ 68.58628845, 23.37890625 ] ] ] } }
]
}
